product_id,target_band,target_band_name_primary,target_wavelength_nm_primary,dx_px_primary,dy_px_primary,shift_px_primary,response_primary,corr_before_primary,corr_after_primary,corr_gain_primary,status_primary,error_primary,exceeds_plausibility_flag_primary,target_band_name_check,target_wavelength_nm_check,dx_px_check,dy_px_check,shift_px_check,response_check,corr_before_check,corr_after_check,corr_gain_check,status_check,error_check,exceeds_plausibility_flag_check,target_band_name,target_wavelength_nm,primary_max_side,check_max_side,scale_delta_dx_px,scale_delta_dy_px,scale_delta_px,scale_pair_available,sample_order,stratum,stratum_population_n,stratum_sample_n,inclusion_probability,design_weight,start_datetime,center_lon,center_lat,time_bin,lat_band,lon_band,source_identifier
1295,0,PAN,625,-1725.5008480240326,-978.5968654526114,1983.6847031737004,-0.0001916534165502,0.5263133313867316,0.3038270625200911,-0.2224862688666405,ok,,True,PAN,625,-65.36394806062162,-15.308434573679731,67.1326587822073,0.0354568332550115,0.556140424332311,0.5694385217138604,0.0132980973815494,ok,,False,PAN,625,4096,2048,-1660.136899963411,-963.2884308789316,1919.3694609650636,True,1,T0_A0_L3,25,1,0.04,25.0,2024-08-29 00:20:27+00:00,123.953724514,-74.86373352,0,0,3,phisat_PHISAT-2_L1_000001295_20240829002027_20240829002036_B5E60397.zip
1295,1,MS1,490,-9.065065717116797,124.09851204085383,124.42916100018353,-0.0008207290375139,0.7213645520783615,0.6779323628442411,-0.0434321892341204,ok,,True,MS1,490,709.617680482808,-102.66428461523492,717.005723679636,-0.0054075366278993,0.8044493802638695,0.6311711167847555,-0.173278263479114,ok,,True,MS1,490,4096,2048,-718.6827461999248,226.76279665608877,753.6088213607616,True,1,T0_A0_L3,25,1,0.04,25.0,2024-08-29 00:20:27+00:00,123.953724514,-74.86373352,0,0,3,phisat_PHISAT-2_L1_000001295_20240829002027_20240829002036_B5E60397.zip
1295,2,MS2,560,-762.1501426930081,-565.7425155415294,949.1772405079204,0.0010452448186697,0.7020397853757477,0.4261610379816475,-0.2758787473941002,ok,,True,MS2,560,588.0568514592219,291.5246033535632,656.3516244427111,0.0020296820584917,0.7625054085361631,0.662195731988443,-0.1003096765477201,ok,,True,MS2,560,4096,2048,-1350.20699415223,-857.2671188950926,1599.3641987353265,True,1,T0_A0_L3,25,1,0.04,25.0,2024-08-29 00:20:27+00:00,123.953724514,-74.86373352,0,0,3,phisat_PHISAT-2_L1_000001295_20240829002027_20240829002036_B5E60397.zip
1295,4,MS4,705,-374.3267857311389,-99.5736576163804,387.3441051660785,0.0009975872089853,0.6075570676304403,0.5441851411717137,-0.0633719264587265,ok,,True,MS4,705,-690.8340906092312,479.5948185152413,840.9892571814165,0.0007668150283279,0.6669964180842558,0.398528218947792,-0.2684681991364637,ok,,True,MS4,705,4096,2048,316.5073048780923,-579.1684761316217,660.0098467339851,True,1,T0_A0_L3,25,1,0.04,25.0,2024-08-29 00:20:27+00:00,123.953724514,-74.86373352,0,0,3,phisat_PHISAT-2_L1_000001295_20240829002027_20240829002036_B5E60397.zip
1295,5,MS5,740,-175.21037247304548,-46.43001854360136,181.2578860190709,0.0038549396776943,0.6278224737921954,0.6282363055599651,0.0004138317677697,ok,,True,MS5,740,-14.246478755779208,39.161120966164845,41.67199961923431,0.0172762997390236,0.6914666963044872,0.7207575817133411,0.0292908854088539,ok,,False,MS5,740,4096,2048,-160.96389371726627,-85.59113950976621,182.3052885771657,True,1,T0_A0_L3,25,1,0.04,25.0,2024-08-29 00:20:27+00:00,123.953724514,-74.86373352,0,0,3,phisat_PHISAT-2_L1_000001295_20240829002027_20240829002036_B5E60397.zip
1295,6,MS6,783,-221.2478944768696,-353.28654307621946,416.8477087968621,0.0012875906140834,0.6313745823753122,0.4056935224619398,-0.2256810599133724,ok,,True,MS6,783,217.0248907518888,-166.358762496468,273.4502533647125,-0.0004666750028263,0.6913700820535696,0.6291469033613427,-0.0622231786922269,ok,,True,MS6,783,4096,2048,-438.2727852287584,-186.92778057975147,476.4714361057177,True,1,T0_A0_L3,25,1,0.04,25.0,2024-08-29 00:20:27+00:00,123.953724514,-74.86373352,0,0,3,phisat_PHISAT-2_L1_000001295_20240829002027_20240829002036_B5E60397.zip
1295,7,MS7,842,313.3411926617196,84.13094336766562,324.4390831120724,-0.0013610585592687,0.8188448381270959,0.76571417531138,-0.0531306628157158,ok,,True,MS7,842,-13.62631226099802,-16.67946241521895,21.53789340429854,0.0495162899023853,0.86779891064987,0.8769718327030568,0.0091729220531867,ok,,False,MS7,842,4096,2048,326.96750492271764,100.81040578288457,342.1556476071924,True,1,T0_A0_L3,25,1,0.04,25.0,2024-08-29 00:20:27+00:00,123.953724514,-74.86373352,0,0,3,phisat_PHISAT-2_L1_000001295_20240829002027_20240829002036_B5E60397.zip
1309,0,PAN,625,,,,,,,,failed,ValueError: Registration image has near-zero variance.,False,PAN,625,,,,,,,,failed,ValueError: Registration image has near-zero variance.,False,PAN,625,4096,2048,,,,False,2,T0_A1_L2,5,1,0.2,5.0,2024-09-16 09:36:51+00:00,12.172203886,-16.482034464,0,1,2,phisat_PHISAT-2_L1_000001309_20240916093651_20240916093701_D038159D.zip
1309,1,MS1,490,-1.024575111426202,-0.0105080609573633,1.0246289954413246,0.2520661153830588,0.706383489672733,0.7058016491770871,-0.0005818404956459,ok,,False,MS1,490,-1.5174045093599489,0.4657751766578712,1.5872816259935028,0.4806757324840873,0.7098959561158049,0.7095632568822632,-0.0003326992335417,ok,,False,MS1,490,4096,2048,0.4928293979337468,-0.4762832376152345,0.6853659882872721,True,2,T0_A1_L2,5,1,0.2,5.0,2024-09-16 09:36:51+00:00,12.172203886,-16.482034464,0,1,2,phisat_PHISAT-2_L1_000001309_20240916093651_20240916093701_D038159D.zip
1309,2,MS2,560,-0.033108194714714,0.0727750859084608,0.0799522713013912,0.5684218853712082,0.9846429571290244,0.9847110769354408,6.811980641663329e-05,ok,,False,MS2,560,-0.0270730147790345,0.1522357939556968,0.1546243353762505,0.9211164539883612,0.9857312247510054,0.9856679579257204,-6.326682528501326e-05,ok,,False,MS2,560,4096,2048,-0.006035179935679497,-0.07946070804723601,0.07968956970786144,True,2,T0_A1_L2,5,1,0.2,5.0,2024-09-16 09:36:51+00:00,12.172203886,-16.482034464,0,1,2,phisat_PHISAT-2_L1_000001309_20240916093651_20240916093701_D038159D.zip
1309,4,MS4,705,1.0218600500186312,-0.0021110399843564,1.021862230593682,0.3813470918685198,0.9866885251862296,0.9870034285526448,0.0003149033664151,ok,,False,MS4,705,1.22766929177169,-0.0454645372919912,1.228510852255843,0.7266008398728445,0.9884753404194256,0.988997527522152,0.0005221871027263,ok,,False,MS4,705,4096,2048,-0.2058092417530588,0.043353497307634804,0.2103258655509876,True,2,T0_A1_L2,5,1,0.2,5.0,2024-09-16 09:36:51+00:00,12.172203886,-16.482034464,0,1,2,phisat_PHISAT-2_L1_000001309_20240916093651_20240916093701_D038159D.zip
1309,5,MS5,740,0.9540416566992462,-0.1974866188511441,0.974267133461198,0.4661782821640372,0.981398123693684,0.9827243325518042,0.0013262088581202,ok,,False,MS5,740,0.4274583655844708,-0.5677232123671274,0.710654838982046,0.9183742466848344,0.9833838980573972,0.9839683659110784,0.000584467853681,ok,,False,MS5,740,4096,2048,0.5265832911147754,0.3702365935159833,0.6437119679325434,True,2,T0_A1_L2,5,1,0.2,5.0,2024-09-16 09:36:51+00:00,12.172203886,-16.482034464,0,1,2,phisat_PHISAT-2_L1_000001309_20240916093651_20240916093701_D038159D.zip
1309,6,MS6,783,2.889808865531677,0.8126847740393259,3.0019080301136523,0.3187137627974152,0.9733794488344408,0.9764758612995752,0.0030964124651345,ok,,False,MS6,783,1.815979760980781,0.0118529874450814,1.816018443079031,0.7639070525765419,0.9753239269904818,0.9774019745456978,0.002078047555216,ok,,False,MS6,783,4096,2048,1.0738291045508959,0.8008317865942445,1.3395672794601652,True,2,T0_A1_L2,5,1,0.2,5.0,2024-09-16 09:36:51+00:00,12.172203886,-16.482034464,0,1,2,phisat_PHISAT-2_L1_000001309_20240916093651_20240916093701_D038159D.zip
1309,7,MS7,842,1.8997335776930413,-0.1114206995630411,1.9029982234635745,0.3740457184612751,0.9068715116793908,0.9071821698715972,0.0003106581922064,ok,,False,MS7,842,1.3234888902966304,-0.04927645619955,1.324405909030231,0.6304150453215698,0.908958398528207,0.9097761310632074,0.0008177325350003,ok,,False,MS7,842,4096,2048,0.5762446873964109,-0.0621442433634911,0.5795859269649394,True,2,T0_A1_L2,5,1,0.2,5.0,2024-09-16 09:36:51+00:00,12.172203886,-16.482034464,0,1,2,phisat_PHISAT-2_L1_000001309_20240916093651_20240916093701_D038159D.zip
1334,0,PAN,625,,,,,,,,failed,ValueError: Registration image has near-zero variance.,False,PAN,625,,,,,,,,failed,ValueError: Registration image has near-zero variance.,False,PAN,625,4096,2048,,,,False,3,T0_A1_L1,2,1,0.5,2.0,2024-10-02 11:28:16+00:00,-9.357523287,19.275854452,0,1,1,phisat_PHISAT-2_L1_000001334_20241002112816_20241002112825_07E22ED4.zip
1334,1,MS1,490,-0.9473461847933322,0.2740492886473475,0.9861885248017236,0.5982069289311767,0.836365507012364,0.8415339669925218,0.0051684599801578,ok,,False,MS1,490,-0.6428755155329782,1.009199183438568,1.1965667220530851,1.011404854245484,0.8626911700913698,0.8670673948303282,0.0043762247389584,ok,,False,MS1,490,4096,2048,-0.30447066926035404,-0.7351498947912205,0.7957058226828496,True,3,T0_A1_L1,2,1,0.5,2.0,2024-10-02 11:28:16+00:00,-9.357523287,19.275854452,0,1,1,phisat_PHISAT-2_L1_000001334_20241002112816_20241002112825_07E22ED4.zip
1334,2,MS2,560,-0.0139144427348583,0.2210515510253117,0.2214890514840804,0.7751238029450178,0.8829304339652468,0.8875133821779526,0.0045829482127057,ok,,False,MS2,560,-0.0286669391743998,0.3143718914159308,0.315676225766304,1.0542223716620356,0.9053711783059688,0.9053772476081712,6.069302202149629e-06,ok,,False,MS2,560,4096,2048,0.014752496439541499,-0.0933203403906191,0.09447921507834248,True,3,T0_A1_L1,2,1,0.5,2.0,2024-10-02 11:28:16+00:00,-9.357523287,19.275854452,0,1,1,phisat_PHISAT-2_L1_000001334_20241002112816_20241002112825_07E22ED4.zip
1334,4,MS4,705,-0.0551195603097767,-1.028755112365161,1.03023067666722,0.692936590872705,0.8878570291523977,0.9049427675069004,0.0170857383545026,ok,,False,MS4,705,-0.2014355008423081,-1.0159851174321377,1.0357615651505832,1.0818646854786491,0.9173640974722662,0.9347030347860394,0.0173389373137732,ok,,False,MS4,705,4096,2048,0.14631594053253139,-0.012769994933023332,0.14687214584293615,True,3,T0_A1_L1,2,1,0.5,2.0,2024-10-02 11:28:16+00:00,-9.357523287,19.275854452,0,1,1,phisat_PHISAT-2_L1_000001334_20241002112816_20241002112825_07E22ED4.zip
1334,5,MS5,740,-0.096012856546622,-1.801608052897791,1.8041646390749408,0.6216403804719448,0.8330869455261634,0.8647241821277817,0.0316372366016183,ok,,False,MS5,740,-0.243074933394837,-1.4760014210487498,1.4958828891938143,1.0666961309034375,0.862526911575001,0.8906088940627047,0.0280819824877036,ok,,False,MS5,740,4096,2048,0.14706207684821498,-0.32560663184904115,0.35727710974954346,True,3,T0_A1_L1,2,1,0.5,2.0,2024-10-02 11:28:16+00:00,-9.357523287,19.275854452,0,1,1,phisat_PHISAT-2_L1_000001334_20241002112816_20241002112825_07E22ED4.zip
1334,6,MS6,783,-1.9569531413640109,-1.052453776864695,2.2220091246282565,0.6343610305339098,0.8204046700953814,0.8692308506142835,0.048826180518902,ok,,False,MS6,783,-1.9036436434721509,-1.1097489437584045,2.203497637735248,1.0430837210733443,0.8473508138903947,0.8968756258733743,0.0495248119829796,ok,,False,MS6,783,4096,2048,-0.053309497891860014,0.05729516689370939,0.0782600710123639,True,3,T0_A1_L1,2,1,0.5,2.0,2024-10-02 11:28:16+00:00,-9.357523287,19.275854452,0,1,1,phisat_PHISAT-2_L1_000001334_20241002112816_20241002112825_07E22ED4.zip
1334,7,MS7,842,-1.0902383866960008,-0.0256111463777415,1.0905391651125056,0.823166485875845,0.3848487630286947,0.3930664516480327,0.008217688619338,ok,,False,MS7,842,-1.1983456112920976,-0.0900631510157836,1.2017252494950428,1.0754207277786918,0.3903475964654925,0.3940873028728339,0.0037397064073413,ok,,False,MS7,842,4096,2048,0.10810722459609678,0.0644520046380421,0.1258619597485003,True,3,T0_A1_L1,2,1,0.5,2.0,2024-10-02 11:28:16+00:00,-9.357523287,19.275854452,0,1,1,phisat_PHISAT-2_L1_000001334_20241002112816_20241002112825_07E22ED4.zip
1369,0,PAN,625,-0.1775881188459607,-0.0694677388737545,0.190691653460447,0.7666035423171706,0.8684170546248193,0.877276322445176,0.0088592678203566,ok,,False,PAN,625,-0.3469175307595833,-0.107680386145148,0.3632448743047788,0.8725625471561216,0.8875202954304564,0.8921358613653744,0.0046155659349179,ok,,False,PAN,625,4096,2048,0.1693294119136226,0.03821264727139349,0.17358760367751266,True,4,T0_A2_L0,24,1,0.0416666666666666,24.0,2024-10-15 18:52:18+00:00,-117.853259276,35.02265484,0,2,0,phisat_PHISAT-2_L1_000001369_20241015185218_20241015185224_0DECCD4F.zip
1369,1,MS1,490,1.6724693809933342,0.5656280201860682,1.7655279345226569,0.6371391335269436,0.8454192249537675,0.8399621994940508,-0.0054570254597167,ok,,False,MS1,490,-0.9795085579594344,0.2419263866042911,1.0089427097963388,0.8837910989532247,0.850414650916369,0.8476718013877231,-0.0027428495286458,ok,,False,MS1,490,4096,2048,2.6519779389527685,0.32370163358177706,2.6716604829722814,True,4,T0_A2_L0,24,1,0.0416666666666666,24.0,2024-10-15 18:52:18+00:00,-117.853259276,35.02265484,0,2,0,phisat_PHISAT-2_L1_000001369_20241015185218_20241015185224_0DECCD4F.zip
1369,2,MS2,560,0.6341830848914469,-0.4526733017032711,0.7791670573358276,1.0275028583128003,0.9332128490184646,0.9373409970659003,0.0041281480474358,ok,,False,MS2,560,-0.0315903550281291,-0.4177787958064982,0.418971446230326,0.9558382005197928,0.938115915164366,0.939223275522735,0.0011073603583688,ok,,False,MS2,560,4096,2048,0.665773439919576,-0.0348945058967729,0.6666872578984282,True,4,T0_A2_L0,24,1,0.0416666666666666,24.0,2024-10-15 18:52:18+00:00,-117.853259276,35.02265484,0,2,0,phisat_PHISAT-2_L1_000001369_20241015185218_20241015185224_0DECCD4F.zip
1369,4,MS4,705,-1.1788807013176663,-1.1579909016436432,1.652483777901826,1.0081334974966012,0.9613706341255648,0.9778767756023788,0.0165061414768141,ok,,False,MS4,705,-1.3347162115505853,-1.3711800635610416,1.913531325085432,0.9552713567391038,0.968974726256732,0.9821825968644172,0.013207870607685,ok,,False,MS4,705,4096,2048,0.15583551023291897,0.21318916191739845,0.264072575267855,True,4,T0_A2_L0,24,1,0.0416666666666666,24.0,2024-10-15 18:52:18+00:00,-117.853259276,35.02265484,0,2,0,phisat_PHISAT-2_L1_000001369_20241015185218_20241015185224_0DECCD4F.zip
1369,5,MS5,740,-0.7813517616154968,-0.8141059932063399,1.1283967137288735,0.9721161401830614,0.9380139518050812,0.9455484619326744,0.0075345101275932,ok,,False,MS5,740,-0.6505703627549337,-0.7574858958605546,0.998512232935958,0.9626439889834728,0.9451542751543202,0.95027299565159,0.0051187204972698,ok,,False,MS5,740,4096,2048,-0.13078139886056306,-0.056620097345785325,0.14251178797338798,True,4,T0_A2_L0,24,1,0.0416666666666666,24.0,2024-10-15 18:52:18+00:00,-117.853259276,35.02265484,0,2,0,phisat_PHISAT-2_L1_000001369_20241015185218_20241015185224_0DECCD4F.zip
1369,6,MS6,783,-1.295743480602141,-1.373104860154399,1.887953422228044,0.8714051879942417,0.902302712298785,0.9210634551501165,0.0187607428513313,ok,,False,MS6,783,-1.565372978620417,-1.5442756506477051,2.198904237882666,0.9308175783371552,0.9100536279074584,0.9264066174877272,0.0163529895802689,ok,,False,MS6,783,4096,2048,0.26962949801827585,0.1711707904933062,0.3193736146266481,True,4,T0_A2_L0,24,1,0.0416666666666666,24.0,2024-10-15 18:52:18+00:00,-117.853259276,35.02265484,0,2,0,phisat_PHISAT-2_L1_000001369_20241015185218_20241015185224_0DECCD4F.zip
1369,7,MS7,842,-1.0224646143847167,-1.237391011910404,1.6051698988037186,0.94498772372026,0.8817592399413636,0.8987728808037876,0.0170136408624239,ok,,False,MS7,842,-1.0001036113235386,-1.3388319756577405,1.671130842401633,0.9098065355792642,0.8939418479600147,0.9070075627462174,0.0130657147862026,ok,,False,MS7,842,4096,2048,-0.022361003061178053,0.10144096374733658,0.10387628980614617,True,4,T0_A2_L0,24,1,0.0416666666666666,24.0,2024-10-15 18:52:18+00:00,-117.853259276,35.02265484,0,2,0,phisat_PHISAT-2_L1_000001369_20241015185218_20241015185224_0DECCD4F.zip
1457,0,PAN,625,-90.00544874588104,-1986.33078149941,1988.3689180672693,0.0003583319194149,-0.0368713052934399,-0.1338065463688646,-0.0969352410754246,ok,,True,PAN,625,405.6330107001522,1982.0283201976656,2023.110081393311,0.0008177461568266,-0.038088132161162,0.4129450682755829,0.4510332004367449,ok,,True,PAN,625,4096,2048,-495.63845944603327,-3968.359101697076,3999.191348573366,True,5,T0_A1_L3,2,1,0.5,2.0,2024-11-04 03:49:01+00:00,103.669120635,1.16828517,0,1,3,phisat_PHISAT-2_L1_000001457_20241104034901_20241104034906_282F2ECC.zip
1457,1,MS1,490,1.075264554908017,0.99687694837894,1.4662733419287293,0.0800535758025944,0.95912950235255,0.9590853748649733,-4.41274875769837e-05,ok,,False,MS1,490,1.949868523460509,-0.0758440393233286,1.9513430188162573,0.2824659971520304,0.959352725797766,0.959234263486786,-0.0001184623109798,ok,,False,MS1,490,4096,2048,-0.874603968552492,1.0727209877022685,1.3840745714247837,True,5,T0_A1_L3,2,1,0.5,2.0,2024-11-04 03:49:01+00:00,103.669120635,1.16828517,0,1,3,phisat_PHISAT-2_L1_000001457_20241104034901_20241104034906_282F2ECC.zip
1457,2,MS2,560,5.941362520743269,-4.022859617096856,7.175178611140037,0.0926053971052169,0.8510188234191274,0.8521529241825868,0.0011341007634594,ok,,False,MS2,560,4.238028860568193,-4.056664161956178,5.866635555913504,0.3119169604033232,0.8522827823388357,0.8531734774044097,0.000890695065574,ok,,False,MS2,560,4096,2048,1.7033336601750761,0.03380454485932205,1.7036690714861755,True,5,T0_A1_L3,2,1,0.5,2.0,2024-11-04 03:49:01+00:00,103.669120635,1.16828517,0,1,3,phisat_PHISAT-2_L1_000001457_20241104034901_20241104034906_282F2ECC.zip
1457,4,MS4,705,-0.9356256743208178,-1.980636638508713,2.190506082221955,0.0627105119638145,0.9965537663688716,0.9965722840252736,1.8517656402039503e-05,ok,,False,MS4,705,1.8726138970623647,-0.209540254491003,1.8843009116707587,0.2250313060358166,0.996780513283044,0.9967968728559444,1.6359572900248587e-05,ok,,False,MS4,705,4096,2048,-2.8082395713831825,-1.77109638401771,3.3200891391291,True,5,T0_A1_L3,2,1,0.5,2.0,2024-11-04 03:49:01+00:00,103.669120635,1.16828517,0,1,3,phisat_PHISAT-2_L1_000001457_20241104034901_20241104034906_282F2ECC.zip
1457,5,MS5,740,1.0792752354936963,19.058226412143995,19.088761851165017,0.0614573858911171,0.9944125942698594,0.9950745610790191,0.0006619668091597,ok,,False,MS5,740,3.918888844563753,18.025221615137752,18.446308683605928,0.224877658765763,0.9946989188952908,0.9952789489687665,0.0005800300734755,ok,,False,MS5,740,4096,2048,-2.8396136090700566,1.0330047970062424,3.021672444103394,True,5,T0_A1_L3,2,1,0.5,2.0,2024-11-04 03:49:01+00:00,103.669120635,1.16828517,0,1,3,phisat_PHISAT-2_L1_000001457_20241104034901_20241104034906_282F2ECC.zip
1457,6,MS6,783,-6.978122450434057,4.017009862454415,8.051742741065928,0.0550361545756459,0.9946144208660131,0.9947884648120546,0.0001740439460414,ok,,False,MS6,783,-5.97307031318951,4.208681417230082,7.306884988696867,0.1967031140811741,0.9949058854668844,0.99508841678691,0.0001825313200255,ok,,False,MS6,783,4096,2048,-1.0050521372445473,-0.19167155477566666,1.0231655699298887,True,5,T0_A1_L3,2,1,0.5,2.0,2024-11-04 03:49:01+00:00,103.669120635,1.16828517,0,1,3,phisat_PHISAT-2_L1_000001457_20241104034901_20241104034906_282F2ECC.zip
1457,7,MS7,842,3.9714385189352015,0.0662382881416761,3.971990863597016,0.0683713958133012,0.9891973249035086,0.9893440797187484,0.0001467548152397,ok,,False,MS7,842,1.9730964619714089,1.855538638904136,2.708529728230854,0.254254044033587,0.9901079170818528,0.990157670291615,4.975320976230435e-05,ok,,False,MS7,842,4096,2048,1.9983420569637926,-1.7893003507624599,2.6823435130253066,True,5,T0_A1_L3,2,1,0.5,2.0,2024-11-04 03:49:01+00:00,103.669120635,1.16828517,0,1,3,phisat_PHISAT-2_L1_000001457_20241104034901_20241104034906_282F2ECC.zip
1466,0,PAN,625,-2.775125492398729,14.102349061905215,14.372806634835808,0.2393551460700109,0.2829692857210692,0.3001878329544518,0.0172185472333825,ok,,False,PAN,625,-2.500333354650138,14.184048172380244,14.402738956211744,0.2934954200027277,0.2873604724678431,0.3038053526822434,0.0164448802144003,ok,,False,PAN,625,4096,2048,-0.2747921377485909,-0.08169911047502865,0.2866800718934811,True,6,T0_A0_L2,6,1,0.1666666666666666,6.0,2024-11-07 09:22:09+00:00,15.26960204,-23.219317701,0,0,2,phisat_PHISAT-2_L1_000001466_20241107092209_20241107092215_E74D4190.zip
1466,1,MS1,490,2.0332857892165066,0.0316882941694984,2.033532701634563,0.4625449040904641,0.9732666052233492,0.9745169544580914,0.0012503492347423,ok,,False,MS1,490,2.248205899538789,0.4926803638581987,2.3015568008746734,0.8945859298473806,0.9743274360717448,0.9757855856595872,0.0014581495878422,ok,,False,MS1,490,4096,2048,-0.2149201103222822,-0.46099206968870027,0.5086298675233429,True,6,T0_A0_L2,6,1,0.1666666666666666,6.0,2024-11-07 09:22:09+00:00,15.26960204,-23.219317701,0,0,2,phisat_PHISAT-2_L1_000001466_20241107092209_20241107092215_E74D4190.zip
1466,2,MS2,560,-0.1133289926356155,-0.0217721206317946,0.115401411640451,0.7757399249821901,0.9901009308626776,0.9902209094739532,0.0001199786112756,ok,,False,MS2,560,-0.3273596289000124,0.0979546660551022,0.3417008095330189,0.9601468065520748,0.9908321668628144,0.9909587879142682,0.0001266210514537,ok,,False,MS2,560,4096,2048,0.21403063626439692,-0.11972678668689679,0.24524195544423524,True,6,T0_A0_L2,6,1,0.1666666666666666,6.0,2024-11-07 09:22:09+00:00,15.26960204,-23.219317701,0,0,2,phisat_PHISAT-2_L1_000001466_20241107092209_20241107092215_E74D4190.zip
1466,4,MS4,705,-0.8345637450352115,2.0943693433321187,2.254524249329913,0.5678561255335808,0.9933785312412242,0.9934733536701402,9.482242891600824e-05,ok,,False,MS4,705,0.1109688726810418,1.7479723318879223,1.7514911828923954,0.912254284019582,0.9943945077234608,0.9950383248422938,0.0006438171188331,ok,,False,MS4,705,4096,2048,-0.9455326177162533,0.3463970114441963,1.0069870012581201,True,6,T0_A0_L2,6,1,0.1666666666666666,6.0,2024-11-07 09:22:09+00:00,15.26960204,-23.219317701,0,0,2,phisat_PHISAT-2_L1_000001466_20241107092209_20241107092215_E74D4190.zip
1466,5,MS5,740,0.6783579538271169,2.830881791343017,2.91102408613841,0.7088443227112293,0.9934147746571012,0.9949264507860998,0.0015116761289986,ok,,False,MS5,740,0.2109372661836914,2.511210932777203,2.520054538926648,0.9965555877861334,0.9944455161955376,0.995805149050932,0.0013596328553943,ok,,False,MS5,740,4096,2048,0.46742068764342554,0.3196708585658139,0.5662786920353416,True,6,T0_A0_L2,6,1,0.1666666666666666,6.0,2024-11-07 09:22:09+00:00,15.26960204,-23.219317701,0,0,2,phisat_PHISAT-2_L1_000001466_20241107092209_20241107092215_E74D4190.zip
1466,6,MS6,783,-1.1746373756204775,0.1831365227660626,1.1888279733314688,0.6252625389024615,0.9929938548708528,0.9937423531386596,0.0007484982678069,ok,,False,MS6,783,-1.2563284215748354,0.0245604073134018,1.2565684686733618,0.9046743619837798,0.9939713898904176,0.994616069167479,0.0006446792770614,ok,,False,MS6,783,4096,2048,0.08169104595435783,0.1585761154526608,0.17838108470679453,True,6,T0_A0_L2,6,1,0.1666666666666666,6.0,2024-11-07 09:22:09+00:00,15.26960204,-23.219317701,0,0,2,phisat_PHISAT-2_L1_000001466_20241107092209_20241107092215_E74D4190.zip
1466,7,MS7,842,2.069764056427175,2.83000107912585,3.506113140948442,0.5257647824473679,0.9887306998391212,0.9918080126246416,0.0030773127855203,ok,,False,MS7,842,3.602399954577095,2.561519027811073,4.420256232683264,0.8915036958642304,0.9900055483317096,0.9936871062424076,0.0036815579106982,ok,,False,MS7,842,4096,2048,-1.5326358981499197,0.268482051314777,1.5559741026688076,True,6,T0_A0_L2,6,1,0.1666666666666666,6.0,2024-11-07 09:22:09+00:00,15.26960204,-23.219317701,0,0,2,phisat_PHISAT-2_L1_000001466_20241107092209_20241107092215_E74D4190.zip
1470,0,PAN,625,1.3609426842090215,-0.2697791934929228,1.3874241611503486,0.0224773959853337,0.0260171046671191,0.026683758257622,0.0006666535905029,ok,,False,PAN,625,0.3724248162413914,-1.1370319978923362,1.196470646519785,0.030884049971064,0.0266292500581307,0.0267399263613121,0.0001106763031813,ok,,False,PAN,625,4096,2048,0.9885178679676301,0.8672528043994134,1.3150266164720454,True,7,T0_A2_L3,20,1,0.05,20.0,2024-11-09 03:45:25+00:00,109.585934368,40.877533369,0,2,3,phisat_PHISAT-2_L1_000001470_20241109034525_20241109034531_62873A7A.zip
1470,1,MS1,490,-0.0734468746263701,-0.071377143483005,0.1024165025968726,0.7778138630092144,0.9876701223067096,0.9878764728441652,0.0002063505374555,ok,,False,MS1,490,-1.0113430529154357,0.2964408076327345,1.0538936963044525,1.177461479557678,0.9888930004385325,0.991636090299432,0.0027430898608994,ok,,False,MS1,490,4096,2048,0.9378961782890656,-0.3678179511157395,1.007441951882199,True,7,T0_A2_L3,20,1,0.05,20.0,2024-11-09 03:45:25+00:00,109.585934368,40.877533369,0,2,3,phisat_PHISAT-2_L1_000001470_20241109034525_20241109034531_62873A7A.zip
1470,2,MS2,560,0.7855250741786222,-0.9881749183286956,1.2623546694084251,0.9850821848958732,0.9952389483304503,0.9962887295951638,0.0010497812647133,ok,,False,MS2,560,0.4598689124713928,-0.4919058421951376,0.6733875364478684,1.090048370650038,0.99638224937987,0.9975112237480694,0.0011289743681994,ok,,False,MS2,560,4096,2048,0.3256561617072294,-0.49626907613355803,0.5935780753905423,True,7,T0_A2_L3,20,1,0.05,20.0,2024-11-09 03:45:25+00:00,109.585934368,40.877533369,0,2,3,phisat_PHISAT-2_L1_000001470_20241109034525_20241109034531_62873A7A.zip
1470,4,MS4,705,1.189656981614462,-2.2688187344033395,2.561800574495135,0.8941380642354488,0.9827809716949272,0.9951668231159218,0.0123858514209945,ok,,False,MS4,705,1.11799014623125,-2.7572548406101305,2.975290947644981,1.068297911901027,0.9846397465588606,0.995453644813976,0.0108138982551154,ok,,False,MS4,705,4096,2048,0.07166683538321195,0.488436106206791,0.4936658436030348,True,7,T0_A2_L3,20,1,0.05,20.0,2024-11-09 03:45:25+00:00,109.585934368,40.877533369,0,2,3,phisat_PHISAT-2_L1_000001470_20241109034525_20241109034531_62873A7A.zip
1470,5,MS5,740,0.8968173309110625,-2.1693802597365,2.3474437237891013,0.8504114644601941,0.9845535992867416,0.9926510906753856,0.008097491388644,ok,,False,MS5,740,0.9255775089159216,-2.457562780547505,2.626082356923215,1.0788083298830315,0.986476642943364,0.9936041831473248,0.007127540203961,ok,,False,MS5,740,4096,2048,-0.028760178004859083,0.2881825208110049,0.2896140762115275,True,7,T0_A2_L3,20,1,0.05,20.0,2024-11-09 03:45:25+00:00,109.585934368,40.877533369,0,2,3,phisat_PHISAT-2_L1_000001470_20241109034525_20241109034531_62873A7A.zip
1470,6,MS6,783,1.9341480179261907,-3.1469781184127896,3.693832675286837,0.8222984317690134,0.9676595656576872,0.9907419347046572,0.0230823690469699,ok,,False,MS6,783,1.7895413629391896,-3.350918749980337,3.798830709394674,1.0735716450144537,0.9696850891931836,0.9920466929145334,0.0223616037213497,ok,,False,MS6,783,4096,2048,0.1446066549870011,0.20394063156754738,0.2500057316756951,True,7,T0_A2_L3,20,1,0.05,20.0,2024-11-09 03:45:25+00:00,109.585934368,40.877533369,0,2,3,phisat_PHISAT-2_L1_000001470_20241109034525_20241109034531_62873A7A.zip
1470,7,MS7,842,-0.1951314944144542,-1.0765652977752325,1.0941065489641737,1.020355842076242,0.9916615083739664,0.9946811976632316,0.0030196892892653,ok,,False,MS7,842,-0.4140787136357176,-1.012470256935103,1.0938725713100426,1.0561667296569794,0.9934478575430872,0.9960321938841497,0.0025843363410625,ok,,False,MS7,842,4096,2048,0.21894721922126337,-0.06409504084012951,0.22813605384730803,True,7,T0_A2_L3,20,1,0.05,20.0,2024-11-09 03:45:25+00:00,109.585934368,40.877533369,0,2,3,phisat_PHISAT-2_L1_000001470_20241109034525_20241109034531_62873A7A.zip
1489,0,PAN,625,-0.7493837824963521,-1.0486890503234465,1.2889238836086605,0.2368802671553567,0.640892436280214,0.642551404999176,0.0016589687189619,ok,,False,PAN,625,-1.4416195488092851,-0.6863001593087574,1.5966448672689595,0.4126320902141742,0.6451379080799386,0.6497386356035092,0.0046007275235705,ok,,False,PAN,625,4096,2048,0.692235766312933,-0.3623888910146891,0.781355274183076,True,8,T0_A0_L1,4,1,0.25,4.0,2024-11-15 14:56:36+00:00,-69.436470413,-31.906330442,0,0,1,phisat_PHISAT-2_L1_000001489_20241115145636_20241115145642_639BE897.zip
1489,1,MS1,490,0.9357600597668352,0.0509157121116459,0.9371442253968526,0.8617194527760148,0.9637410182882012,0.9581864910840204,-0.0055545272041808,ok,,False,MS1,490,-0.114015246629151,1.928265792536422,1.9316336203146864,1.047113761305809,0.9660562930213932,0.9598793858779484,-0.0061769071434447,ok,,False,MS1,490,4096,2048,1.0497753063959863,-1.877350080424776,2.150923410628491,True,8,T0_A0_L1,4,1,0.25,4.0,2024-11-15 14:56:36+00:00,-69.436470413,-31.906330442,0,0,1,phisat_PHISAT-2_L1_000001489_20241115145636_20241115145642_639BE897.zip
1489,2,MS2,560,0.0452805352013001,0.8978891131434921,0.8990301365191953,0.9351241079857572,0.9744564872102917,0.9789503785477564,0.0044938913374646,ok,,False,MS2,560,-0.6915100581632032,0.9671339241938312,1.188921438896379,0.9276216274010948,0.9764082825934314,0.9811633715514324,0.0047550889580009,ok,,False,MS2,560,4096,2048,0.7367905933645034,-0.06924481105033908,0.7400373114430204,True,8,T0_A0_L1,4,1,0.25,4.0,2024-11-15 14:56:36+00:00,-69.436470413,-31.906330442,0,0,1,phisat_PHISAT-2_L1_000001489_20241115145636_20241115145642_639BE897.zip
1489,4,MS4,705,-2.135894073298914,-0.4828733876033766,2.189796840076492,0.7684771433705464,0.9434636573494894,0.9611945921451884,0.017730934795699,ok,,False,MS4,705,-2.7535864752967427,-0.7773317146798036,2.8612030811503373,0.9368416957731824,0.9472949003234092,0.962339540902488,0.0150446405790787,ok,,False,MS4,705,4096,2048,0.6176924019978287,0.29445832707642694,0.6842876660224816,True,8,T0_A0_L1,4,1,0.25,4.0,2024-11-15 14:56:36+00:00,-69.436470413,-31.906330442,0,0,1,phisat_PHISAT-2_L1_000001489_20241115145636_20241115145642_639BE897.zip
1489,5,MS5,740,-2.7852103974105376,-1.010578882199752,2.9628814750158106,0.6900485381484032,0.926320566416804,0.9339534867258572,0.0076329203090531,ok,,False,MS5,740,-2.714279492721289,-1.079097979681137,2.920918625083426,0.8423555413100985,0.9305247804832154,0.9416271569517408,0.0111023764685252,ok,,False,MS5,740,4096,2048,-0.07093090468924856,0.06851909748138518,0.09862078867915643,True,8,T0_A0_L1,4,1,0.25,4.0,2024-11-15 14:56:36+00:00,-69.436470413,-31.906330442,0,0,1,phisat_PHISAT-2_L1_000001489_20241115145636_20241115145642_639BE897.zip
1489,6,MS6,783,-2.448398693517902,-1.809486226692116,3.044486256662795,0.5923377322469605,0.9174365563561052,0.9138396873534496,-0.0035968690026556,ok,,False,MS6,783,-2.3709252931039373,-1.9522043882197977,3.0712194188733286,0.8155222915520426,0.9214532746179368,0.9187218325743424,-0.0027314420435945,ok,,False,MS6,783,4096,2048,-0.07747340041396455,0.1427181615276818,0.16239027495987546,True,8,T0_A0_L1,4,1,0.25,4.0,2024-11-15 14:56:36+00:00,-69.436470413,-31.906330442,0,0,1,phisat_PHISAT-2_L1_000001489_20241115145636_20241115145642_639BE897.zip
1489,7,MS7,842,-1.763593184966339,-0.9699139002445918,2.012708100035222,0.8654701439663768,0.9476574466959136,0.9580093579862184,0.0103519112903049,ok,,False,MS7,842,-1.6899327630317202,-1.2736601446677014,2.116148129900876,0.9197295682533876,0.9512967183754736,0.9597623375020162,0.0084656191265427,ok,,False,MS7,842,4096,2048,-0.07366042193461886,0.3037462444231096,0.31255021798221405,True,8,T0_A0_L1,4,1,0.25,4.0,2024-11-15 14:56:36+00:00,-69.436470413,-31.906330442,0,0,1,phisat_PHISAT-2_L1_000001489_20241115145636_20241115145642_639BE897.zip
1500,0,PAN,625,-0.7668427896578578,1.0141640880999605,1.2714466806130211,0.994050961971283,0.9586366992447828,0.9662609593357138,0.0076242600909308,ok,,False,PAN,625,-0.8746224277074361,0.967342755875734,1.3041151783466478,0.935954141497612,0.9628494464634562,0.968841944402534,0.0059924979390779,ok,,False,PAN,625,4096,2048,0.10777963804957835,0.046821332224226464,0.11751037200753602,True,9,T0_A2_L2,56,1,0.0178571428571428,56.0,2024-11-23 05:59:44+00:00,72.198789758,22.872533974,0,2,2,phisat_PHISAT-2_L1_000001500_20241123055944_20241123055946_8790E871.zip
1500,1,MS1,490,-1.1615625068257032,-2.8897126069821297,3.114428745085472,0.5950967533588409,0.9006537756942768,0.9199547521611408,0.0193009764668639,ok,,False,MS1,490,-2.1666660146247523,-2.243578769562191,3.1189881875634127,0.99121368432045,0.9069575764132712,0.9273056947992704,0.0203481183859992,ok,,False,MS1,490,4096,2048,1.0051035077990491,-0.6461338374199386,1.1948732138804388,True,9,T0_A2_L2,56,1,0.0178571428571428,56.0,2024-11-23 05:59:44+00:00,72.198789758,22.872533974,0,2,2,phisat_PHISAT-2_L1_000001500_20241123055944_20241123055946_8790E871.zip
1500,2,MS2,560,0.4024941489969933,-1.1489363187724848,1.2173973076080309,0.8327578941434621,0.9395452364702688,0.9452020343997108,0.0056567979294421,ok,,False,MS2,560,-0.243175126465303,-0.9589941581934908,0.9893452064778292,0.9359788973331452,0.9449794751393834,0.949356959012418,0.0043774838730346,ok,,False,MS2,560,4096,2048,0.6456692754622964,-0.18994216057899405,0.6730281105878291,True,9,T0_A2_L2,56,1,0.0178571428571428,56.0,2024-11-23 05:59:44+00:00,72.198789758,22.872533974,0,2,2,phisat_PHISAT-2_L1_000001500_20241123055944_20241123055946_8790E871.zip
1500,4,MS4,705,-1.228796293747564,1.150983134364651,1.6836574791565018,0.7964256849288941,0.8820022223333548,0.8962748395418512,0.0142726172084963,ok,,False,MS4,705,-1.5360532581762527,0.8553743995244076,1.758159542054026,0.8751719538867474,0.890177699792021,0.902876503981598,0.0126988041895771,ok,,False,MS4,705,4096,2048,0.30725696442868866,0.2956087348402434,0.4263699875739166,True,9,T0_A2_L2,56,1,0.0178571428571428,56.0,2024-11-23 05:59:44+00:00,72.198789758,22.872533974,0,2,2,phisat_PHISAT-2_L1_000001500_20241123055944_20241123055946_8790E871.zip
1500,5,MS5,740,-1.2764214137323506,1.8059937974067,2.211530063486808,0.3127828686237335,0.4410579437618309,0.4493941571318355,0.0083362133700046,ok,,False,MS5,740,-1.408528708160702,1.4158824328440005,1.997167039921574,0.4125178090333938,0.4456709925933269,0.4539166542778266,0.0082456616844997,ok,,False,MS5,740,4096,2048,0.13210729442835145,0.39011136456269946,0.4118728128951346,True,9,T0_A2_L2,56,1,0.0178571428571428,56.0,2024-11-23 05:59:44+00:00,72.198789758,22.872533974,0,2,2,phisat_PHISAT-2_L1_000001500_20241123055944_20241123055946_8790E871.zip
1500,6,MS6,783,-1.317288820844169,2.02204488614666,2.413278964212981,0.2482001057863235,0.3654481076719443,0.3728046853036514,0.0073565776317071,ok,,False,MS6,783,-1.6351714906240886,1.6577069659524568,2.3284712127739744,0.3505131894350052,0.3693423369685883,0.3770789653415938,0.0077366283730054,ok,,False,MS6,783,4096,2048,0.3178826697799195,0.36433792019420297,0.4835199187601756,True,9,T0_A2_L2,56,1,0.0178571428571428,56.0,2024-11-23 05:59:44+00:00,72.198789758,22.872533974,0,2,2,phisat_PHISAT-2_L1_000001500_20241123055944_20241123055946_8790E871.zip
1500,7,MS7,842,-1.0780125751957712,1.315633797752071,1.7008831241645486,0.2931021423339843,0.3512267719877698,0.3579694925327587,0.0067427205449889,ok,,False,MS7,842,-1.051034172403433,1.0993727027157547,1.520951403246111,0.353903876490891,0.3545480653612658,0.3624842100031652,0.0079361446418994,ok,,False,MS7,842,4096,2048,-0.026978402792338096,0.2162610950363162,0.21793736587270254,True,9,T0_A2_L2,56,1,0.0178571428571428,56.0,2024-11-23 05:59:44+00:00,72.198789758,22.872533974,0,2,2,phisat_PHISAT-2_L1_000001500_20241123055944_20241123055946_8790E871.zip
1511,0,PAN,625,1728.539281376794,1656.5422076607622,2394.1554112095973,0.0007386444049188,0.0156695114922578,-0.018037380437403,-0.0337068919296608,ok,,True,PAN,625,1763.7984467172485,1706.1098686780842,2453.9347678051527,0.0033249167463509,0.0164718709599243,-0.0189780947519708,-0.0354499657118951,ok,,True,PAN,625,4096,2048,-35.2591653404545,-49.56766101732205,60.82895494115986,True,10,T0_A2_L1,27,1,0.037037037037037,27.0,2024-11-26 11:25:22+00:00,-8.791869599,20.889129256,0,2,1,phisat_PHISAT-2_L1_000001511_20241126112522_20241126112528_02B134C6.zip
1511,1,MS1,490,1.7298329957266103,-0.90724878175115,1.953310662719437,0.5707709164125845,0.7318418291117049,0.7303413593789128,-0.0015004697327921,ok,,False,MS1,490,0.4440811654358185,-0.5835991833150729,0.7333458176473463,0.8765837873797864,0.7478250926194968,0.7555518904182931,0.0077267977987962,ok,,False,MS1,490,4096,2048,1.2857518302907918,-0.3236495984360771,1.325860788945791,True,10,T0_A2_L1,27,1,0.037037037037037,27.0,2024-11-26 11:25:22+00:00,-8.791869599,20.889129256,0,2,1,phisat_PHISAT-2_L1_000001511_20241126112522_20241126112528_02B134C6.zip
1511,2,MS2,560,0.6752824034474543,-0.2123960065855499,0.7078971592111805,0.8896476124646142,0.8710504023369703,0.8745687549031335,0.0035183525661631,ok,,False,MS2,560,0.1367367504296908,-0.2828678291130018,0.3141833026517703,0.9198490642011166,0.8823183810719719,0.8839023178853208,0.0015839368133488,ok,,False,MS2,560,4096,2048,0.5385456530177635,0.07047182252745188,0.543136905535492,True,10,T0_A2_L1,27,1,0.037037037037037,27.0,2024-11-26 11:25:22+00:00,-8.791869599,20.889129256,0,2,1,phisat_PHISAT-2_L1_000001511_20241126112522_20241126112528_02B134C6.zip
1511,4,MS4,705,0.2080068324139574,0.0844350492552621,0.2244908013118282,0.9387838103139076,0.9482683963475784,0.9532461760395085,0.0049777796919298,ok,,False,MS4,705,0.357088807329319,0.1418064880961083,0.3842154296563677,1.031847310718149,0.9631230909769224,0.9642378589540764,0.0011147679771541,ok,,False,MS4,705,4096,2048,-0.14908197491536163,-0.057371438840846195,0.15974015537532657,True,10,T0_A2_L1,27,1,0.037037037037037,27.0,2024-11-26 11:25:22+00:00,-8.791869599,20.889129256,0,2,1,phisat_PHISAT-2_L1_000001511_20241126112522_20241126112528_02B134C6.zip
1511,5,MS5,740,0.1136420546847603,0.2134680342442152,0.2418328311810939,0.9319678520550952,0.9354506193916046,0.9441918922876402,0.0087412728960356,ok,,False,MS5,740,0.3534973496086877,0.3851335317699522,0.5227697518735792,1.0170628217747435,0.951240912176328,0.9567905130373456,0.0055496008610175,ok,,False,MS5,740,4096,2048,-0.23985529492392743,-0.17166549752573698,0.2949569554084172,True,10,T0_A2_L1,27,1,0.037037037037037,27.0,2024-11-26 11:25:22+00:00,-8.791869599,20.889129256,0,2,1,phisat_PHISAT-2_L1_000001511_20241126112522_20241126112528_02B134C6.zip
1511,6,MS6,783,0.8882804691993442,0.3398481754311433,0.9510725389290158,0.9126830419991164,0.9201105761990092,0.9266220172969536,0.0065114410979443,ok,,False,MS6,783,0.8931579515935937,0.4338357070271286,0.9929474040383977,1.0048033556668088,0.9354287892423624,0.9412180367233238,0.0057892474809615,ok,,False,MS6,783,4096,2048,-0.004877482394249455,-0.09398753159598527,0.09411400496213379,True,10,T0_A2_L1,27,1,0.037037037037037,27.0,2024-11-26 11:25:22+00:00,-8.791869599,20.889129256,0,2,1,phisat_PHISAT-2_L1_000001511_20241126112522_20241126112528_02B134C6.zip
1511,7,MS7,842,0.1552049147405796,0.2929341383617156,0.3315101430987465,0.9873205001931638,0.943273501251669,0.9530377496918234,0.0097642484401544,ok,,False,MS7,842,0.4041646467819646,0.4176496415580004,0.5811886826168559,0.9857620328548364,0.9597131219241324,0.9650820828249882,0.0053689609008557,ok,,False,MS7,842,4096,2048,-0.24895973204138502,-0.12471550319628477,0.27845090216341684,True,10,T0_A2_L1,27,1,0.037037037037037,27.0,2024-11-26 11:25:22+00:00,-8.791869599,20.889129256,0,2,1,phisat_PHISAT-2_L1_000001511_20241126112522_20241126112528_02B134C6.zip
1514,0,PAN,625,-317.7473428688477,-108.48027857143325,335.75488788571465,0.0002226325906813,0.0518878438915807,0.1008827243101037,0.0489948804185229,ok,,True,PAN,625,393.49124403027736,167.25605610863772,427.5627994032117,0.0024083357527852,0.0748031636068479,0.1615997500354651,0.0867965864286171,ok,,True,PAN,625,4096,2048,-711.238586899125,-275.73633468007097,762.8177067668686,True,11,T0_A1_L0,2,1,0.5,2.0,2024-11-27 05:41:39+00:00,-106.965990832,1.769427342,0,1,0,phisat_PHISAT-2_L1_000001514_20241127054139_20241127054141_C2C9134D.zip
1514,1,MS1,490,-41.55857531811989,-423.98547076201567,426.0173641998175,0.00430246290192,-0.001695497542558,0.1716396735748315,0.1733351711173896,ok,,True,MS1,490,111.15379863209569,-282.141421653228,303.2473392510626,-0.0012114677075296,-0.0014306602240554,0.1201610015047358,0.1215916617287912,ok,,True,MS1,490,4096,2048,-152.71237395021558,-141.84404910878766,208.42457490681525,True,11,T0_A1_L0,2,1,0.5,2.0,2024-11-27 05:41:39+00:00,-106.965990832,1.769427342,0,1,0,phisat_PHISAT-2_L1_000001514_20241127054139_20241127054141_C2C9134D.zip
1514,2,MS2,560,-303.1058923928217,-17.705030545933596,303.62254545715354,0.0034047655351459,0.0175083297821666,0.01710381234165,-0.0004045174405165,ok,,True,MS2,560,-24.69039676023704,-33.687683238290674,41.76692105172865,0.0031642594635486,0.0218516464626279,0.0373417065716571,0.0154900601090291,ok,,False,MS2,560,4096,2048,-278.4154956325847,15.982652692357078,278.8738664619227,True,11,T0_A1_L0,2,1,0.5,2.0,2024-11-27 05:41:39+00:00,-106.965990832,1.769427342,0,1,0,phisat_PHISAT-2_L1_000001514_20241127054139_20241127054141_C2C9134D.zip
1514,4,MS4,705,-53.42986111812252,-462.1484437442091,465.2267555873117,0.0036941236704587,-0.0285808295051473,-0.0319193999611748,-0.0033385704560275,ok,,True,MS4,705,227.60992665353388,119.21928505242477,256.94263297405195,0.0041075734645128,-0.0337095393585006,0.02719788402201,0.0609074233805106,ok,,True,MS4,705,4096,2048,-281.0397877716564,-581.3677287966339,645.7335351341868,True,11,T0_A1_L0,2,1,0.5,2.0,2024-11-27 05:41:39+00:00,-106.965990832,1.769427342,0,1,0,phisat_PHISAT-2_L1_000001514_20241127054139_20241127054141_C2C9134D.zip
1514,5,MS5,740,708.1664168638711,82.11167411952079,712.9109348302384,0.000526466012001,-0.0537790353428121,-0.05630095887197,-0.0025219235291578,ok,,True,MS5,740,-180.4314574419245,207.0101825344828,274.6064939282698,0.0032416270673274,-0.0649996426116291,-0.1389333331827142,-0.0739336905710851,ok,,True,MS5,740,4096,2048,888.5978743057956,-124.89850841496201,897.332613708574,True,11,T0_A1_L0,2,1,0.5,2.0,2024-11-27 05:41:39+00:00,-106.965990832,1.769427342,0,1,0,phisat_PHISAT-2_L1_000001514_20241127054139_20241127054141_C2C9134D.zip
1514,6,MS6,783,-997.0021388783676,96.75023784355358,1001.6855162429092,0.0036571054793894,-0.0050903790688779,-0.0169696652432044,-0.0118792861743265,ok,,True,MS6,783,215.9043063619008,563.3943246794997,603.3471924080554,0.0004650756046175,-0.0062697423404458,-0.1261256634009337,-0.1198559210604878,ok,,True,MS6,783,4096,2048,-1212.9064452402686,-466.64408683594615,1299.576372778583,True,11,T0_A1_L0,2,1,0.5,2.0,2024-11-27 05:41:39+00:00,-106.965990832,1.769427342,0,1,0,phisat_PHISAT-2_L1_000001514_20241127054139_20241127054141_C2C9134D.zip
1514,7,MS7,842,-485.90128994673705,-243.4813159356404,543.491687868043,0.0021700480952858,-0.0553366858279383,-0.0408120306750445,0.0145246551528937,ok,,True,MS7,842,654.8536588826212,141.21801446863424,669.9073384897495,1.7330028116703032e-05,-0.0709036630229939,-0.0116122670571135,0.0592913959658804,ok,,True,MS7,842,4096,2048,-1140.7549488293582,-384.69933040427463,1203.8751713081256,True,11,T0_A1_L0,2,1,0.5,2.0,2024-11-27 05:41:39+00:00,-106.965990832,1.769427342,0,1,0,phisat_PHISAT-2_L1_000001514_20241127054139_20241127054141_C2C9134D.zip
1517,0,PAN,625,45.73178271464952,231.9252405475177,236.3910174970358,0.0128916904563084,0.7479349975129512,0.7957724570862584,0.0478374595733072,ok,,True,PAN,625,-0.6573939751255284,-1353.1128673775268,1353.1130270710837,0.0104879565536975,0.7912298231080525,0.7258277554100622,-0.0654020676979902,ok,,True,PAN,625,4096,2048,46.38917668977505,1585.0381079250444,1585.716796684881,True,12,T0_A0_L0,2,1,0.5,2.0,2024-11-29 06:26:55+00:00,-110.375946352,-47.677213366,0,0,0,phisat_PHISAT-2_L1_000001517_20241129062655_20241129062713_34ACC35D.zip
1517,1,MS1,490,0.6229247261274199,-368.3290132674106,368.32954001784697,0.0295817676582373,0.7042734510517417,0.802054781395805,0.0977813303440633,ok,,True,MS1,490,,,,,,,,failed,SystemError: <built-in function resize> returned a result with an exception set,False,MS1,490,4096,2048,,,,False,12,T0_A0_L0,2,1,0.5,2.0,2024-11-29 06:26:55+00:00,-110.375946352,-47.677213366,0,0,0,phisat_PHISAT-2_L1_000001517_20241129062655_20241129062713_34ACC35D.zip
1517,2,MS2,560,-66.70955488975919,-65.41386969676944,93.42986172683617,0.0365325187332928,0.7467552695011556,0.806044601675002,0.0592893321738464,ok,,False,MS2,560,-63.30509978210328,-65.20750838030327,90.88209288737454,0.0714096702868118,0.7944886089571008,0.847611053141876,0.0531224441847751,ok,,False,MS2,560,4096,2048,-3.404455107655913,-0.20636131646617173,3.410703677099212,True,12,T0_A0_L0,2,1,0.5,2.0,2024-11-29 06:26:55+00:00,-110.375946352,-47.677213366,0,0,0,phisat_PHISAT-2_L1_000001517_20241129062655_20241129062713_34ACC35D.zip
1517,4,MS4,705,-13.627717195245983,570.233737777181,570.3965553676568,0.0473986481083557,0.6445492858140679,0.812762636234742,0.1682133504206741,ok,,True,MS4,705,25.43989583715219,570.7484689461068,571.3151521748134,0.1130227432353422,0.6941570162107088,0.8651066874090044,0.1709496711982956,ok,,True,MS4,705,4096,2048,-39.06761303239817,-0.5147311689257776,39.07100377806374,True,12,T0_A0_L0,2,1,0.5,2.0,2024-11-29 06:26:55+00:00,-110.375946352,-47.677213366,0,0,0,phisat_PHISAT-2_L1_000001517_20241129062655_20241129062713_34ACC35D.zip
1517,5,MS5,740,-373.52653492997473,-3734.079166115481,3752.71492270789,0.0046490612905472,0.5872006618752502,0.3417606860012442,-0.2454399758740059,ok,,True,MS5,740,39.18278512577902,855.9156543524023,856.8120552464899,0.0745839775539934,0.6340134528350208,0.8127538470136227,0.178740394178602,ok,,True,MS5,740,4096,2048,-412.7093200557538,-4589.994820467883,4608.51184600657,True,12,T0_A0_L0,2,1,0.5,2.0,2024-11-29 06:26:55+00:00,-110.375946352,-47.677213366,0,0,0,phisat_PHISAT-2_L1_000001517_20241129062655_20241129062713_34ACC35D.zip
1517,6,MS6,783,64.7607390005753,1068.3956980859843,1070.3566326250975,0.0291022159915883,0.5120257913726192,0.7861090902962838,0.2740832989236647,ok,,True,MS6,783,50.55635372469978,1088.3342603890003,1089.5078738762786,0.134632804710418,0.5525797403512236,0.8320961264458632,0.2795163860946396,ok,,True,MS6,783,4096,2048,14.204385275875516,-19.938562303015942,24.480825716808607,True,12,T0_A0_L0,2,1,0.5,2.0,2024-11-29 06:26:55+00:00,-110.375946352,-47.677213366,0,0,0,phisat_PHISAT-2_L1_000001517_20241129062655_20241129062713_34ACC35D.zip
1517,7,MS7,842,639.5115337584404,1135.3474869134473,1303.069038021683,0.005526177783031,0.6475469016682944,0.6474438674870951,-0.0001030341811992,ok,,True,MS7,842,-26.53201579280666,426.0688318743704,426.8941289790951,0.1099374929443001,0.7072148923139734,0.8501342830996869,0.1429193907857134,ok,,True,MS7,842,4096,2048,666.043549551247,709.2786550390769,972.9800719402563,True,12,T0_A0_L0,2,1,0.5,2.0,2024-11-29 06:26:55+00:00,-110.375946352,-47.677213366,0,0,0,phisat_PHISAT-2_L1_000001517_20241129062655_20241129062713_34ACC35D.zip
1570,0,PAN,625,2.940986886767405,-6.241291755273778,6.899501912644584,0.0978012251434847,0.2338152805192861,0.2433373166148169,0.0095220360955308,ok,,False,PAN,625,2.5857453299054214,-6.5269108716115625,7.0204447463881445,0.1340982462570537,0.2392641468931514,0.2499980439912256,0.0107338970980742,ok,,False,PAN,625,4096,2048,0.35524155686198355,0.28561911633778436,0.4558232588836409,True,13,T1_A2_L0,110,1,0.009090909090909,110.0,2025-01-13 17:00:37+00:00,-91.245510246,28.706793448,1,2,0,phisat_PHISAT-2_L1_000001570_20250113170037_20250113170043_770DCFB8.zip
1570,1,MS1,490,0.9162695663555952,0.0502401713304152,0.9176458974161982,0.7218059939332306,0.9948726294989588,0.9944809100490988,-0.00039171944986,ok,,False,MS1,490,0.5296142020729349,0.9551186370533742,1.092127654573423,1.2210029726848006,0.9960393639467984,0.9968366992199394,0.000797335273141,ok,,False,MS1,490,4096,2048,0.38665536428266034,-0.9048784657229589,0.9840261218370643,True,13,T1_A2_L0,110,1,0.009090909090909,110.0,2025-01-13 17:00:37+00:00,-91.245510246,28.706793448,1,2,0,phisat_PHISAT-2_L1_000001570_20250113170037_20250113170043_770DCFB8.zip
1570,2,MS2,560,0.8573506026741597,0.8223931668965179,1.1880153942032186,0.9403310166671872,0.997178852955802,0.9978904565252612,0.0007116035694589,ok,,False,MS2,560,0.689119437031195,1.0579687823055792,1.26260981416562,1.1112586339004338,0.998233433418715,0.998752520727234,0.000519087308519,ok,,False,MS2,560,4096,2048,0.1682311656429647,-0.23557561540906136,0.28947814368091523,True,13,T1_A2_L0,110,1,0.009090909090909,110.0,2025-01-13 17:00:37+00:00,-91.245510246,28.706793448,1,2,0,phisat_PHISAT-2_L1_000001570_20250113170037_20250113170043_770DCFB8.zip
1570,4,MS4,705,-0.2204492184391711,-0.032181934529035,0.2227858496863579,0.8406943455338478,0.9947359026631808,0.9953325512251028,0.000596648561922,ok,,False,MS4,705,-0.6425412266976309,-0.1880277145578475,0.6694876021614916,1.0849046761286445,0.996303783926528,0.9965335140039486,0.0002297300774205,ok,,False,MS4,705,4096,2048,0.4220920082584598,0.1558457800288125,0.4499439638315517,True,13,T1_A2_L0,110,1,0.009090909090909,110.0,2025-01-13 17:00:37+00:00,-91.245510246,28.706793448,1,2,0,phisat_PHISAT-2_L1_000001570_20250113170037_20250113170043_770DCFB8.zip
1570,5,MS5,740,-0.2070686327124349,-0.9702994732256228,0.9921484195397976,0.7882376285269856,0.9932375475433192,0.9936380586725462,0.000400511129227,ok,,False,MS5,740,-0.4813917932674485,-1.0618710331391412,1.1658937128423144,1.0796971595846117,0.9949140511851088,0.9950640419183974,0.0001499907332886,ok,,False,MS5,740,4096,2048,0.2743231605550136,0.0915715599135184,0.2892032970107479,True,13,T1_A2_L0,110,1,0.009090909090909,110.0,2025-01-13 17:00:37+00:00,-91.245510246,28.706793448,1,2,0,phisat_PHISAT-2_L1_000001570_20250113170037_20250113170043_770DCFB8.zip
1570,6,MS6,783,-0.8638498771119885,-0.9309242711319712,1.2699829167232877,0.7596422070637345,0.9919377866499683,0.9919465273282378,8.740678269392177e-06,ok,,False,MS6,783,-0.8179685724221599,-0.8999953357729282,1.216167829653199,1.0424155546352267,0.9935597433127092,0.993652296116664,9.255280395481512e-05,ok,,False,MS6,783,4096,2048,-0.04588130468982854,-0.030928935359042953,0.055332568732029234,True,13,T1_A2_L0,110,1,0.009090909090909,110.0,2025-01-13 17:00:37+00:00,-91.245510246,28.706793448,1,2,0,phisat_PHISAT-2_L1_000001570_20250113170037_20250113170043_770DCFB8.zip
1570,7,MS7,842,-0.9321907144158104,0.0806209467727967,0.9356704895964182,0.977024506777525,0.9951102665310104,0.9960358794592488,0.0009256129282384,ok,,False,MS7,842,-1.064094203960849,0.1227964649115165,1.071156126200956,1.0479058045893908,0.9968188470507368,0.9976599521389916,0.0008411050882548,ok,,False,MS7,842,4096,2048,0.1319034895450386,-0.042175518138719795,0.13848214644649176,True,13,T1_A2_L0,110,1,0.009090909090909,110.0,2025-01-13 17:00:37+00:00,-91.245510246,28.706793448,1,2,0,phisat_PHISAT-2_L1_000001570_20250113170037_20250113170043_770DCFB8.zip
1603,0,PAN,625,0.2030796055889823,-1.185367565346496,1.202637763909672,0.78610507393023,0.916234179517563,0.918041938473385,0.0018077589558219,ok,,False,PAN,625,0.1583693161132942,-1.0092952369855084,1.0216446132035473,0.7272624155739322,0.9172448270117814,0.9191348983244348,0.0018900713126533,ok,,False,PAN,625,4096,2048,0.044710289475688114,-0.17607232836098752,0.18166032808364968,True,14,T1_A1_L3,35,1,0.0285714285714285,35.0,2025-02-04 03:41:49+00:00,104.558408702,1.482647869,1,1,3,phisat_PHISAT-2_L1_000001603_20250204034149_20250204034155_DF3BE6DD.zip
1603,1,MS1,490,0.9407197616033044,-0.7267751626413883,1.188762300421491,0.6373751650098711,0.9918123830443536,0.990550657710071,-0.0012617253342827,ok,,False,MS1,490,0.1607976468217202,0.1773652486917853,0.2394040823939758,0.9677994817029684,0.992685173938097,0.9926382357862747,-4.693815182221783e-05,ok,,False,MS1,490,4096,2048,0.7799221147815842,-0.9041404113331736,1.1940470629464732,True,14,T1_A1_L3,35,1,0.0285714285714285,35.0,2025-02-04 03:41:49+00:00,104.558408702,1.482647869,1,1,3,phisat_PHISAT-2_L1_000001603_20250204034149_20250204034155_DF3BE6DD.zip
1603,2,MS2,560,0.9593477319083376,-0.6976995124950918,1.186226234937316,0.9963969909586012,0.9943208246832392,0.9956343930601806,0.0013135683769412,ok,,False,MS2,560,0.2978649418005261,-0.7286045778432708,0.78713922174416,0.9801708434824832,0.9950660583663944,0.996131204335704,0.0010651459693097,ok,,False,MS2,560,4096,2048,0.6614827901078115,0.03090506534817905,0.6622043526533107,True,14,T1_A1_L3,35,1,0.0285714285714285,35.0,2025-02-04 03:41:49+00:00,104.558408702,1.482647869,1,1,3,phisat_PHISAT-2_L1_000001603_20250204034149_20250204034155_DF3BE6DD.zip
1603,4,MS4,705,0.8474907180107039,-1.222102944082053,1.4872041295828626,0.8522837972268462,0.9900372108608056,0.9922913855485084,0.0022541746877026,ok,,False,MS4,705,0.7173783610046485,-1.143817507739186,1.3501667318699564,0.9839530041208492,0.9914361981391722,0.9934565772305164,0.0020203790913443,ok,,False,MS4,705,4096,2048,0.1301123570060554,-0.07828543634286711,0.1518480654768585,True,14,T1_A1_L3,35,1,0.0285714285714285,35.0,2025-02-04 03:41:49+00:00,104.558408702,1.482647869,1,1,3,phisat_PHISAT-2_L1_000001603_20250204034149_20250204034155_DF3BE6DD.zip
1603,5,MS5,740,0.8072722450399397,-0.961246853607463,1.2552625188310498,0.89139773696661,0.988737883932087,0.9899415818654728,0.0012036979333857,ok,,False,MS5,740,0.8701668343328492,-0.6534496832714467,1.0882034773609237,0.9887696797959508,0.99026938631976,0.9918305387752802,0.0015611524555201,ok,,False,MS5,740,4096,2048,-0.06289458929290959,-0.3077971703360163,0.31415732910308236,True,14,T1_A1_L3,35,1,0.0285714285714285,35.0,2025-02-04 03:41:49+00:00,104.558408702,1.482647869,1,1,3,phisat_PHISAT-2_L1_000001603_20250204034149_20250204034155_DF3BE6DD.zip
1603,6,MS6,783,-0.1197159119683419,-1.744946187999176,1.7490480549691214,0.8717179698869586,0.9888218585503408,0.9889063585649704,8.450001462956269e-05,ok,,False,MS6,783,-0.2594670095741094,-1.346800728293147,1.3715667431037697,0.9730336668289964,0.9902147087840784,0.9906574457642549,0.0004427369801764,ok,,False,MS6,783,4096,2048,0.13975109760576748,-0.398145459706029,0.42195992270183896,True,14,T1_A1_L3,35,1,0.0285714285714285,35.0,2025-02-04 03:41:49+00:00,104.558408702,1.482647869,1,1,3,phisat_PHISAT-2_L1_000001603_20250204034149_20250204034155_DF3BE6DD.zip
1603,7,MS7,842,-0.2730658890354789,-1.2436402229759551,1.273265873240314,0.9031579899601638,0.9935774276132664,0.9952672884022772,0.0016898607890108,ok,,False,MS7,842,-0.3866663631379197,-1.1869160390970137,1.248311083123133,0.972181399469264,0.9948507641279628,0.9961747237858368,0.0013239596578741,ok,,False,MS7,842,4096,2048,0.11360047410244078,-0.0567241838789414,0.12697519739315735,True,14,T1_A1_L3,35,1,0.0285714285714285,35.0,2025-02-04 03:41:49+00:00,104.558408702,1.482647869,1,1,3,phisat_PHISAT-2_L1_000001603_20250204034149_20250204034155_DF3BE6DD.zip
1659,0,PAN,625,0.368393742661965,-0.607743141084029,0.7106797275617001,0.6884995001601055,0.923734910009366,0.9247259599181852,0.0009910499088191,ok,,False,PAN,625,0.7344209906000287,-0.1835146068951871,0.7570018509738418,0.7118408842943609,0.924542642950294,0.9255359553160264,0.0009933123657324,ok,,False,PAN,625,4096,2048,-0.36602724793806374,-0.424228534188842,0.5603086608764193,True,15,T1_A0_L3,1,1,1.0,1.0,2025-02-26 02:49:17+00:00,115.092920672,-21.793288892,1,0,3,phisat_PHISAT-2_L1_000001659_20250226024917_20250226024919_B637009B.zip
1659,1,MS1,490,-2.785314983628723,-0.874689298218982,2.919428184841252,0.3826589876553044,0.7599497886396591,0.7551413015771137,-0.0048084870625454,ok,,False,MS1,490,-0.3290210981249402,-0.1212162549318236,0.3506397916253065,0.6294305827468634,0.7606346634372171,0.7607358612548443,0.0001011978176271,ok,,False,MS1,490,4096,2048,-2.456293885503783,-0.7534730432871584,2.5692608429125454,True,15,T1_A0_L3,1,1,1.0,1.0,2025-02-26 02:49:17+00:00,115.092920672,-21.793288892,1,0,3,phisat_PHISAT-2_L1_000001659_20250226024917_20250226024919_B637009B.zip
1659,2,MS2,560,1.1145329978330665,-0.184344516641886,1.1296754861794127,0.8025620214175433,0.8248562291776484,0.8258151609009421,0.0009589317232936,ok,,False,MS2,560,1.36518825242797,-0.4025936281504982,1.4233132452115789,0.7930380238685757,0.8253974676432841,0.8259377298798499,0.0005402622365657,ok,,False,MS2,560,4096,2048,-0.25065525459490345,0.2182491115086122,0.33235633186436286,True,15,T1_A0_L3,1,1,1.0,1.0,2025-02-26 02:49:17+00:00,115.092920672,-21.793288892,1,0,3,phisat_PHISAT-2_L1_000001659_20250226024917_20250226024919_B637009B.zip
1659,4,MS4,705,0.6447089548432814,-1.154997667822954,1.3227506375472209,0.9738328979583456,0.975336508646978,0.977715161423138,0.0023786527761602,ok,,False,MS4,705,0.4702116718451634,-0.9892218711706846,1.095289426015724,0.9189878837496508,0.9765228095088326,0.9784231905963676,0.0019003810875348,ok,,False,MS4,705,4096,2048,0.174497282998118,-0.1657757966522695,0.24068842209258817,True,15,T1_A0_L3,1,1,1.0,1.0,2025-02-26 02:49:17+00:00,115.092920672,-21.793288892,1,0,3,phisat_PHISAT-2_L1_000001659_20250226024917_20250226024919_B637009B.zip
1659,5,MS5,740,-1.0209097970523544,-1.4997657902367791,1.8142641040603849,0.6725511702825315,0.841927652258177,0.8422487497254343,0.0003210974672572,ok,,False,MS5,740,-0.5448508897579813,-0.7681203010561148,0.9417384397828308,0.7051410670392215,0.8429234336168833,0.8437303918569758,0.0008069582400925,ok,,False,MS5,740,4096,2048,-0.47605890729437306,-0.7316454891806643,0.872890144893804,True,15,T1_A0_L3,1,1,1.0,1.0,2025-02-26 02:49:17+00:00,115.092920672,-21.793288892,1,0,3,phisat_PHISAT-2_L1_000001659_20250226024917_20250226024919_B637009B.zip
1659,6,MS6,783,-0.98473326563726,-1.242176082581409,1.5851501583729908,0.639809534070082,0.8197380115722019,0.8201447223739916,0.0004067108017896,ok,,False,MS6,783,-0.7570800163821332,-0.863889017690326,1.148683762439048,0.6783950624521822,0.8207401530251313,0.8215650034275064,0.0008248504023751,ok,,False,MS6,783,4096,2048,-0.22765324925512687,-0.378287064891083,0.4415054986750758,True,15,T1_A0_L3,1,1,1.0,1.0,2025-02-26 02:49:17+00:00,115.092920672,-21.793288892,1,0,3,phisat_PHISAT-2_L1_000001659_20250226024917_20250226024919_B637009B.zip
1659,7,MS7,842,0.7853075308005373,-0.8807727460275601,1.1800290454378508,0.7524970759404823,0.8000768037137881,0.8020931510486011,0.002016347334813,ok,,False,MS7,842,0.8744568845584126,-0.7963600581606443,1.182735889869429,0.6532958757015876,0.8009704494927778,0.8027538250442765,0.0017833755514986,ok,,False,MS7,842,4096,2048,-0.08914935375787536,-0.0844126878669158,0.12277259119349139,True,15,T1_A0_L3,1,1,1.0,1.0,2025-02-26 02:49:17+00:00,115.092920672,-21.793288892,1,0,3,phisat_PHISAT-2_L1_000001659_20250226024917_20250226024919_B637009B.zip
1829,0,PAN,625,1.766497824374028,-0.3353522049251296,1.7980477370932952,0.1745243412733543,0.654728881466159,0.6556978454825874,0.0009689640164283,ok,,False,PAN,625,0.7782872535588012,-0.4325881900999775,0.8904288805211094,0.2044867210497614,0.6556927519278617,0.6565954979271605,0.0009027459992988,ok,,False,PAN,625,4096,2048,0.9882105708152267,0.09723598517484788,0.9929828644462498,True,16,T1_A2_L1,67,1,0.0149253731343283,67.0,2025-03-23 16:11:44+00:00,-80.929568011,26.631115124,1,2,1,phisat_PHISAT-2_L1_000001829_20250323161144_20250323161147_95FE5DAA.zip
1829,1,MS1,490,2.050042252065168,0.0519337965677095,2.050699966957225,0.5972825288772583,0.9884148061517136,0.9885964173942796,0.0001816112425661,ok,,False,MS1,490,1.4804252376027307,0.8477395050704217,1.7059663398168632,1.037506577791646,0.9887151988430752,0.9891971866172125,0.0004819877741372,ok,,False,MS1,490,4096,2048,0.5696170144624375,-0.7958057085027123,0.9786573807265772,True,16,T1_A2_L1,67,1,0.0149253731343283,67.0,2025-03-23 16:11:44+00:00,-80.929568011,26.631115124,1,2,1,phisat_PHISAT-2_L1_000001829_20250323161144_20250323161147_95FE5DAA.zip
1829,2,MS2,560,0.0598829204318462,0.8453036293444711,0.8474220848800094,0.8707890240475535,0.996727655214562,0.9970022358731844,0.0002745806586224,ok,,False,MS2,560,-0.3227968854066603,1.0579395373645184,1.1060894601917568,1.0429335193475708,0.996963763133364,0.99717608827773,0.0002123251443657,ok,,False,MS2,560,4096,2048,0.38267980583850647,-0.21263590802004728,0.4377874634752656,True,16,T1_A2_L1,67,1,0.0149253731343283,67.0,2025-03-23 16:11:44+00:00,-80.929568011,26.631115124,1,2,1,phisat_PHISAT-2_L1_000001829_20250323161144_20250323161147_95FE5DAA.zip
1829,4,MS4,705,0.130910423856676,-1.1864661147214974,1.1936663606119844,0.6198457619175315,0.9906375312164976,0.9913490276403708,0.0007114964238732,ok,,False,MS4,705,0.2653800957637031,-1.763249485929009,1.7831083379470996,0.9908284769044258,0.991132813343953,0.9916852109250556,0.0005523975811025,ok,,False,MS4,705,4096,2048,-0.13446967190702708,0.5767833712075117,0.5922509180780438,True,16,T1_A2_L1,67,1,0.0149253731343283,67.0,2025-03-23 16:11:44+00:00,-80.929568011,26.631115124,1,2,1,phisat_PHISAT-2_L1_000001829_20250323161144_20250323161147_95FE5DAA.zip
1829,5,MS5,740,0.1725855497197699,-1.859107967255568,1.8671015521082952,0.4655840778723359,0.9338386032953496,0.9344089606441844,0.0005703573488348,ok,,False,MS5,740,0.4944828945065183,-1.8144567695849216,1.880629336592433,0.7840173225849867,0.9343612283588456,0.9349400544719942,0.0005788261131485,ok,,False,MS5,740,4096,2048,-0.32189734478674836,-0.04465119767064629,0.3249794301708677,True,16,T1_A2_L1,67,1,0.0149253731343283,67.0,2025-03-23 16:11:44+00:00,-80.929568011,26.631115124,1,2,1,phisat_PHISAT-2_L1_000001829_20250323161144_20250323161147_95FE5DAA.zip
1829,6,MS6,783,0.8265592315481172,-2.8949655736996647,3.010652061624465,0.3928634189069271,0.8955610399918189,0.8973166544880966,0.0017556144962777,ok,,False,MS6,783,0.7170758312931866,-2.646370300048602,2.7418011439205694,0.6415397516684607,0.8960776208225782,0.8979352471849691,0.0018576263623908,ok,,False,MS6,783,4096,2048,0.10948340025493053,-0.2485952736510626,0.27163619974706615,True,16,T1_A2_L1,67,1,0.0149253731343283,67.0,2025-03-23 16:11:44+00:00,-80.929568011,26.631115124,1,2,1,phisat_PHISAT-2_L1_000001829_20250323161144_20250323161147_95FE5DAA.zip
1829,7,MS7,842,1.0424065847230397,-1.0192023925742433,1.4578700233227286,0.5340348221361637,0.8869467681432848,0.8880555212527651,0.0011087531094803,ok,,False,MS7,842,1.192290675515551,-1.1488840691831683,1.655745046601138,0.7036518903914839,0.887428177256561,0.8887198082010046,0.0012916309444436,ok,,False,MS7,842,4096,2048,-0.1498840907925112,0.12968167660892505,0.1981983297628907,True,16,T1_A2_L1,67,1,0.0149253731343283,67.0,2025-03-23 16:11:44+00:00,-80.929568011,26.631115124,1,2,1,phisat_PHISAT-2_L1_000001829_20250323161144_20250323161147_95FE5DAA.zip
1913,0,PAN,625,0.1052102907576681,-1.7333944722468004,1.7365844643140964,0.1919458864722401,0.554362040676024,0.5556653671414609,0.0013033264654368,ok,,False,PAN,625,0.1615496573274413,-1.7520880621791548,1.7595200679200336,0.2085611544753192,0.5552967215373047,0.5566369470030378,0.001340225465733,ok,,False,PAN,625,4096,2048,-0.0563393665697732,0.01869358993235437,0.05935970459867787,True,17,T1_A2_L2,102,1,0.0098039215686274,102.0,2025-04-03 09:08:09+00:00,29.591543108,45.172319452,1,2,2,phisat_PHISAT-2_L1_000001913_20250403090809_20250403090812_B1BC6163.zip
1913,1,MS1,490,0.1173724466543717,-0.549494272785978,0.5618898887310788,0.7554307882674038,0.9971548038266478,0.9966212899873864,-0.0005335138392612,ok,,False,MS1,490,0.2009223788797953,1.1254058787396843,1.1432008547217576,1.1056507312459871,0.997470025961578,0.9975255565403466,5.553057876861445e-05,ok,,False,MS1,490,4096,2048,-0.0835499322254236,-1.6749001515256623,1.6769827395520682,True,17,T1_A2_L2,102,1,0.0098039215686274,102.0,2025-04-03 09:08:09+00:00,29.591543108,45.172319452,1,2,2,phisat_PHISAT-2_L1_000001913_20250403090809_20250403090812_B1BC6163.zip
1913,2,MS2,560,-0.1242623151147199,0.055337742721349,0.136027161725753,1.0517916111275554,0.9941445484010322,0.9942699477124436,0.0001253993114115,ok,,False,MS2,560,-0.4721414057626134,0.347050647460037,0.585970698019899,0.9281698088161648,0.9944270299346536,0.9946063679857235,0.0001793380510701,ok,,False,MS2,560,4096,2048,0.34787909064789346,-0.291712904738688,0.45400030892179816,True,17,T1_A2_L2,102,1,0.0098039215686274,102.0,2025-04-03 09:08:09+00:00,29.591543108,45.172319452,1,2,2,phisat_PHISAT-2_L1_000001913_20250403090809_20250403090812_B1BC6163.zip
1913,4,MS4,705,-1.0876521896834674,-1.967338177109923,2.2479783781961595,0.9066546852700412,0.9947413037402716,0.9963543137241933,0.0016130099839217,ok,,False,MS4,705,-1.1068417071228396,-2.1039379877965985,2.3773206811703385,0.9910334264859556,0.9952662212588216,0.9967942744567454,0.0015280531979239,ok,,False,MS4,705,4096,2048,0.01918951743937214,0.13659981068667548,0.1379410956140031,True,17,T1_A2_L2,102,1,0.0098039215686274,102.0,2025-04-03 09:08:09+00:00,29.591543108,45.172319452,1,2,2,phisat_PHISAT-2_L1_000001913_20250403090809_20250403090812_B1BC6163.zip
1913,5,MS5,740,-1.0283493736101263,-3.001007781930639,3.172309906269025,0.8359476937912405,0.9903336992788048,0.9939739720927218,0.0036402728139169,ok,,False,MS5,740,-0.8810819425457339,-3.0237571731754542,3.1495099351820084,0.9958547555143014,0.990966563358512,0.9947522971549894,0.0037857337964773,ok,,False,MS5,740,4096,2048,-0.14726743106439244,0.022749391244815342,0.1490141974924378,True,17,T1_A2_L2,102,1,0.0098039215686274,102.0,2025-04-03 09:08:09+00:00,29.591543108,45.172319452,1,2,2,phisat_PHISAT-2_L1_000001913_20250403090809_20250403090812_B1BC6163.zip
1913,6,MS6,783,-0.8541065390641052,-3.060408019704937,3.177356641478315,0.7467356629204005,0.9873038877444528,0.9914159873385696,0.0041120995941167,ok,,False,MS6,783,-0.9032651214215548,-3.2526130390924664,3.3757042912036925,0.9497233385918662,0.9879433902020855,0.9920185028588312,0.0040751126567455,ok,,False,MS6,783,4096,2048,0.04915858235744963,0.19220501938752932,0.19839187407037284,True,17,T1_A2_L2,102,1,0.0098039215686274,102.0,2025-04-03 09:08:09+00:00,29.591543108,45.172319452,1,2,2,phisat_PHISAT-2_L1_000001913_20250403090809_20250403090812_B1BC6163.zip
1913,7,MS7,842,-0.2307388077279029,-1.3764674654157716,1.395672984885719,0.957413681782782,0.9936486186163463,0.995207700533048,0.0015590819167015,ok,,False,MS7,842,-0.4339366752128626,-1.6080467774877434,1.6655676139633329,0.9524828169960528,0.9941661026659238,0.9954635907314372,0.0012974880655134,ok,,False,MS7,842,4096,2048,0.20319786748495972,0.2315793120719718,0.3080882197198766,True,17,T1_A2_L2,102,1,0.0098039215686274,102.0,2025-04-03 09:08:09+00:00,29.591543108,45.172319452,1,2,2,phisat_PHISAT-2_L1_000001913_20250403090809_20250403090812_B1BC6163.zip
1979,0,PAN,625,-0.4858046430008471,0.1182272601963632,0.4999838359534427,0.4530310512855067,0.8607175469476394,0.8553845388144106,-0.0053330081332287,ok,,False,PAN,625,0.9615013193401863,0.4040721090311763,1.0429568813665415,0.7729683718062006,0.871667257044076,0.8901838216354435,0.0185165645913675,ok,,False,PAN,625,4096,2048,-1.4473059623410334,-0.2858448488348131,1.475263307424577,True,18,T1_A0_L1,27,1,0.037037037037037,27.0,2025-04-09 13:38:16+00:00,-46.662252871,-23.622386414,1,0,1,phisat_PHISAT-2_L1_000001979_20250409133816_20250409133819_6C4A2EA2.zip
1979,1,MS1,490,-2.762627026039354,-1.1697647161972782,3.000076261741216,0.3073315172223374,0.8181275914001863,0.8007831521165841,-0.0173444392836021,ok,,False,MS1,490,-1.031138854043547,-0.3311655392380999,1.0830133658903298,0.6745246959617361,0.8313664937294298,0.8375814953770591,0.0062150016476292,ok,,False,MS1,490,4096,2048,-1.7314881719958068,-0.8385991769591783,1.923876261446664,True,18,T1_A0_L1,27,1,0.037037037037037,27.0,2025-04-09 13:38:16+00:00,-46.662252871,-23.622386414,1,0,1,phisat_PHISAT-2_L1_000001979_20250409133816_20250409133819_6C4A2EA2.zip
1979,2,MS2,560,2.657393679728102,-0.0189535934600826,2.6574612711691423,0.4191837420949014,0.8758774056488944,0.8418622358932484,-0.034015169755646,ok,,False,MS2,560,-0.7139481784838608,-0.1025867021653539,0.7212808281256239,0.7498663192673121,0.8872268094339741,0.887298075681118,7.126624714381968e-05,ok,,False,MS2,560,4096,2048,3.371341858211963,0.0836331087052713,3.37237904479965,True,18,T1_A0_L1,27,1,0.037037037037037,27.0,2025-04-09 13:38:16+00:00,-46.662252871,-23.622386414,1,0,1,phisat_PHISAT-2_L1_000001979_20250409133816_20250409133819_6C4A2EA2.zip
1979,4,MS4,705,-1.029463332802152,1.3649955318674074,1.7096805419732952,0.3975291977403685,0.7604960522761429,0.7797160901276211,0.0192200378514781,ok,,False,MS4,705,-0.526234873013891,1.8414387152008656,1.9151552635273623,0.5847429422283312,0.7792796066686405,0.8144544992455998,0.0351748925769592,ok,,False,MS4,705,4096,2048,-0.503228459788261,-0.47644318333345814,0.69299133449545,True,18,T1_A0_L1,27,1,0.037037037037037,27.0,2025-04-09 13:38:16+00:00,-46.662252871,-23.622386414,1,0,1,phisat_PHISAT-2_L1_000001979_20250409133816_20250409133819_6C4A2EA2.zip
1979,5,MS5,740,0.4280062109044138,1.318856238652188,1.386568099591416,0.4543702183582354,0.2866708707282532,0.3201400653622301,0.0334691946339769,ok,,False,MS5,740,0.8731675479302794,2.408700816828514,2.5620814178610574,0.5845992483082227,0.2909978932694286,0.3308749833529791,0.0398770900835505,ok,,False,MS5,740,4096,2048,-0.4451613370258656,-1.0898445781763257,1.177255206216133,True,18,T1_A0_L1,27,1,0.037037037037037,27.0,2025-04-09 13:38:16+00:00,-46.662252871,-23.622386414,1,0,1,phisat_PHISAT-2_L1_000001979_20250409133816_20250409133819_6C4A2EA2.zip
1979,6,MS6,783,0.0624102714309628,2.8202115143492392,2.820901988309433,0.1811426700733136,0.0135938547099991,0.0327886438461888,0.0191947891361896,ok,,False,MS6,783,1.8533820502591425,2.527145555567813,3.133925602698464,0.3593028803588822,0.0121083966479905,0.0402238413744826,0.028115444726492,ok,,False,MS6,783,4096,2048,-1.7909717788281796,0.29306595878142616,1.8147913292594966,True,18,T1_A0_L1,27,1,0.037037037037037,27.0,2025-04-09 13:38:16+00:00,-46.662252871,-23.622386414,1,0,1,phisat_PHISAT-2_L1_000001979_20250409133816_20250409133819_6C4A2EA2.zip
1979,7,MS7,842,0.3510495117022856,1.440248647635599,1.4824142223692354,0.2244682727614417,0.0023242203240148,0.0189009252364857,0.0165767049124709,ok,,False,MS7,842,0.1613501814363189,1.6047674098060725,1.6128584316750258,0.3607693000230938,-0.0004243388323737,0.0119511297383341,0.0123754685707078,ok,,False,MS7,842,4096,2048,0.1896993302659667,-0.16451876217047356,0.25110208881939067,True,18,T1_A0_L1,27,1,0.037037037037037,27.0,2025-04-09 13:38:16+00:00,-46.662252871,-23.622386414,1,0,1,phisat_PHISAT-2_L1_000001979_20250409133816_20250409133819_6C4A2EA2.zip
2039,0,PAN,625,-931.0966174099144,-1438.5139959636494,1713.5528668633165,0.0067576492219814,0.1556596910539912,0.4850500770400415,0.3293903859860503,ok,,True,PAN,625,-726.667870902962,-1561.0703657241745,1721.9137264523015,0.0028411993771442,0.1616964607698132,0.4695909173075368,0.3078944565377235,ok,,True,PAN,625,4096,2048,-204.4287465069524,122.55636976052506,238.3509516810922,True,19,T1_A1_L2,20,1,0.05,20.0,2025-04-16 09:30:17+00:00,15.347628106,-4.243915901,1,1,2,phisat_PHISAT-2_L1_000002039_20250416093017_20250416093020_87F1E8DD.zip
2039,1,MS1,490,-719.8374435688111,-1443.3099200374509,1612.857548093505,0.0056185385728895,0.001858201755023,0.0001956313352499,-0.001662570419773,ok,,True,MS1,490,-460.14278029121806,-1558.2259135386616,1624.745941948319,-0.0001504188803664,0.0054936785349247,0.0079010270449876,0.0024073485100628,ok,,True,MS1,490,4096,2048,-259.694663277593,114.91599350121078,283.98416099711045,True,19,T1_A1_L2,20,1,0.05,20.0,2025-04-16 09:30:17+00:00,15.347628106,-4.243915901,1,1,2,phisat_PHISAT-2_L1_000002039_20250416093017_20250416093020_87F1E8DD.zip
2039,2,MS2,560,-1558.9204080110012,-1531.5666841641232,2185.389975852061,-0.0020143887086305,-0.0530287637196502,0.4213908514582105,0.4744196151778607,ok,,True,MS2,560,-1634.4779529395896,-1277.4025377440005,2074.433759386017,0.0019375851406948,-0.05485332608046,0.4179789153159338,0.4728322413963939,ok,,True,MS2,560,4096,2048,75.55754492858841,-254.16414642012273,265.15722867971226,True,19,T1_A1_L2,20,1,0.05,20.0,2025-04-16 09:30:17+00:00,15.347628106,-4.243915901,1,1,2,phisat_PHISAT-2_L1_000002039_20250416093017_20250416093020_87F1E8DD.zip
2039,4,MS4,705,-1069.7225505697656,1052.5307178324108,1500.708914872666,0.0039082450603018,0.6673041053284181,0.4218547464819684,-0.2454493588464496,ok,,True,MS4,705,-925.7228712007628,892.1887098971538,1285.676292202719,0.0008836762717692,0.6761653162940111,0.4887131571111833,-0.1874521591828277,ok,,True,MS4,705,4096,2048,-143.99967936900282,160.34200793525702,215.51210445607376,True,19,T1_A1_L2,20,1,0.05,20.0,2025-04-16 09:30:17+00:00,15.347628106,-4.243915901,1,1,2,phisat_PHISAT-2_L1_000002039_20250416093017_20250416093020_87F1E8DD.zip
2039,5,MS5,740,-1203.6017167917462,732.7257403216774,1409.0933621282832,0.0005766224130638,0.6624636379192677,0.4492015505379675,-0.2132620873813001,ok,,True,MS5,740,-1615.4493789815428,734.0962598309379,1774.4221636210546,0.0041992368933279,0.6714332351118343,0.3423076188540791,-0.3291256162577551,ok,,True,MS5,740,4096,2048,411.84766218979667,-1.3705195092604754,411.8499425457361,True,19,T1_A1_L2,20,1,0.05,20.0,2025-04-16 09:30:17+00:00,15.347628106,-4.243915901,1,1,2,phisat_PHISAT-2_L1_000002039_20250416093017_20250416093020_87F1E8DD.zip
2039,6,MS6,783,-1316.2348914097156,65.56762660290497,1317.866989882774,-0.0005062174459453,0.6644633266446159,0.454233900547079,-0.2102294260975369,ok,,True,MS6,783,-259.7226199934344,78.4137945302723,271.3016080101437,0.0515708388993516,0.6734688367638862,0.6754703859913033,0.002001549227417,ok,,True,MS6,783,4096,2048,-1056.5122714162812,-12.846167927367333,1056.5903670219636,True,19,T1_A1_L2,20,1,0.05,20.0,2025-04-16 09:30:17+00:00,15.347628106,-4.243915901,1,1,2,phisat_PHISAT-2_L1_000002039_20250416093017_20250416093020_87F1E8DD.zip
2039,7,MS7,842,-1482.1078745840082,1048.7665896036142,1815.6417904897207,0.0006796211055188,0.6457570708210649,0.2933522148188445,-0.3524048560022204,ok,,True,MS7,842,-105.23425769963842,203.63295244046208,229.21742584981047,0.0553434504545293,0.6567470216371771,0.6841113532854769,0.0273643316482997,ok,,True,MS7,842,4096,2048,-1376.8736168843698,845.1336371631521,1615.5592906287484,True,19,T1_A1_L2,20,1,0.05,20.0,2025-04-16 09:30:17+00:00,15.347628106,-4.243915901,1,1,2,phisat_PHISAT-2_L1_000002039_20250416093017_20250416093020_87F1E8DD.zip
2051,0,PAN,625,1.0382040907147712,-0.0683927628865603,1.0404543738156624,0.927339565299917,0.8933572019168092,0.894131350376387,0.0007741484595777,ok,,False,PAN,625,0.8053574330469928,0.2724040495279496,0.8501791347494169,0.8464142885932233,0.8937985435554364,0.894690838755284,0.0008922951998475,ok,,False,PAN,625,4096,2048,0.23284665766777835,-0.3407968124145099,0.4127469361957108,True,20,T1_A2_L3,87,1,0.0114942528735632,87.0,2025-04-18 03:54:55+00:00,106.517190374,29.560622834,1,2,3,phisat_PHISAT-2_L1_000002051_20250418035455_20250418035458_CDFBA153.zip
2051,1,MS1,490,0.9882368996613876,-3.560508400227264,3.69510923220698,0.525073905067984,0.9878699198820284,0.9890516851064012,0.0011817652243726,ok,,False,MS1,490,0.1872023461560275,-2.211696459181894,2.219604907627492,0.8643549283733591,0.9884672403967146,0.9897848902479844,0.0013176498512698,ok,,False,MS1,490,4096,2048,0.8010345535053601,-1.3488119410453696,1.5687415364603912,True,20,T1_A2_L3,87,1,0.0114942528735632,87.0,2025-04-18 03:54:55+00:00,106.517190374,29.560622834,1,2,3,phisat_PHISAT-2_L1_000002051_20250418035455_20250418035458_CDFBA153.zip
2051,2,MS2,560,0.1886402239456401,-0.7786259751596845,0.8011513859961992,0.996812800411135,0.9945964160792776,0.9948945788605932,0.0002981627813155,ok,,False,MS2,560,-0.5083137938527216,-0.8540137946311006,0.9938422784532558,0.8647459876956418,0.995004909277786,0.99508030854672,7.539926893418425e-05,ok,,False,MS2,560,4096,2048,0.6969540177983616,0.07538781947141615,0.7010194193101457,True,20,T1_A2_L3,87,1,0.0114942528735632,87.0,2025-04-18 03:54:55+00:00,106.517190374,29.560622834,1,2,3,phisat_PHISAT-2_L1_000002051_20250418035455_20250418035458_CDFBA153.zip
2051,4,MS4,705,2.2896375630743933,2.0970873180690432,3.1048696252575985,0.8088027300545946,0.9860980711065916,0.9895250647552394,0.0034269936486477,ok,,False,MS4,705,2.2910082042899376,2.3087687759248183,3.25255774011918,0.791520603641402,0.986992475643838,0.9902438964622556,0.0032514208184176,ok,,False,MS4,705,4096,2048,-0.0013706412155443104,-0.21168145785577508,0.21168589527242487,True,20,T1_A2_L3,87,1,0.0114942528735632,87.0,2025-04-18 03:54:55+00:00,106.517190374,29.560622834,1,2,3,phisat_PHISAT-2_L1_000002051_20250418035455_20250418035458_CDFBA153.zip
2051,5,MS5,740,1.9151274645003007,3.6267654010709975,4.10135837006339,0.2833256444137078,0.920434890057242,0.9234548503324308,0.0030199602751889,ok,,False,MS5,740,2.5504949056894475,3.480276354555599,4.314782470533901,0.236761414213106,0.921804415144057,0.925085250452033,0.003280835307976,ok,,False,MS5,740,4096,2048,-0.6353674411891468,0.1464890465153985,0.6520359085757735,True,20,T1_A2_L3,87,1,0.0114942528735632,87.0,2025-04-18 03:54:55+00:00,106.517190374,29.560622834,1,2,3,phisat_PHISAT-2_L1_000002051_20250418035455_20250418035458_CDFBA153.zip
2051,6,MS6,783,1.6320078675591958,3.893861563671408,4.222038317781194,0.1663726730184862,0.8726242556733013,0.8750719477949405,0.0024476921216392,ok,,False,MS6,783,2.380692242111764,3.372912272969643,4.1284661501337725,0.1369308258290402,0.8743082241301646,0.8774720726616467,0.0031638485314821,ok,,False,MS6,783,4096,2048,-0.748684374552568,0.5209492907017652,0.9120945434448351,True,20,T1_A2_L3,87,1,0.0114942528735632,87.0,2025-04-18 03:54:55+00:00,106.517190374,29.560622834,1,2,3,phisat_PHISAT-2_L1_000002051_20250418035455_20250418035458_CDFBA153.zip
2051,7,MS7,842,2.0633633620757337,1.9060536706626865,2.8090049767494496,0.1759077878377866,0.8809043622411146,0.8822721210326419,0.0013677587915272,ok,,False,MS7,842,3.093486065046364,1.5465392289891042,3.458531425538627,0.1323441609274596,0.8826215027045418,0.8854604932584027,0.0028389905538609,ok,,False,MS7,842,4096,2048,-1.0301227029706301,0.35951444167358226,1.0910561016498577,True,20,T1_A2_L3,87,1,0.0114942528735632,87.0,2025-04-18 03:54:55+00:00,106.517190374,29.560622834,1,2,3,phisat_PHISAT-2_L1_000002051_20250418035455_20250418035458_CDFBA153.zip
2111,0,PAN,625,0.4820478666108556,0.2373015369116728,0.5372915085172288,0.676083856204059,0.7949231370274056,0.7999252946591713,0.0050021576317657,ok,,False,PAN,625,0.4276692683217789,0.804547800661112,0.9111521094831084,0.618363777641207,0.8004102791729507,0.804944514784517,0.0045342356115662,ok,,False,PAN,625,4096,2048,0.05437859828907671,-0.5672462637494392,0.5698467826438816,True,21,T1_A1_L0,3,1,0.3333333333333333,3.0,2025-04-24 17:34:55+00:00,-99.176478747,19.419881756,1,1,0,phisat_PHISAT-2_L1_000002111_20250424173455_20250424173458_83809893.zip
2111,1,MS1,490,1.777841230559261,1.0219291737860203,2.050623972675499,0.5387515062466264,0.9165405324246326,0.8979959012235487,-0.0185446312010839,ok,,False,MS1,490,-0.2761331323281411,-0.2559925667278548,0.37653910950825,0.6689750966615975,0.9250046754225713,0.9261940811973274,0.0011894057747562,ok,,False,MS1,490,4096,2048,2.053974362887402,1.2779217405138752,2.4190689651758013,True,21,T1_A1_L0,3,1,0.3333333333333333,3.0,2025-04-24 17:34:55+00:00,-99.176478747,19.419881756,1,1,0,phisat_PHISAT-2_L1_000002111_20250424173455_20250424173458_83809893.zip
2111,2,MS2,560,0.6904499154613859,0.1848791392608291,0.7147736578067633,0.69968343450455,0.9627075153018586,0.9586232878571828,-0.0040842274446757,ok,,False,MS2,560,-0.5521807744016769,-0.5235031951970086,0.7608936870551055,0.8974927220551763,0.9679705538665224,0.9661930681715192,-0.0017774856950031,ok,,False,MS2,560,4096,2048,1.2426306898630628,0.7083823344578377,1.4303623887538037,True,21,T1_A1_L0,3,1,0.3333333333333333,3.0,2025-04-24 17:34:55+00:00,-99.176478747,19.419881756,1,1,0,phisat_PHISAT-2_L1_000002111_20250424173455_20250424173458_83809893.zip
2111,4,MS4,705,-0.7562073373301246,-1.0358755967426987,1.2825317886738554,0.4511990132159553,0.8666424340585892,0.8780018755253455,0.0113594414667562,ok,,False,MS4,705,-1.4754820135867703,-4.265127546188978,4.51313196767811,0.6226928983960534,0.8777102942903723,0.8743247615116816,-0.0033855327786906,ok,,False,MS4,705,4096,2048,0.7192746762566458,3.2292519494462795,3.308386950298695,True,21,T1_A1_L0,3,1,0.3333333333333333,3.0,2025-04-24 17:34:55+00:00,-99.176478747,19.419881756,1,1,0,phisat_PHISAT-2_L1_000002111_20250424173455_20250424173458_83809893.zip
2111,5,MS5,740,-0.4589833834579622,-0.9704149910703564,1.0734854452597848,0.3360742445802316,0.7982447912184112,0.8024625445501685,0.0042177533317573,ok,,False,MS5,740,-0.0181302195483112,-0.5773396582485475,0.5776242600925099,0.4977078978554345,0.8092905643979436,0.8173311003433548,0.0080405359454112,ok,,False,MS5,740,4096,2048,-0.440853163909651,-0.39307533282180895,0.5906434875643052,True,21,T1_A1_L0,3,1,0.3333333333333333,3.0,2025-04-24 17:34:55+00:00,-99.176478747,19.419881756,1,1,0,phisat_PHISAT-2_L1_000002111_20250424173455_20250424173458_83809893.zip
2111,6,MS6,783,-1.9629049973982544,-7.042428625082266,7.310868414093441,0.2254992995876819,0.737094314966377,0.6891581329461528,-0.0479361820202242,ok,,False,MS6,783,-1.7763681021287994,-5.787866196380946,6.054327274063562,0.3996124851109925,0.7487725202880687,0.7174026338327282,-0.0313698864553405,ok,,False,MS6,783,4096,2048,-0.18653689526945505,-1.2545624287013197,1.2683544066252626,True,21,T1_A1_L0,3,1,0.3333333333333333,3.0,2025-04-24 17:34:55+00:00,-99.176478747,19.419881756,1,1,0,phisat_PHISAT-2_L1_000002111_20250424173455_20250424173458_83809893.zip
2111,7,MS7,842,-1.0223199702472812,-2.672572257578395,2.861429816288368,0.4895281344070099,0.798462073802431,0.7959951803147832,-0.0024668934876477,ok,,False,MS7,842,-0.3885180024644796,-1.3267749857718627,1.3824898195317448,0.7293356162845157,0.8096736774985485,0.825070833799905,0.0153971563013565,ok,,False,MS7,842,4096,2048,-0.6338019677828015,-1.345797271806532,1.4875736052939552,True,21,T1_A1_L0,3,1,0.3333333333333333,3.0,2025-04-24 17:34:55+00:00,-99.176478747,19.419881756,1,1,0,phisat_PHISAT-2_L1_000002111_20250424173455_20250424173458_83809893.zip
2124,0,PAN,625,1.0441956995525743,0.5764701984232943,1.1927541861734472,0.9419750324450432,0.9843285952479952,0.9847920780306796,0.0004634827826845,ok,,False,PAN,625,0.6578431989178171,0.7503222786749575,0.9978683261024008,0.968457238865085,0.985229502505974,0.9855038669739272,0.0002743644679533,ok,,False,PAN,625,4096,2048,0.38635250063475723,-0.1738520802516632,0.4236659067644703,True,22,T1_A0_L2,8,1,0.125,8.0,2025-04-26 09:13:01+00:00,17.86631761,-33.122776064,1,0,2,phisat_PHISAT-2_L1_000002124_20250426091301_20250426091304_C023A343.zip
2124,1,MS1,490,1.2151215153385235,-0.8357386708212289,1.4747811440836314,0.6205123241525143,0.8476053870864338,0.8453860078483053,-0.0022193792381285,ok,,False,MS1,490,0.4141228275329922,0.8342749152895976,0.9314034306171444,0.8540219223650638,0.8487812731136538,0.8486997502189089,-8.152289474494534e-05,ok,,False,MS1,490,4096,2048,0.8009986878055313,-1.6700135861108265,1.8521728525331878,True,22,T1_A0_L2,8,1,0.125,8.0,2025-04-26 09:13:01+00:00,17.86631761,-33.122776064,1,0,2,phisat_PHISAT-2_L1_000002124_20250426091301_20250426091304_C023A343.zip
2124,2,MS2,560,0.6934325912811801,0.4237557692649716,0.8126608829249012,0.9252216232125648,0.9386497343409136,0.9391210922044406,0.0004713578635269,ok,,False,MS2,560,-0.1326238462147557,0.5755250706888546,0.5906083233211383,0.9469410938909276,0.9396905318215998,0.9399940023154651,0.0003034704938653,ok,,False,MS2,560,4096,2048,0.8260564374959358,-0.151769301423883,0.8398828244363439,True,22,T1_A0_L2,8,1,0.125,8.0,2025-04-26 09:13:01+00:00,17.86631761,-33.122776064,1,0,2,phisat_PHISAT-2_L1_000002124_20250426091301_20250426091304_C023A343.zip
2124,4,MS4,705,-0.7234477250867712,1.2365987706059514,1.4326734207059804,0.9134281502338126,0.9835196483892228,0.9853161621107044,0.0017965137214814,ok,,False,MS4,705,-0.744448880539494,1.4857023377933274,1.6617808436316337,0.9326226728735492,0.9853576516200137,0.9862094985414004,0.0008518469213869,ok,,False,MS4,705,4096,2048,0.021001155452722742,-0.24910356718737603,0.24998727110760058,True,22,T1_A0_L2,8,1,0.125,8.0,2025-04-26 09:13:01+00:00,17.86631761,-33.122776064,1,0,2,phisat_PHISAT-2_L1_000002124_20250426091301_20250426091304_C023A343.zip
2124,5,MS5,740,-1.1577471736122789,1.3053794831473624,1.744819220730129,0.7916420310502872,0.9464173307450188,0.9486892061448432,0.0022718753998243,ok,,False,MS5,740,-0.8037267668810273,1.7306922165580545,1.9082117975360235,0.8270562570542097,0.9483569432211144,0.9495239701201303,0.0011670268990159,ok,,False,MS5,740,4096,2048,-0.35402040673125157,-0.4253127334106921,0.553372722117232,True,22,T1_A0_L2,8,1,0.125,8.0,2025-04-26 09:13:01+00:00,17.86631761,-33.122776064,1,0,2,phisat_PHISAT-2_L1_000002124_20250426091301_20250426091304_C023A343.zip
2124,6,MS6,783,-0.5115902300844937,1.2547811480585551,1.355064682235151,0.6179402493871748,0.9170708406761244,0.918197003982893,0.0011261633067684,ok,,False,MS6,783,-0.1306915767472674,1.8127222907771736,1.8174274103009265,0.7761571926530451,0.9188676667669732,0.9187018576875569,-0.0001658090794162,ok,,False,MS6,783,4096,2048,-0.3808986533372263,-0.5579411427186185,0.6755605841464334,True,22,T1_A0_L2,8,1,0.125,8.0,2025-04-26 09:13:01+00:00,17.86631761,-33.122776064,1,0,2,phisat_PHISAT-2_L1_000002124_20250426091301_20250426091304_C023A343.zip
2124,7,MS7,842,-0.5671372493852687,0.3676448982730562,0.6758753071880155,0.7511272908886895,0.9100919018693512,0.9107434161927304,0.0006515143233792,ok,,False,MS7,842,-0.1954443920367339,0.4572192656767129,0.4972403516254097,0.7460656508337706,0.911426399953606,0.9115539446099548,0.000127544656349,ok,,False,MS7,842,4096,2048,-0.37169285734853474,-0.08957436740365671,0.3823338168403149,True,22,T1_A0_L2,8,1,0.125,8.0,2025-04-26 09:13:01+00:00,17.86631761,-33.122776064,1,0,2,phisat_PHISAT-2_L1_000002124_20250426091301_20250426091304_C023A343.zip
2127,0,PAN,625,-1.9331178213697056,-18.26053186817217,18.36256977168033,0.2328265057876706,0.6256619459414485,0.6412217435767774,0.0155597976353288,ok,,False,PAN,625,-1.853874955016181,-18.544985098746565,18.6374173280948,0.2763860516424756,0.6267455316563334,0.6422399504184277,0.0154944187620943,ok,,False,PAN,625,4096,2048,-0.07924286635352451,0.2844532305743961,0.2952847308144007,True,23,T1_A1_L1,47,1,0.0212765957446808,47.0,2025-04-26 13:48:22+00:00,-48.501648702,-1.103290862,1,1,1,phisat_PHISAT-2_L1_000002127_20250426134822_20250426134825_FF2DF97B.zip
2127,1,MS1,490,0.9736262621624974,-1.8054783937218413,2.051267980681441,0.678236068226397,0.997257763798258,0.9973259139852256,6.815018696737507e-05,ok,,False,MS1,490,0.3699795528852974,-0.8996041996988424,0.9727140307762602,1.006015855818987,0.9975660633402182,0.9977750964923268,0.0002090331521085,ok,,False,MS1,490,4096,2048,0.6036467092772,-0.9058741940229988,1.0885758609385063,True,23,T1_A1_L1,47,1,0.0212765957446808,47.0,2025-04-26 13:48:22+00:00,-48.501648702,-1.103290862,1,1,1,phisat_PHISAT-2_L1_000002127_20250426134822_20250426134825_FF2DF97B.zip
2127,2,MS2,560,0.9622444489548344,-0.0040170450665755,0.962252833820436,0.903142774477601,0.9987906726248424,0.998906767063774,0.0001160944389317,ok,,False,MS2,560,0.9369833148434736,0.1101351802703902,0.9434338822770016,1.095108342327876,0.9990664544628862,0.9991896608933352,0.000123206430449,ok,,False,MS2,560,4096,2048,0.025261134111360772,-0.1141522253369657,0.11691388046751998,True,23,T1_A1_L1,47,1,0.0212765957446808,47.0,2025-04-26 13:48:22+00:00,-48.501648702,-1.103290862,1,1,1,phisat_PHISAT-2_L1_000002127_20250426134822_20250426134825_FF2DF97B.zip
2127,4,MS4,705,1.175857652720424,4.973122501274702,5.110243500279212,0.7070114826783538,0.9919474976625344,0.9956351249500496,0.003687627287515,ok,,False,MS4,705,1.297772890441138,4.842739818960126,5.013615803918954,1.003225403546821,0.9924646052702686,0.9960999405040784,0.0036353352338098,ok,,False,MS4,705,4096,2048,-0.121915237720714,0.1303826823145755,0.17850201409519648,True,23,T1_A1_L1,47,1,0.0212765957446808,47.0,2025-04-26 13:48:22+00:00,-48.501648702,-1.103290862,1,1,1,phisat_PHISAT-2_L1_000002127_20250426134822_20250426134825_FF2DF97B.zip
2127,5,MS5,740,-1.89186032999487,7.081254238991505,7.32961780077539,0.6410819757729769,0.9747092464715044,0.9813401400367724,0.0066308935652679,ok,,False,MS5,740,-1.7376799082144316,7.277118338949776,7.481709883608911,0.9830353780125732,0.9752561317242984,0.9818087318796896,0.0065526001553911,ok,,False,MS5,740,4096,2048,-0.15418042178043834,-0.19586409995827125,0.24926762347496623,True,23,T1_A1_L1,47,1,0.0212765957446808,47.0,2025-04-26 13:48:22+00:00,-48.501648702,-1.103290862,1,1,1,phisat_PHISAT-2_L1_000002127_20250426134822_20250426134825_FF2DF97B.zip
2127,6,MS6,783,1.0943279845246252,7.077405584226653,7.161509864641418,0.6055965330451727,0.9618592515526572,0.9674785542672044,0.0056193027145471,ok,,False,MS6,783,1.066632594415296,7.403464976427358,7.47990633287982,0.9441873945179396,0.9623585592333664,0.9679440107936644,0.0055854515602979,ok,,False,MS6,783,4096,2048,0.02769539010932931,-0.32605939220070557,0.3272334974839854,True,23,T1_A1_L1,47,1,0.0212765957446808,47.0,2025-04-26 13:48:22+00:00,-48.501648702,-1.103290862,1,1,1,phisat_PHISAT-2_L1_000002127_20250426134822_20250426134825_FF2DF97B.zip
2127,7,MS7,842,-0.820750475749719,4.117682347267873,4.1986830383401,0.8384151142090559,0.9694155817840212,0.972045711808926,0.0026301300249049,ok,,False,MS7,842,-0.7191854622642495,4.179755101212322,4.241176774816474,1.0276394428510685,0.9699091191806434,0.9723926595473016,0.0024835403666582,ok,,False,MS7,842,4096,2048,-0.10156501348546954,-0.06207275394444878,0.11903141915709352,True,23,T1_A1_L1,47,1,0.0212765957446808,47.0,2025-04-26 13:48:22+00:00,-48.501648702,-1.103290862,1,1,1,phisat_PHISAT-2_L1_000002127_20250426134822_20250426134825_FF2DF97B.zip
2176,0,PAN,625,-4.965594238549784,0.754902782522322,5.022649136957384,0.2044973619049415,0.7508148378520718,0.7288015486242846,-0.0220132892277872,ok,,False,PAN,625,-4.78258490666758,0.5627559510990068,4.81558019868654,0.2471652442181948,0.7570409437031781,0.7403575647428267,-0.0166833789603514,ok,,False,PAN,625,4096,2048,-0.1830093318822037,0.19214683142331523,0.2653541414449575,True,24,T2_A0_L1,55,1,0.0181818181818181,55.0,2025-05-01 13:42:50+00:00,-51.154232412,-30.24659762,2,0,1,phisat_PHISAT-2_L1_000002176_20250501134250_20250501134253_3F3B4624.zip
2176,1,MS1,490,4.247967610962405,-2.500821099274617,4.929435565494568,0.1011843534361105,0.6418017267127056,0.6765280554754862,0.0347263287627805,ok,,False,MS1,490,4.396577309624718,-1.2895189940836644,4.581784726022106,0.1797240349696949,0.647497350071517,0.6836368674638356,0.0361395173923185,ok,,False,MS1,490,4096,2048,-0.14860969866231244,-1.2113021051909527,1.220384215145598,True,24,T2_A0_L1,55,1,0.0181818181818181,55.0,2025-05-01 13:42:50+00:00,-51.154232412,-30.24659762,2,0,1,phisat_PHISAT-2_L1_000002176_20250501134250_20250501134253_3F3B4624.zip
2176,2,MS2,560,-2.0863475574215045,-1.0121359708796265,2.318893131195813,0.1546162737067788,0.7854193490569705,0.7794179736787478,-0.0060013753782227,ok,,False,MS2,560,23.863551208204854,-1.375280976082195,23.90314778496316,0.2949525388830807,0.7915003770680417,0.7836478069149833,-0.0078525701530584,ok,,False,MS2,560,4096,2048,-25.949898765626358,0.3631450052025684,25.952439581685955,True,24,T2_A0_L1,55,1,0.0181818181818181,55.0,2025-05-01 13:42:50+00:00,-51.154232412,-30.24659762,2,0,1,phisat_PHISAT-2_L1_000002176_20250501134250_20250501134253_3F3B4624.zip
2176,4,MS4,705,38.84510459304988,-0.7450376628539743,38.852248737544855,0.1127307456481503,0.4079564726215145,0.3901994623203573,-0.0177570103011572,ok,,False,MS4,705,0.3079926929285648,0.1642172100455354,0.349036947861582,0.1824301460728747,0.4124848391094337,0.4158598105845441,0.0033749714751103,ok,,False,MS4,705,4096,2048,38.53711190012132,-0.9092548728995098,38.547837008402475,True,24,T2_A0_L1,55,1,0.0181818181818181,55.0,2025-05-01 13:42:50+00:00,-51.154232412,-30.24659762,2,0,1,phisat_PHISAT-2_L1_000002176_20250501134250_20250501134253_3F3B4624.zip
2176,5,MS5,740,4.651977065946539,0.0253034159266007,4.652045881647141,0.1115860163845354,-0.3543072303910449,-0.3595202215249184,-0.0052129911338735,ok,,False,MS5,740,2.859784875621017,-0.9723180272044374,3.0205582068315526,0.1740861565049272,-0.3576124920138218,-0.3617208364661508,-0.004108344452329,ok,,False,MS5,740,4096,2048,1.7921921903255225,0.9976214431310381,2.0511463601748776,True,24,T2_A0_L1,55,1,0.0181818181818181,55.0,2025-05-01 13:42:50+00:00,-51.154232412,-30.24659762,2,0,1,phisat_PHISAT-2_L1_000002176_20250501134250_20250501134253_3F3B4624.zip
2176,6,MS6,783,-4.87001237790264,1.046336640773916,4.981148554977152,0.0524740924302022,-0.4224386028450548,-0.4224974278914462,-5.88250463913198e-05,ok,,False,MS6,783,-4.272663931619718,0.5205898853957933,4.30426194618084,0.0713824187696445,-0.4256875645642157,-0.4267496370745264,-0.0010620725103107,ok,,False,MS6,783,4096,2048,-0.5973484462829219,0.5257467553781228,0.7957605274624048,True,24,T2_A0_L1,55,1,0.0181818181818181,55.0,2025-05-01 13:42:50+00:00,-51.154232412,-30.24659762,2,0,1,phisat_PHISAT-2_L1_000002176_20250501134250_20250501134253_3F3B4624.zip
2176,7,MS7,842,51.57459505278212,-1.3370471014027316,51.59192330016227,0.0226385856803972,-0.4446569728502984,-0.4441632806994393,0.0004936921508591,ok,,False,MS7,842,3.114767179710725,-1.6037399697502224,3.5033921382536595,0.0366029665456153,-0.4480621329943889,-0.4491288447920736,-0.0010667117976846,ok,,False,MS7,842,4096,2048,48.4598278730714,0.26669286834749073,48.460561723671084,True,24,T2_A0_L1,55,1,0.0181818181818181,55.0,2025-05-01 13:42:50+00:00,-51.154232412,-30.24659762,2,0,1,phisat_PHISAT-2_L1_000002176_20250501134250_20250501134253_3F3B4624.zip
2241,0,PAN,625,-0.0160761915090006,-0.5490286631593335,0.5492639774315797,0.609335996909067,0.9896260063589012,0.9900355544591072,0.0004095481002059,ok,,False,PAN,625,-0.001578861256803,0.0197204446283194,0.0197835471846392,0.8530997887719423,0.9910852981339746,0.9910885463426292,3.248208654715868e-06,ok,,False,PAN,625,4096,2048,-0.014497330252197599,-0.568749107787653,0.5689338451821025,True,25,T2_A2_L3,86,1,0.0116279069767441,86.0,2025-05-12 03:07:58+00:00,119.247239338,37.873493014,2,2,3,phisat_PHISAT-2_L1_000002241_20250512030758_20250512030801_0DE44950.zip
2241,1,MS1,490,1.9031730202623287,0.0961521302274377,1.905600371851798,0.2571907601668499,0.8101334534248605,0.8110546270178522,0.0009211735929917,ok,,False,MS1,490,1.1058929344958417,0.4263726998774473,1.1852395799029862,0.5576252571190707,0.8142878106180668,0.8156710213632328,0.001383210745166,ok,,False,MS1,490,4096,2048,0.797280085766487,-0.3302205696500096,0.8629606942264484,True,25,T2_A2_L3,86,1,0.0116279069767441,86.0,2025-05-12 03:07:58+00:00,119.247239338,37.873493014,2,2,3,phisat_PHISAT-2_L1_000002241_20250512030758_20250512030801_0DE44950.zip
2241,2,MS2,560,0.8034526713311152,0.857042567533199,1.1747587657187335,0.481022029183805,0.9117884914801684,0.9125835850086252,0.0007950935284568,ok,,False,MS2,560,0.0516417751136941,0.2081650986469867,0.2144751296341911,0.7418887305539101,0.913401878231728,0.9135742175249092,0.0001723392931811,ok,,False,MS2,560,4096,2048,0.7518108962174211,0.6488774688862122,0.9931070402023234,True,25,T2_A2_L3,86,1,0.0116279069767441,86.0,2025-05-12 03:07:58+00:00,119.247239338,37.873493014,2,2,3,phisat_PHISAT-2_L1_000002241_20250512030758_20250512030801_0DE44950.zip
2241,4,MS4,705,-0.9969703834044594,-0.2892350578067635,1.0380784479268013,0.3740936843096278,0.9809431969432232,0.9816740338686968,0.0007308369254734,ok,,False,MS4,705,-0.232889133955723,0.187304723995112,0.2988652009611219,0.6322547527961433,0.9830824596274786,0.9833189388637784,0.0002364792362997,ok,,False,MS4,705,4096,2048,-0.7640812494487365,-0.4765397818018755,0.9005055909870417,True,25,T2_A2_L3,86,1,0.0116279069767441,86.0,2025-05-12 03:07:58+00:00,119.247239338,37.873493014,2,2,3,phisat_PHISAT-2_L1_000002241_20250512030758_20250512030801_0DE44950.zip
2241,5,MS5,740,-1.891880324177692,-0.2817037062754934,1.9127383875323976,0.2588548891944811,0.8625560820026559,0.8642889075450821,0.0017328255424262,ok,,False,MS5,740,-1.089927511593487,0.4740795572006391,1.1885677965871049,0.4348232574993744,0.8659190876814021,0.8668755932942684,0.0009565056128663,ok,,False,MS5,740,4096,2048,-0.801952812584205,-0.7557832634761326,1.1019694437516634,True,25,T2_A2_L3,86,1,0.0116279069767441,86.0,2025-05-12 03:07:58+00:00,119.247239338,37.873493014,2,2,3,phisat_PHISAT-2_L1_000002241_20250512030758_20250512030801_0DE44950.zip
2241,6,MS6,783,-2.5903419546830264,-0.4901373529005468,2.636305381950171,0.2343697675969451,0.8419061819503966,0.843894719219043,0.0019885372686464,ok,,False,MS6,783,-1.113086551532433,0.2633092863786714,1.14380656209676,0.4405811029137112,0.8447013786150024,0.8454327415897954,0.000731362974793,ok,,False,MS6,783,4096,2048,-1.4772554031505933,-0.7534466392792182,1.6583019521120905,True,25,T2_A2_L3,86,1,0.0116279069767441,86.0,2025-05-12 03:07:58+00:00,119.247239338,37.873493014,2,2,3,phisat_PHISAT-2_L1_000002241_20250512030758_20250512030801_0DE44950.zip
2241,7,MS7,842,-1.0770596066686269,-0.9461600272702526,1.4336234489995,0.409055411859299,0.845260577922464,0.8467629087551843,0.0015023308327203,ok,,False,MS7,842,-0.5833084383830283,-1.5153256091844014,1.623718090106446,0.4941320864018053,0.8483834366792673,0.849704735912944,0.0013212992336767,ok,,False,MS7,842,4096,2048,-0.4937511682855986,0.5691655819141488,0.7534850203017079,True,25,T2_A2_L3,86,1,0.0116279069767441,86.0,2025-05-12 03:07:58+00:00,119.247239338,37.873493014,2,2,3,phisat_PHISAT-2_L1_000002241_20250512030758_20250512030801_0DE44950.zip
2266,0,PAN,625,-0.0378396199703274,0.0214856617690202,0.0435140264874619,0.7804653607308865,0.9409711868046295,0.9411952739604356,0.0002240871558059,ok,,False,PAN,625,-0.3684735160700256,0.1056367607422998,0.3833169149217568,0.7893556631170213,0.943760000146204,0.9442396714972524,0.0004796713510485,ok,,False,PAN,625,4096,2048,0.3306338960996982,-0.0841510989732796,0.34117470701749963,True,26,T2_A2_L1,152,2,0.0131578947368421,76.0,2025-05-15 11:30:14+00:00,-6.389102902,36.548488628,2,2,1,phisat_PHISAT-2_L1_000002266_20250515113014_20250515113017_4E0F08E2.zip
2266,1,MS1,490,0.0980012025024734,-0.9075380255330856,0.9128140574511452,0.725171563681215,0.7187995336866944,0.7262450836114163,0.0074455499247219,ok,,False,MS1,490,-1.308032464002281,-1.5824611438570173,2.0530787122517093,0.8131741934921592,0.7216601589438382,0.7305497833362801,0.0088896243924418,ok,,False,MS1,490,4096,2048,1.4060336665047544,0.6749231183239317,1.5596319716500116,True,26,T2_A2_L1,152,2,0.0131578947368421,76.0,2025-05-15 11:30:14+00:00,-6.389102902,36.548488628,2,2,1,phisat_PHISAT-2_L1_000002266_20250515113014_20250515113017_4E0F08E2.zip
2266,2,MS2,560,-0.1802654224507023,-0.7213207588374644,0.7435047139468489,0.8427373736631125,0.8751664984284753,0.8816581730560547,0.0064916746275793,ok,,False,MS2,560,-0.8638300738948601,-0.5115439666715247,1.0039320825649698,0.870454537216574,0.877352479135116,0.8807986906556866,0.0034462115205705,ok,,False,MS2,560,4096,2048,0.6835646514441578,-0.2097767921659397,0.7150293247380871,True,26,T2_A2_L1,152,2,0.0131578947368421,76.0,2025-05-15 11:30:14+00:00,-6.389102902,36.548488628,2,2,1,phisat_PHISAT-2_L1_000002266_20250515113014_20250515113017_4E0F08E2.zip
2266,4,MS4,705,-0.6934323190953364,0.4995944076822525,0.8546595540642585,0.7473819372826256,0.924361316010048,0.931857956479174,0.007496640469126,ok,,False,MS4,705,-0.5314970166841704,0.9030771871784964,1.047872838061183,0.8730356472078711,0.9294791898771152,0.9378112864582684,0.0083320965811533,ok,,False,MS4,705,4096,2048,-0.16193530241116605,-0.4034827794962439,0.43476590887167127,True,26,T2_A2_L1,152,2,0.0131578947368421,76.0,2025-05-15 11:30:14+00:00,-6.389102902,36.548488628,2,2,1,phisat_PHISAT-2_L1_000002266_20250515113014_20250515113017_4E0F08E2.zip
2266,5,MS5,740,-0.2690205601993511,0.1052967694583912,0.2888935296408459,0.5435276113857981,0.7457263799911812,0.746592467850212,0.0008660878590308,ok,,False,MS5,740,0.0057076166920069,1.0092962506075764,1.0093123888959328,0.6049423859221861,0.7496727901050103,0.7543748578642337,0.0047020677592234,ok,,False,MS5,740,4096,2048,-0.27472817689135803,-0.9039994811491853,0.9448230697310717,True,26,T2_A2_L1,152,2,0.0131578947368421,76.0,2025-05-15 11:30:14+00:00,-6.389102902,36.548488628,2,2,1,phisat_PHISAT-2_L1_000002266_20250515113014_20250515113017_4E0F08E2.zip
2266,6,MS6,783,-0.214107732744651,0.2822822945381631,0.3542956604741091,0.3581108124926686,0.6914126102816479,0.6935938252204153,0.0021812149387674,ok,,False,MS6,783,0.0216960565330737,1.2942337734737066,1.2944156130351163,0.4901998189743608,0.6954135120039499,0.7018268127234174,0.0064133007194675,ok,,False,MS6,783,4096,2048,-0.23580378927772472,-1.0119514789355435,1.0390617030559675,True,26,T2_A2_L1,152,2,0.0131578947368421,76.0,2025-05-15 11:30:14+00:00,-6.389102902,36.548488628,2,2,1,phisat_PHISAT-2_L1_000002266_20250515113014_20250515113017_4E0F08E2.zip
2266,7,MS7,842,-0.4967284902850224,0.57897311170791,0.7628558560708423,0.5082963423628826,0.6808970310063241,0.6831168545875277,0.0022198235812035,ok,,False,MS7,842,-0.0946101490094406,0.7968616604662202,0.8024584638575197,0.5530066317296587,0.6841603045919316,0.6861724082239431,0.0020121036320115,ok,,False,MS7,842,4096,2048,-0.4021183412755818,-0.2178885487583102,0.45735607579896415,True,26,T2_A2_L1,152,2,0.0131578947368421,76.0,2025-05-15 11:30:14+00:00,-6.389102902,36.548488628,2,2,1,phisat_PHISAT-2_L1_000002266_20250515113014_20250515113017_4E0F08E2.zip
2275,0,PAN,625,50.4897129131432,67.7364640691037,84.48336921925282,0.0588413702134857,0.067604303458565,0.0859996239990407,0.0183953205404756,ok,,False,PAN,625,48.959460617787954,66.87888899870654,82.88434458741916,0.1213877598638646,0.0704793925353236,0.0887934257823912,0.0183140332470675,ok,,False,PAN,625,4096,2048,1.5302522953552469,0.8575750703971607,1.7541684892867895,True,27,T2_A2_L2,261,3,0.0114942528735632,87.0,2025-05-16 08:01:12+00:00,43.482215665,29.577020136,2,2,2,phisat_PHISAT-2_L1_000002275_20250516080112_20250516080115_576D9844.zip
2275,1,MS1,490,0.6577649882576679,0.074741981945408,0.6619978426269513,0.4629399452824145,0.5927850654832962,0.5878016881406726,-0.0049833773426236,ok,,False,MS1,490,-0.923348529633131,1.158287826226342,1.48128430612081,0.6763501983950846,0.5978531324452919,0.6029829922574689,0.0051298598121769,ok,,False,MS1,490,4096,2048,1.581113517890799,-1.083545844280934,1.9167659098375838,True,27,T2_A2_L2,261,3,0.0114942528735632,87.0,2025-05-16 08:01:12+00:00,43.482215665,29.577020136,2,2,2,phisat_PHISAT-2_L1_000002275_20250516080112_20250516080115_576D9844.zip
2275,2,MS2,560,-0.268576266297714,0.1324122872595126,0.2994431909990879,0.7991258175461553,0.8285396001864564,0.8318621371258136,0.0033225369393571,ok,,False,MS2,560,-1.148362601138615,0.3111751616365836,1.1897758801191929,0.8312006177438889,0.8330195087039194,0.8295616004327807,-0.0034579082711386,ok,,False,MS2,560,4096,2048,0.879786334840901,-0.178762874377071,0.8977639780189103,True,27,T2_A2_L2,261,3,0.0114942528735632,87.0,2025-05-16 08:01:12+00:00,43.482215665,29.577020136,2,2,2,phisat_PHISAT-2_L1_000002275_20250516080112_20250516080115_576D9844.zip
2275,4,MS4,705,0.5838940332171205,0.4679563972110827,0.7482749706607408,0.674551994423382,0.9372846370086708,0.9321066595604622,-0.0051779774482085,ok,,False,MS4,705,-0.2408946649329664,-0.0928797675805981,0.2581799582054968,0.9060455154394732,0.9475345606226372,0.9501235848804096,0.0025890242577724,ok,,False,MS4,705,4096,2048,0.8247886981500869,0.5608361647916807,0.9974034290768988,True,27,T2_A2_L2,261,3,0.0114942528735632,87.0,2025-05-16 08:01:12+00:00,43.482215665,29.577020136,2,2,2,phisat_PHISAT-2_L1_000002275_20250516080112_20250516080115_576D9844.zip
2275,5,MS5,740,0.834426117278781,1.632243772722859,1.8331630256988856,0.7919078629929572,0.9062380371325351,0.9211053721151684,0.0148673349826332,ok,,False,MS5,740,0.5816576402762621,1.2021402211000805,1.335464983321652,0.864029155112803,0.9177628371796334,0.9346179195768338,0.0168550823972004,ok,,False,MS5,740,4096,2048,0.2527684770025189,0.43010355162277847,0.4988797130418324,True,27,T2_A2_L2,261,3,0.0114942528735632,87.0,2025-05-16 08:01:12+00:00,43.482215665,29.577020136,2,2,2,phisat_PHISAT-2_L1_000002275_20250516080112_20250516080115_576D9844.zip
2275,6,MS6,783,0.0708413271549943,0.5701881404754658,0.5745720226150508,0.7084919513436034,0.8861917760690629,0.8883425548963484,0.0021507788272855,ok,,False,MS6,783,-0.2862365173427861,-0.2642852424887678,0.3895870034509286,0.8147662474075332,0.8969065752373917,0.9005986025142935,0.0036920272769017,ok,,False,MS6,783,4096,2048,0.3570778444977804,0.8344733829642337,0.9076620593078426,True,27,T2_A2_L2,261,3,0.0114942528735632,87.0,2025-05-16 08:01:12+00:00,43.482215665,29.577020136,2,2,2,phisat_PHISAT-2_L1_000002275_20250516080112_20250516080115_576D9844.zip
2275,7,MS7,842,-0.0051721119484682,0.8187694060582089,0.8187857418390477,0.7263802430243231,0.875118722597081,0.8798283264482243,0.0047096038511432,ok,,False,MS7,842,-0.1705929961872243,0.4491232438599581,0.4804307010625214,0.8629228102217894,0.8885114658371638,0.8954537975700443,0.0069423317328805,ok,,False,MS7,842,4096,2048,0.1654208842387561,0.3696461621982508,0.4049720412204125,True,27,T2_A2_L2,261,3,0.0114942528735632,87.0,2025-05-16 08:01:12+00:00,43.482215665,29.577020136,2,2,2,phisat_PHISAT-2_L1_000002275_20250516080112_20250516080115_576D9844.zip
2315,0,PAN,625,2.914262512590767,-0.8299579242975597,3.030141275319711,0.4776680647628382,0.8749674655865102,0.899194556163485,0.0242270905769748,ok,,False,PAN,625,2.157109368585907,-0.767520649637845,2.289587031685319,0.7606970365159214,0.8840720464262214,0.9086730862256952,0.0246010397994737,ok,,False,PAN,625,4096,2048,0.7571531440048602,-0.0624372746597146,0.7597231711244413,True,28,T2_A1_L2,35,1,0.0285714285714285,35.0,2025-05-20 08:12:44+00:00,37.2672319,12.648566624,2,1,2,phisat_PHISAT-2_L1_000002315_20250520081244_20250520081247_33A88897.zip
2315,1,MS1,490,-3.010377586110735,-0.4801011463609939,3.0484209554612103,0.311917366227135,0.7723934391011359,0.7670540548680195,-0.0053393842331164,ok,,False,MS1,490,-1.8719328835536544,0.7949293269200552,2.0337269618429787,0.6179167348891497,0.7811382886653402,0.7810435568014876,-9.47318638525596e-05,ok,,False,MS1,490,4096,2048,-1.1384447025570807,-1.2750304732810491,1.7093153742289853,True,28,T2_A1_L2,35,1,0.0285714285714285,35.0,2025-05-20 08:12:44+00:00,37.2672319,12.648566624,2,1,2,phisat_PHISAT-2_L1_000002315_20250520081244_20250520081247_33A88897.zip
2315,2,MS2,560,-2.114590730787313,-0.1601544735713105,2.120646932927904,0.4976756530813873,0.8633768417740351,0.8853263396978185,0.0219494979237834,ok,,False,MS2,560,-2.421070086295913,0.3316364743379836,2.443678193598377,0.7109065284021199,0.8722274327173477,0.8935426126527471,0.0213151799353994,ok,,False,MS2,560,4096,2048,0.30647935550859984,-0.4917909479092941,0.5794721147721336,True,28,T2_A1_L2,35,1,0.0285714285714285,35.0,2025-05-20 08:12:44+00:00,37.2672319,12.648566624,2,1,2,phisat_PHISAT-2_L1_000002315_20250520081244_20250520081247_33A88897.zip
2315,4,MS4,705,-5.027719674208129,-3.144874670828358,5.930278392928722,0.330572263803333,0.8246851227531314,0.8650465069845461,0.0403613842314146,ok,,False,MS4,705,-2.4726248004585614,-3.5016839844674905,4.286684514974114,0.6687780334323179,0.8373426598031284,0.8853409930585899,0.0479983332554615,ok,,False,MS4,705,4096,2048,-2.5550948737495673,0.3568093136391326,2.5798881177603317,True,28,T2_A1_L2,35,1,0.0285714285714285,35.0,2025-05-20 08:12:44+00:00,37.2672319,12.648566624,2,1,2,phisat_PHISAT-2_L1_000002315_20250520081244_20250520081247_33A88897.zip
2315,5,MS5,740,-1.99378718115986,-5.662623831157362,6.003373716248944,0.1509510597679764,0.6737458227390808,0.6830114466548487,0.0092656239157679,ok,,False,MS5,740,-2.203184040578435,-4.911417385124423,5.3829397774415,0.3711670665070414,0.6849970226382063,0.7018383229110992,0.0168413002728928,ok,,False,MS5,740,4096,2048,0.2093968594185751,-0.7512064460329384,0.779844964910206,True,28,T2_A1_L2,35,1,0.0285714285714285,35.0,2025-05-20 08:12:44+00:00,37.2672319,12.648566624,2,1,2,phisat_PHISAT-2_L1_000002315_20250520081244_20250520081247_33A88897.zip
2315,6,MS6,783,1.074830931573615,-7.02193304227103,7.10371770142966,0.1202480007195845,0.6162186669241813,0.619776531461359,0.0035578645371777,ok,,False,MS6,783,1.5316237662375445,-7.175716205746539,7.3373547295137085,0.2574898396851495,0.6268388534920799,0.6345288242382566,0.0076899707461767,ok,,False,MS6,783,4096,2048,-0.4567928346639294,0.15378316347550935,0.4819843930760032,True,28,T2_A1_L2,35,1,0.0285714285714285,35.0,2025-05-20 08:12:44+00:00,37.2672319,12.648566624,2,1,2,phisat_PHISAT-2_L1_000002315_20250520081244_20250520081247_33A88897.zip
2315,7,MS7,842,2.90474192362376,-3.328949205243589,4.418079724716314,0.0856870954157784,0.5914070518103265,0.589258776890929,-0.0021482749193975,ok,,False,MS7,842,2.8775355017673974,-4.192700574491482,5.085169483043113,0.1584738420206122,0.6021461080033476,0.5984099808069738,-0.0037361271963737,ok,,False,MS7,842,4096,2048,0.027206421856362795,0.8637513692478933,0.8641797366681522,True,28,T2_A1_L2,35,1,0.0285714285714285,35.0,2025-05-20 08:12:44+00:00,37.2672319,12.648566624,2,1,2,phisat_PHISAT-2_L1_000002315_20250520081244_20250520081247_33A88897.zip
2366,0,PAN,625,-0.0380892594971555,-0.5153594799794519,0.5167651161734242,0.9574343024287372,0.9571128563534074,0.9585255576344904,0.0014127012810829,ok,,False,PAN,625,-0.506910582002547,-0.3267795036294956,0.6031112518752244,0.8724451183807105,0.9608717061060288,0.9603617240437448,-0.0005099820622839,ok,,False,PAN,625,4096,2048,0.46882132250539155,-0.18857997634995627,0.5053274581059835,True,29,T2_A1_L0,3,1,0.3333333333333333,3.0,2025-05-25 17:23:59+00:00,-99.682251173,17.03043799,2,1,0,phisat_PHISAT-2_L1_000002366_20250525172359_20250525172402_8EE8A5FC.zip
2366,1,MS1,490,0.2406210774029205,-1.2386829923048026,1.261837572081178,0.7449459366034716,0.9104721894820632,0.9060098912417808,-0.0044622982402823,ok,,False,MS1,490,-1.268664451852601,0.5037083025868014,1.365002397613036,0.8730873222230002,0.9174286750378146,0.9164202813730812,-0.0010083936647333,ok,,False,MS1,490,4096,2048,1.5092855292555214,-1.742391294891604,2.305183340503345,True,29,T2_A1_L0,3,1,0.3333333333333333,3.0,2025-05-25 17:23:59+00:00,-99.682251173,17.03043799,2,1,0,phisat_PHISAT-2_L1_000002366_20250525172359_20250525172402_8EE8A5FC.zip
2366,2,MS2,560,0.0589473346051363,-0.4031800898633264,0.4074665300601386,0.8431128616211936,0.9274705506909529,0.9278109505825968,0.0003403998916438,ok,,False,MS2,560,-0.8969949893612466,0.2724625183752778,0.9374624445056888,0.7802827993000392,0.9319409670150208,0.9283125189426996,-0.0036284480723212,ok,,False,MS2,560,4096,2048,0.9559423239663829,-0.6756426082386042,1.1706061083121484,True,29,T2_A1_L0,3,1,0.3333333333333333,3.0,2025-05-25 17:23:59+00:00,-99.682251173,17.03043799,2,1,0,phisat_PHISAT-2_L1_000002366_20250525172359_20250525172402_8EE8A5FC.zip
2366,4,MS4,705,-0.0415295823759152,-0.0455171816829533,0.0616159073671475,0.9413312561810016,0.9394464733040814,0.940251292709831,0.0008048194057496,ok,,False,MS4,705,-0.2046298089780975,-0.2268966939859638,0.3055412712943585,0.8521671392663848,0.9467507007533138,0.9471115622273882,0.0003608614740744,ok,,False,MS4,705,4096,2048,0.1631002266021823,0.1813795123030105,0.24392665168234723,True,29,T2_A1_L0,3,1,0.3333333333333333,3.0,2025-05-25 17:23:59+00:00,-99.682251173,17.03043799,2,1,0,phisat_PHISAT-2_L1_000002366_20250525172359_20250525172402_8EE8A5FC.zip
2366,5,MS5,740,-0.6243344560689366,-1.3813612294370614,1.5158998513182738,0.1933865033643087,0.5061989646569799,0.5092321982091461,0.0030332335521662,ok,,False,MS5,740,0.0136706215689628,-1.4686764639591274,1.4687400864964393,0.1227791560522746,0.5132078841547735,0.5167776306460046,0.003569746491231,ok,,False,MS5,740,4096,2048,-0.6380050776378994,0.08731523452206602,0.6439521948649491,True,29,T2_A1_L0,3,1,0.3333333333333333,3.0,2025-05-25 17:23:59+00:00,-99.682251173,17.03043799,2,1,0,phisat_PHISAT-2_L1_000002366_20250525172359_20250525172402_8EE8A5FC.zip
2366,6,MS6,783,-0.4438404700727005,-1.7477895386068667,1.803264438216969,0.0810148597811348,0.3995763889596561,0.4008933395489134,0.0013169505892572,ok,,False,MS6,783,-0.5291137877366054,-5.015095376026693,5.04293000457247,0.0263952788955066,0.4058302973717438,0.396446027610834,-0.0093842697609098,ok,,False,MS6,783,4096,2048,0.08527331766390495,3.2673058374198263,3.2684184208792915,True,29,T2_A1_L0,3,1,0.3333333333333333,3.0,2025-05-25 17:23:59+00:00,-99.682251173,17.03043799,2,1,0,phisat_PHISAT-2_L1_000002366_20250525172359_20250525172402_8EE8A5FC.zip
2366,7,MS7,842,-1.2429479021657244,-2.109674628911307,2.44860093264914,0.0944014726992463,0.3702286748485329,0.3674962291963042,-0.0027324456522286,ok,,False,MS7,842,1.7271676341099464,-5.341568046304474,5.613862950733473,0.0320997540547978,0.3760455014477002,0.365055723657999,-0.0109897777897011,ok,,False,MS7,842,4096,2048,-2.970115536275671,3.2318934173931666,4.389387355909182,True,29,T2_A1_L0,3,1,0.3333333333333333,3.0,2025-05-25 17:23:59+00:00,-99.682251173,17.03043799,2,1,0,phisat_PHISAT-2_L1_000002366_20250525172359_20250525172402_8EE8A5FC.zip
2461,0,PAN,625,0.0027640796959076,0.1526431260388108,0.1526681501278692,0.5111725837050471,0.8489571180312474,0.8492567488292465,0.0002996307979991,ok,,False,PAN,625,-0.5188544777538482,0.4186405818361436,0.6666857624438394,0.6221495305071585,0.8500623117717311,0.8509556810984654,0.0008933693267343,ok,,False,PAN,625,4096,2048,0.5216185574497558,-0.2659974557973328,0.5855258883829291,True,30,T2_A2_L0,216,3,0.0138888888888888,72.0,2025-06-05 21:02:44+00:00,-141.606425806,61.829654961,2,2,0,phisat_PHISAT-2_L1_000002461_20250605210244_20250605210247_0B008A03.zip
2461,1,MS1,490,0.3746713113075657,-0.6825313100748645,0.7786061782117077,0.8057375858625164,0.9912672865915012,0.9888453529855508,-0.0024219336059504,ok,,False,MS1,490,-1.0658696142654662,1.349182950342538,1.7194105583337007,1.0834242310374975,0.9920013325917386,0.990134217641252,-0.0018671149504867,ok,,False,MS1,490,4096,2048,1.440540925573032,-2.0317142604174023,2.4905864759598773,True,30,T2_A2_L0,216,3,0.0138888888888888,72.0,2025-06-05 21:02:44+00:00,-141.606425806,61.829654961,2,2,0,phisat_PHISAT-2_L1_000002461_20250605210244_20250605210247_0B008A03.zip
2461,2,MS2,560,0.1768116011717211,0.0501648588701755,0.1837902483114172,1.1020495323464274,0.9970154723021144,0.9970563782804712,4.0905978357042017e-05,ok,,False,MS2,560,-0.587020026227492,0.2062654860810653,0.6222041159783368,0.9054805705090984,0.9973816042675384,0.9966405838149096,-0.0007410204526289,ok,,False,MS2,560,4096,2048,0.7638316273992132,-0.1561006272108898,0.779619240931728,True,30,T2_A2_L0,216,3,0.0138888888888888,72.0,2025-06-05 21:02:44+00:00,-141.606425806,61.829654961,2,2,0,phisat_PHISAT-2_L1_000002461_20250605210244_20250605210247_0B008A03.zip
2461,4,MS4,705,0.8213063871733084,0.3976751790437447,0.9125183448233504,1.0165611794800498,0.9933623536970388,0.994564603065214,0.001202249368175,ok,,False,MS4,705,0.3695857067359611,-0.094765434938381,0.3815417176175895,0.8996320334117627,0.9941000902101952,0.9945831143612536,0.0004830241510582,ok,,False,MS4,705,4096,2048,0.4517206804373473,0.4924406139821257,0.6682434671838349,True,30,T2_A2_L0,216,3,0.0138888888888888,72.0,2025-06-05 21:02:44+00:00,-141.606425806,61.829654961,2,2,0,phisat_PHISAT-2_L1_000002461_20250605210244_20250605210247_0B008A03.zip
2461,5,MS5,740,1.072631620706943,0.4672325659748821,1.1699764375609776,1.0178102681529708,0.9825145137532656,0.9847901876423072,0.0022756738890413,ok,,False,MS5,740,0.8844146128999455,0.1056977037369506,0.8907082642965791,0.8871219900902361,0.983490197871904,0.985134005770179,0.0016438078982748,ok,,False,MS5,740,4096,2048,0.18821700780699757,0.3615348622379315,0.4075942819044687,True,30,T2_A2_L0,216,3,0.0138888888888888,72.0,2025-06-05 21:02:44+00:00,-141.606425806,61.829654961,2,2,0,phisat_PHISAT-2_L1_000002461_20250605210244_20250605210247_0B008A03.zip
2461,6,MS6,783,1.219250123097254,0.3846054983498561,1.2784726246711775,0.9206573470510192,0.9699713952209684,0.9718911134345412,0.0019197182135729,ok,,False,MS6,783,1.2210358842135065,0.1085275966577228,1.2258494482494011,0.8449910684139468,0.971062995807094,0.972338441050052,0.0012754452429579,ok,,False,MS6,783,4096,2048,-0.0017857611162526155,0.2760779016921333,0.2760836770718174,True,30,T2_A2_L0,216,3,0.0138888888888888,72.0,2025-06-05 21:02:44+00:00,-141.606425806,61.829654961,2,2,0,phisat_PHISAT-2_L1_000002461_20250605210244_20250605210247_0B008A03.zip
2461,7,MS7,842,-0.187822397540458,0.7189495974253077,0.7430785804044266,0.9094966881457368,0.9572839486695678,0.959236519406458,0.0019525707368901,ok,,False,MS7,842,-0.0711275277835739,0.5198279040246234,0.5246714924705136,0.8422161063645035,0.958108872619182,0.9592695886075808,0.0011607159883988,ok,,False,MS7,842,4096,2048,-0.11669486975688412,0.1991216934006843,0.2307967534657545,True,30,T2_A2_L0,216,3,0.0138888888888888,72.0,2025-06-05 21:02:44+00:00,-141.606425806,61.829654961,2,2,0,phisat_PHISAT-2_L1_000002461_20250605210244_20250605210247_0B008A03.zip
2539,0,PAN,625,0.8842169447023025,-0.086064971513224,0.8883956239312791,0.9004021001746878,0.9330429642002656,0.9351462375480412,0.0021032733477757,ok,,False,PAN,625,0.6109663635404559,-0.3075357422667366,0.6840015571249828,0.990918828174472,0.937998240105146,0.939002306062654,0.0010040659575081,ok,,False,PAN,625,4096,2048,0.27325058116184664,0.22147077075351257,0.35173169092852846,True,31,T2_A2_L2,261,3,0.0114942528735632,87.0,2025-06-12 09:06:34+00:00,28.961105102,40.853442452,2,2,2,phisat_PHISAT-2_L1_000002539_20250612090634_20250612090637_D8EA3E51.zip
2539,1,MS1,490,0.905831585455644,0.9133588084607708,1.2863728752589447,0.4843529476784169,0.9021603273221572,0.9037969640840772,0.0016366367619197,ok,,False,MS1,490,-0.245673147447178,1.1198005016203751,1.146432928175847,0.8568627554923296,0.911298667990997,0.9135622873850004,0.0022636193940034,ok,,False,MS1,490,4096,2048,1.151504732902822,-0.20644169315960437,1.169863805138104,True,31,T2_A2_L2,261,3,0.0114942528735632,87.0,2025-06-12 09:06:34+00:00,28.961105102,40.853442452,2,2,2,phisat_PHISAT-2_L1_000002539_20250612090634_20250612090637_D8EA3E51.zip
2539,2,MS2,560,0.8696273719440342,0.2647232503679788,0.9090270432279092,0.7632054365240037,0.9622545517641976,0.9637456698668696,0.0014911181026719,ok,,False,MS2,560,0.371904716285826,0.506457923483822,0.6283412657586526,0.948733788143727,0.9680302852845886,0.9683500774447074,0.0003197921601187,ok,,False,MS2,560,4096,2048,0.49772265565820817,-0.24173467311584323,0.5533204262828934,True,31,T2_A2_L2,261,3,0.0114942528735632,87.0,2025-06-12 09:06:34+00:00,28.961105102,40.853442452,2,2,2,phisat_PHISAT-2_L1_000002539_20250612090634_20250612090637_D8EA3E51.zip
2539,4,MS4,705,0.0110114366234483,-0.2700254740252603,0.2702498998317645,0.6792939254082739,0.9258695225890043,0.9282232263786768,0.0023537037896724,ok,,False,MS4,705,0.1267854597519999,-0.8309599022104521,0.8405765354125287,0.9115786718903108,0.9352194383113068,0.9346283044874476,-0.0005911338238592,ok,,False,MS4,705,4096,2048,-0.11577402312855159,0.5609344281851918,0.572757415626213,True,31,T2_A2_L2,261,3,0.0114942528735632,87.0,2025-06-12 09:06:34+00:00,28.961105102,40.853442452,2,2,2,phisat_PHISAT-2_L1_000002539_20250612090634_20250612090637_D8EA3E51.zip
2539,5,MS5,740,0.9653575409574842,-1.8737344131318423,2.107794067938804,0.4622201677411794,0.8146695014010072,0.8092770425624483,-0.0053924588385589,ok,,False,MS5,740,1.3207796326487369,-1.6474209458647238,2.1115052950190663,0.6987272885162383,0.8214360263815409,0.8165534140009849,-0.0048826123805559,ok,,False,MS5,740,4096,2048,-0.3554220916912527,-0.22631346726711854,0.4213581003477332,True,31,T2_A2_L2,261,3,0.0114942528735632,87.0,2025-06-12 09:06:34+00:00,28.961105102,40.853442452,2,2,2,phisat_PHISAT-2_L1_000002539_20250612090634_20250612090637_D8EA3E51.zip
2539,6,MS6,783,0.134850220509179,-1.9769918436713847,1.9815855600792405,0.3839656026102602,0.7726988545147415,0.7666537581174359,-0.0060450963973056,ok,,False,MS6,783,0.6206456306024393,-1.6215084497125645,1.7362288591297934,0.6171738706761971,0.7782424056824477,0.7731742608438483,-0.0050681448385994,ok,,False,MS6,783,4096,2048,-0.48579541009326027,-0.3554833939588202,0.6019681252758826,True,31,T2_A2_L2,261,3,0.0114942528735632,87.0,2025-06-12 09:06:34+00:00,28.961105102,40.853442452,2,2,2,phisat_PHISAT-2_L1_000002539_20250612090634_20250612090637_D8EA3E51.zip
2539,7,MS7,842,-0.0890248178470756,-0.3605911729400759,0.3714181096756117,0.4813034175895154,0.7856399150575831,0.7860359371147105,0.0003960220571274,ok,,False,MS7,842,0.3754506950892846,-0.4445006276323511,0.5818453681250552,0.5680971878464334,0.7904717985557372,0.789131797583963,-0.0013400009717742,ok,,False,MS7,842,4096,2048,-0.4644755129363602,0.08390945469227518,0.4719939604531502,True,31,T2_A2_L2,261,3,0.0114942528735632,87.0,2025-06-12 09:06:34+00:00,28.961105102,40.853442452,2,2,2,phisat_PHISAT-2_L1_000002539_20250612090634_20250612090637_D8EA3E51.zip
2549,0,PAN,625,0.9496738501372874,-0.0896958840644401,0.9539002952367088,0.1024411716498434,0.9365982683156534,0.9366255293513644,2.7261035710934856e-05,ok,,False,PAN,625,0.3683636110486077,-0.1157931928896687,0.3861344499838806,0.2504353784024715,0.9518440467025494,0.9528148623491364,0.000970815646587,ok,,False,PAN,625,4096,2048,0.5813102390886797,0.026097308825228607,0.5818957497673078,True,32,T2_A0_L2,11,1,0.0909090909090909,11.0,2025-06-13 09:03:59+00:00,17.858850414,-33.180779284,2,0,2,phisat_PHISAT-2_L1_000002549_20250613090359_20250613090402_23C5BC4B.zip
2549,1,MS1,490,2.770802980323424,-0.0421652219324641,2.7711237903980006,0.0329340469907037,0.7614688614171867,0.7772740349275247,0.0158051735103379,ok,,False,MS1,490,1.7283640202444983,-0.0840095828025369,1.7304045181628434,0.1031279028393328,0.7875058665953357,0.7999959548726767,0.0124900882773409,ok,,False,MS1,490,4096,2048,1.0424389600789257,0.041844360870072796,1.0432784556517292,True,32,T2_A0_L2,11,1,0.0909090909090909,11.0,2025-06-13 09:03:59+00:00,17.858850414,-33.180779284,2,0,2,phisat_PHISAT-2_L1_000002549_20250613090359_20250613090402_23C5BC4B.zip
2549,2,MS2,560,0.8331174523070786,-0.0243643440330743,0.8334736412141655,0.0763670383021235,0.9071477038574453,0.913499328181334,0.0063516243238889,ok,,False,MS2,560,0.1112363292445479,-0.0426749655671301,0.1191414018297469,0.1988634893205016,0.9264762333306172,0.9278670270164496,0.0013907936858323,ok,,False,MS2,560,4096,2048,0.7218811230625306,0.018310621534055802,0.722113311534266,True,32,T2_A0_L2,11,1,0.0909090909090909,11.0,2025-06-13 09:03:59+00:00,17.858850414,-33.180779284,2,0,2,phisat_PHISAT-2_L1_000002549_20250613090359_20250613090402_23C5BC4B.zip
2549,4,MS4,705,0.8634745069446126,-1.170076960291226,1.4541899178400313,0.0391110964701511,0.7699204387421497,0.7839875468009201,0.0140671080587704,ok,,False,MS4,705,0.2446286173521912,-1.9886274408058853,2.0036172934854126,0.1154683709610253,0.7976900873119533,0.7962394507307106,-0.0014506365812427,ok,,False,MS4,705,4096,2048,0.6188458895924214,0.8185504805146593,1.0261555068391024,True,32,T2_A0_L2,11,1,0.0909090909090909,11.0,2025-06-13 09:03:59+00:00,17.858850414,-33.180779284,2,0,2,phisat_PHISAT-2_L1_000002549_20250613090359_20250613090402_23C5BC4B.zip
2549,5,MS5,740,0.8324919609103745,-1.0112810142445596,1.3098595935259263,0.0370939911808818,0.7772389544795012,0.7813515355432203,0.0041125810637191,ok,,False,MS5,740,0.2240038230218033,-0.1901392500490146,0.2938207738359987,0.0974007319891825,0.7982498327143253,0.8006514720728312,0.0024016393585059,ok,,False,MS5,740,4096,2048,0.6084881378885711,-0.821141764195545,1.0220232927175743,True,32,T2_A0_L2,11,1,0.0909090909090909,11.0,2025-06-13 09:03:59+00:00,17.858850414,-33.180779284,2,0,2,phisat_PHISAT-2_L1_000002549_20250613090359_20250613090402_23C5BC4B.zip
2549,6,MS6,783,2.0134394364938544,-0.0944179117122985,2.01565203010857,0.0399956020410172,0.767089079484456,0.7751021421858474,0.0080130627013913,ok,,False,MS6,783,2.013174103817164,-0.2561909061669212,2.029409705476612,0.1098531351890415,0.7841290655716219,0.791373288259484,0.0072442226878621,ok,,False,MS6,783,4096,2048,0.0002653326766903774,0.16177299445462268,0.16177321204774509,True,32,T2_A0_L2,11,1,0.0909090909090909,11.0,2025-06-13 09:03:59+00:00,17.858850414,-33.180779284,2,0,2,phisat_PHISAT-2_L1_000002549_20250613090359_20250613090402_23C5BC4B.zip
2549,7,MS7,842,1.8321832293570424,-1.9732003660428743,2.6926594791189125,0.0383297969237901,0.7647369328137933,0.76959647128249,0.0048595384686966,ok,,False,MS7,842,0.2374731231320765,-1.9145383258060065,1.9292098084941849,0.1288632375653833,0.7824062600870594,0.7805532567596508,-0.0018530033274085,ok,,False,MS7,842,4096,2048,1.5947101062249658,-0.05866204023686783,1.595788694614921,True,32,T2_A0_L2,11,1,0.0909090909090909,11.0,2025-06-13 09:03:59+00:00,17.858850414,-33.180779284,2,0,2,phisat_PHISAT-2_L1_000002549_20250613090359_20250613090402_23C5BC4B.zip
2613,0,PAN,625,412.7267965655672,-1524.3701762022724,1579.2554710046827,0.0033506880572531,-0.0209018666784774,0.2009205120668702,0.2218223787453477,ok,,True,PAN,625,359.5141037368269,1996.900531038992,2029.0052049340584,0.0072879203871707,-0.0216192820713221,0.1791539006355391,0.2007731827068613,ok,,True,PAN,625,4096,2048,53.21269282874033,-3521.2707072412645,3521.6727537284723,True,33,T2_A1_L1,76,1,0.0131578947368421,76.0,2025-06-20 14:16:39+00:00,-56.135387525,-15.78919643,2,1,1,phisat_PHISAT-2_L1_000002613_20250620141639_20250620141642_19A69C11.zip
2613,1,MS1,490,0.9179362915172078,-0.9324241903782422,1.3084425497846226,0.3968327110633254,0.9944598660169656,0.994755154607076,0.0002952885901104,ok,,False,MS1,490,0.1565348852973329,-0.5708083307804372,0.5918828607109672,0.9202856351621448,0.9954438491910468,0.9958389942749744,0.0003951450839275,ok,,False,MS1,490,4096,2048,0.7614014062198748,-0.36161585959780496,0.842910512039245,True,33,T2_A1_L1,76,1,0.0131578947368421,76.0,2025-06-20 14:16:39+00:00,-56.135387525,-15.78919643,2,1,1,phisat_PHISAT-2_L1_000002613_20250620141639_20250620141642_19A69C11.zip
2613,2,MS2,560,-0.1640223268118461,-0.1574813512588662,0.227384475475109,0.5507270833477378,0.99636256184907,0.9967449192912542,0.000382357442184,ok,,False,MS2,560,-0.5769934474224101,-0.4468377545990734,0.7297845005914686,1.0422211915720254,0.9972053400698756,0.9977253879651172,0.0005200478952416,ok,,False,MS2,560,4096,2048,0.412971120610564,0.2893564033402072,0.5042541765938341,True,33,T2_A1_L1,76,1,0.0131578947368421,76.0,2025-06-20 14:16:39+00:00,-56.135387525,-15.78919643,2,1,1,phisat_PHISAT-2_L1_000002613_20250620141639_20250620141642_19A69C11.zip
2613,4,MS4,705,-1.0113921531942651,0.0131293379856742,1.0114773685351908,0.4208481553941965,0.99314285701467,0.9937013973193396,0.0005585403046697,ok,,False,MS4,705,-0.7452991611544348,0.0800080857488865,0.7495813053983573,0.8830849960213527,0.9945633868728562,0.995243663373263,0.0006802765004068,ok,,False,MS4,705,4096,2048,-0.2660929920398303,-0.0668787477632123,0.2743688162220418,True,33,T2_A1_L1,76,1,0.0131578947368421,76.0,2025-06-20 14:16:39+00:00,-56.135387525,-15.78919643,2,1,1,phisat_PHISAT-2_L1_000002613_20250620141639_20250620141642_19A69C11.zip
2613,5,MS5,740,-1.0711407054832307,-0.0399678079625118,1.0718861117751464,0.4047325570136308,0.9883010498390598,0.9894352859333592,0.0011342360942995,ok,,False,MS5,740,-1.7795948113321174,-0.2725746017622441,1.8003484679489248,0.9129538538400084,0.989983452482842,0.991328613499106,0.0013451610162639,ok,,False,MS5,740,4096,2048,0.7084541058488867,0.23260679379973226,0.7456628867094948,True,33,T2_A1_L1,76,1,0.0131578947368421,76.0,2025-06-20 14:16:39+00:00,-56.135387525,-15.78919643,2,1,1,phisat_PHISAT-2_L1_000002613_20250620141639_20250620141642_19A69C11.zip
2613,6,MS6,783,0.0346485067525463,-1.1367701223225597,1.1372980392251753,0.3831944176927209,0.988175949924094,0.9891158180727015,0.0009398681486076,ok,,False,MS6,783,-0.1177323652827908,-1.7416803573796642,1.7456549994535675,0.8638802962377667,0.9896901975495664,0.990574958041036,0.0008847604914694,ok,,False,MS6,783,4096,2048,0.1523808720353371,0.6049102350571045,0.623807921269914,True,33,T2_A1_L1,76,1,0.0131578947368421,76.0,2025-06-20 14:16:39+00:00,-56.135387525,-15.78919643,2,1,1,phisat_PHISAT-2_L1_000002613_20250620141639_20250620141642_19A69C11.zip
2613,7,MS7,842,0.0669250741671021,-1.0026225796987092,1.0048537221277367,0.4615249382331967,0.9849798491984462,0.9855797066595064,0.0005998574610601,ok,,False,MS7,842,0.1855598529327835,-0.95021420852936,0.9681629517346312,0.9200547122163698,0.9880129389566434,0.9887491953359792,0.0007362563793358,ok,,False,MS7,842,4096,2048,-0.11863477876568139,-0.052408371169349155,0.12969521233031864,True,33,T2_A1_L1,76,1,0.0131578947368421,76.0,2025-06-20 14:16:39+00:00,-56.135387525,-15.78919643,2,1,1,phisat_PHISAT-2_L1_000002613_20250620141639_20250620141642_19A69C11.zip
2635,0,PAN,625,0.3762290964534713,1.1085243661211734,1.1706300027346577,0.8788324890192598,0.9084379793053492,0.9244503223435636,0.0160123430382144,ok,,False,PAN,625,0.0998821937496359,1.4616329335410685,1.4650417349140976,0.8649883316829801,0.9125482999551534,0.9243303133370188,0.0117820133818654,ok,,False,PAN,625,4096,2048,0.2763469027038354,-0.35310856741989505,0.4483896419625833,True,34,T2_A2_L1,152,2,0.0131578947368421,76.0,2025-06-22 11:42:32+00:00,-8.472447033,41.633984445,2,2,1,phisat_PHISAT-2_L1_000002635_20250622114232_20250622114235_0836D392.zip
2635,1,MS1,490,1.0851471542321178,-1.1605914031611064,1.5888727927148634,0.7045773356221616,0.931392376673116,0.9183608971771938,-0.013031479495922,ok,,False,MS1,490,-0.3813552424171575,0.1349164284258677,0.4045173217283053,1.0113224615342915,0.9365284898166988,0.9355686949046708,-0.000959794912028,ok,,False,MS1,490,4096,2048,1.4665023966492754,-1.2955078315869741,1.95677536295847,True,34,T2_A2_L1,152,2,0.0131578947368421,76.0,2025-06-22 11:42:32+00:00,-8.472447033,41.633984445,2,2,1,phisat_PHISAT-2_L1_000002635_20250622114232_20250622114235_0836D392.zip
2635,2,MS2,560,0.1795804183416294,0.0296012784701815,0.1820037426505946,0.9279075537342578,0.9589740080102948,0.9582513296725308,-0.0007226783377639,ok,,False,MS2,560,-0.7893963382030051,0.13018053734163,0.8000584672827785,0.84422397473827,0.961836254259945,0.9593850507635518,-0.0024512034963931,ok,,False,MS2,560,4096,2048,0.9689767565446346,-0.10057925887144849,0.9741828072999902,True,34,T2_A2_L1,152,2,0.0131578947368421,76.0,2025-06-22 11:42:32+00:00,-8.472447033,41.633984445,2,2,1,phisat_PHISAT-2_L1_000002635_20250622114232_20250622114235_0836D392.zip
2635,4,MS4,705,0.2715930531637696,1.487172014826001,1.5117682984533198,0.8881787372265535,0.9222873012211432,0.9472588286067148,0.0249715273855714,ok,,False,MS4,705,0.1288541421208719,1.6326025835833209,1.6376796346858074,0.8563507844228297,0.9292854148313544,0.9493958061401152,0.0201103913087606,ok,,False,MS4,705,4096,2048,0.14273891104289768,-0.14543056875731986,0.20377548197658568,True,34,T2_A2_L1,152,2,0.0131578947368421,76.0,2025-06-22 11:42:32+00:00,-8.472447033,41.633984445,2,2,1,phisat_PHISAT-2_L1_000002635_20250622114232_20250622114235_0836D392.zip
2635,5,MS5,740,-0.1769476727176879,0.5080905684221761,0.5380209146490275,0.1253743238630704,0.3178683422100652,0.3207659036846128,0.0028975614745475,ok,,False,MS5,740,-1.23136256229418,0.2012307042298289,1.2476969007513488,0.0649481752188876,0.321706323790638,0.3220004723885658,0.0002941485979278,ok,,False,MS5,740,4096,2048,1.054414889576492,0.30685986419234723,1.0981592487489014,True,34,T2_A2_L1,152,2,0.0131578947368421,76.0,2025-06-22 11:42:32+00:00,-8.472447033,41.633984445,2,2,1,phisat_PHISAT-2_L1_000002635_20250622114232_20250622114235_0836D392.zip
2635,6,MS6,783,10.454444130481534,-0.4306548110639596,10.46331045337241,-0.0059203337877988,0.1090129665770399,0.1137186751577461,0.0047057085807062,ok,,False,MS6,783,1.3787289751878689,1.7037018308362804,2.1916873671711223,-0.0848560700542293,0.1107101759420791,0.1077504097337914,-0.0029597662082877,ok,,False,MS6,783,4096,2048,9.075715155293665,-2.13435664190024,9.323308632392836,True,34,T2_A2_L1,152,2,0.0131578947368421,76.0,2025-06-22 11:42:32+00:00,-8.472447033,41.633984445,2,2,1,phisat_PHISAT-2_L1_000002635_20250622114232_20250622114235_0836D392.zip
2635,7,MS7,842,0.4405765687442908,1.5460882073307405,1.607636917271333,-0.0352145677316002,0.0754229985262011,0.0740543107694867,-0.0013686877567144,ok,,False,MS7,842,0.818981255677727,1.218198955670232,1.4679029234753604,-0.1001812838658224,0.0771212271706918,0.0768743782260221,-0.0002468489446697,ok,,False,MS7,842,4096,2048,-0.37840468693343615,0.32788925166050853,0.5007009770788151,True,34,T2_A2_L1,152,2,0.0131578947368421,76.0,2025-06-22 11:42:32+00:00,-8.472447033,41.633984445,2,2,1,phisat_PHISAT-2_L1_000002635_20250622114232_20250622114235_0836D392.zip
2640,0,PAN,625,-68.97206710861792,83.01247981946108,107.926909744568,0.5295596169307828,0.7853238622190025,0.8109787609760981,0.0256548987570955,ok,,True,PAN,625,-69.43671082594801,82.96869907349469,108.19085837664124,0.699800991686061,0.7856853671501791,0.8113671667978408,0.0256817996476617,ok,,True,PAN,625,4096,2048,0.464643717330091,0.04378074596638726,0.46670176534024255,True,35,T2_A2_L0,216,3,0.0138888888888888,72.0,2025-06-22 21:04:41+00:00,-141.575317108,59.875816408,2,2,0,phisat_PHISAT-2_L1_000002640_20250622210441_20250622210444_473EF5EF.zip
2640,1,MS1,490,-0.0486663006890921,0.0443336079806613,0.0658321928796549,0.5272669908590615,0.9944500789867312,0.9944696995733724,1.962058664128908e-05,ok,,False,MS1,490,-0.7934105185659064,0.6156337113611698,1.004243554888628,0.9394726934842764,0.9946287824892064,0.994594787428943,-3.399506026346977e-05,ok,,False,MS1,490,4096,2048,0.7447442178768143,-0.5713001033805085,0.9386307890664612,True,35,T2_A2_L0,216,3,0.0138888888888888,72.0,2025-06-22 21:04:41+00:00,-141.575317108,59.875816408,2,2,0,phisat_PHISAT-2_L1_000002640_20250622210441_20250622210444_473EF5EF.zip
2640,2,MS2,560,-0.0325168810700233,0.1289639418082515,0.1330001723353926,0.9095170585205778,0.9963401832500997,0.9963418921207884,1.7088706888435112e-06,ok,,False,MS2,560,-0.4830515083144746,-0.0295297443972231,0.4839532678772344,0.9583553405245766,0.99647462943679,0.9965064656700322,3.183623324221063e-05,ok,,False,MS2,560,4096,2048,0.45053462724445126,0.1584936862054746,0.4775999360482538,True,35,T2_A2_L0,216,3,0.0138888888888888,72.0,2025-06-22 21:04:41+00:00,-141.575317108,59.875816408,2,2,0,phisat_PHISAT-2_L1_000002640_20250622210441_20250622210444_473EF5EF.zip
2640,4,MS4,705,-0.6991255184861984,-4.091987394652279,4.151281408022316,0.6217312924563885,0.9937154984274412,0.9935639867655576,-0.0001515116618838,ok,,False,MS4,705,-0.5967688772711881,-3.672983970881433,3.721148256013384,0.6790574384795036,0.9940445247748296,0.9940442514285792,-2.73346250523332e-07,ok,,False,MS4,705,4096,2048,-0.10235664121501031,-0.41900342377084643,0.4313244151824817,True,35,T2_A2_L0,216,3,0.0138888888888888,72.0,2025-06-22 21:04:41+00:00,-141.575317108,59.875816408,2,2,0,phisat_PHISAT-2_L1_000002640_20250622210441_20250622210444_473EF5EF.zip
2640,5,MS5,740,-0.5638933663926764,-4.846481124578986,4.879175649591031,0.3745327428914606,0.9625770971171984,0.9617217716487926,-0.0008553254684059,ok,,False,MS5,740,-0.0901021941704129,-4.438133549871054,4.43904807496893,0.4671769589185714,0.9629620079264892,0.9622505053183484,-0.0007115026081407,ok,,False,MS5,740,4096,2048,-0.4737911722222635,-0.4083475747079319,0.6254804686363888,True,35,T2_A2_L0,216,3,0.0138888888888888,72.0,2025-06-22 21:04:41+00:00,-141.575317108,59.875816408,2,2,0,phisat_PHISAT-2_L1_000002640_20250622210441_20250622210444_473EF5EF.zip
2640,6,MS6,783,-0.0213887803561192,-6.788056925499404,6.788090622829483,0.2886583931976929,0.9390057521885364,0.9375521108541992,-0.001453641334337,ok,,False,MS6,783,0.2143006667524787,-6.214528246437567,6.218222101335794,0.3879702755366452,0.9393991079720316,0.9383212608777024,-0.0010778470943293,ok,,False,MS6,783,4096,2048,-0.2356894471085979,-0.5735286790618375,0.6200682713901533,True,35,T2_A2_L0,216,3,0.0138888888888888,72.0,2025-06-22 21:04:41+00:00,-141.575317108,59.875816408,2,2,0,phisat_PHISAT-2_L1_000002640_20250622210441_20250622210444_473EF5EF.zip
2640,7,MS7,842,0.1863033880583771,-2.9339757803650173,2.939884833147472,0.4499353291466832,0.9370199892556328,0.9369831215188146,-3.686773681832456e-05,ok,,False,MS7,842,0.4297012494000682,-2.0221157139189927,2.0672675502252,0.4719270999776199,0.9373297993373,0.9375623488649112,0.0002325495276112,ok,,False,MS7,842,4096,2048,-0.2433978613416911,-0.9118600664460246,0.9437856216772205,True,35,T2_A2_L0,216,3,0.0138888888888888,72.0,2025-06-22 21:04:41+00:00,-141.575317108,59.875816408,2,2,0,phisat_PHISAT-2_L1_000002640_20250622210441_20250622210444_473EF5EF.zip
2695,0,PAN,625,8.633376506743389,-1.3480357567846113,8.73798548343716,0.2658062587142922,0.919339744168347,0.8957274671293921,-0.0236122770389548,ok,,False,PAN,625,7.429719884384667,-1.5392099512569075,7.587483432236884,0.3420605840801727,0.9222337657207124,0.9066740278894124,-0.0155597378313,ok,,False,PAN,625,4096,2048,1.2036566223587215,0.19117419447229622,1.2187439588281606,True,36,T2_A0_L3,49,1,0.0204081632653061,49.00000000000001,2025-07-04 02:48:16+00:00,115.096478273,-21.826202319,2,0,3,phisat_PHISAT-2_L1_000002695_20250704024816_20250704024819_96A219F3.zip
2695,1,MS1,490,3.101096493243176,-1.9351250036233976,3.6553396887366816,0.1528844437561929,0.7411455297291208,0.7326634353495093,-0.0084820943796115,ok,,False,MS1,490,4.07166691047928,-1.2616344238113015,4.262650918059976,0.3009038032032549,0.7432193250276914,0.7311399582542338,-0.0120793667734575,ok,,False,MS1,490,4096,2048,-0.9705704172361038,-0.673490579812096,1.1813536709679697,True,36,T2_A0_L3,49,1,0.0204081632653061,49.00000000000001,2025-07-04 02:48:16+00:00,115.096478273,-21.826202319,2,0,3,phisat_PHISAT-2_L1_000002695_20250704024816_20250704024819_96A219F3.zip
2695,2,MS2,560,-4.964944048071629,-2.5029690087990275,5.560172952300161,0.2335663205012679,0.8067178615240406,0.798558535191405,-0.0081593263326356,ok,,False,MS2,560,5.82808779214929,-2.329185465621322,6.276281721390556,0.4233128900523297,0.8090002588251433,0.8029155757504075,-0.0060846830747357,ok,,False,MS2,560,4096,2048,-10.79303184022092,-0.17378354317770572,10.794430833717078,True,36,T2_A0_L3,49,1,0.0204081632653061,49.00000000000001,2025-07-04 02:48:16+00:00,115.096478273,-21.826202319,2,0,3,phisat_PHISAT-2_L1_000002695_20250704024816_20250704024819_96A219F3.zip
2695,4,MS4,705,7.856652258518807,-1.4406196006034406,7.987638546211983,0.2653904656326631,0.9073958078576976,0.8856355721843158,-0.0217602356733819,ok,,False,MS4,705,7.54728701877093,-1.5254743142445475,7.699909949286944,0.3627323581604287,0.911397617828456,0.8920932097143224,-0.0193044081141336,ok,,False,MS4,705,4096,2048,0.3093652397478772,0.08485471364110686,0.32079148054674983,True,36,T2_A0_L3,49,1,0.0204081632653061,49.00000000000001,2025-07-04 02:48:16+00:00,115.096478273,-21.826202319,2,0,3,phisat_PHISAT-2_L1_000002695_20250704024816_20250704024819_96A219F3.zip
2695,5,MS5,740,2.921470456623865,-0.8579569762100618,3.044844791110636,0.5066334488801658,0.8078810747854303,0.8172909761597357,0.0094099013743054,ok,,False,MS5,740,2.2888814629895933,-0.8925768540016179,2.456760426235494,0.7680230247788131,0.8105929497962159,0.8205531154816177,0.0099601656854018,ok,,False,MS5,740,4096,2048,0.6325889936342719,0.034619877791556064,0.6335356113159885,True,36,T2_A0_L3,49,1,0.0204081632653061,49.00000000000001,2025-07-04 02:48:16+00:00,115.096478273,-21.826202319,2,0,3,phisat_PHISAT-2_L1_000002695_20250704024816_20250704024819_96A219F3.zip
2695,6,MS6,783,8.731150377903987,2.78368308327299,9.164162723875714,0.2432667326065711,0.7640917207094122,0.7416688060646129,-0.0224229146447992,ok,,False,MS6,783,7.041931010119242,2.389714057696437,7.436365081733883,0.3787887350190431,0.7670306895056805,0.7575739705988023,-0.0094567189068782,ok,,False,MS6,783,4096,2048,1.6892193677847445,0.3939690255765531,1.734552871956583,True,36,T2_A0_L3,49,1,0.0204081632653061,49.00000000000001,2025-07-04 02:48:16+00:00,115.096478273,-21.826202319,2,0,3,phisat_PHISAT-2_L1_000002695_20250704024816_20250704024819_96A219F3.zip
2695,7,MS7,842,16.9034069514546,0.4876797152662675,16.91044050494149,0.1866229472507257,0.714570038170823,0.6840275473443256,-0.0305424908264974,ok,,False,MS7,842,16.008186844015654,0.3508762987473801,16.012031732729564,0.2821389388700481,0.717448146445501,0.691693268833487,-0.025754877612014,ok,,False,MS7,842,4096,2048,0.895220107438945,0.13680341651888744,0.9056126189128751,True,36,T2_A0_L3,49,1,0.0204081632653061,49.00000000000001,2025-07-04 02:48:16+00:00,115.096478273,-21.826202319,2,0,3,phisat_PHISAT-2_L1_000002695_20250704024816_20250704024819_96A219F3.zip
2779,0,PAN,625,-0.2293173144444154,-0.3214034590823758,0.3948247892598884,0.6678235621657223,0.8948357580787285,0.8965287505890933,0.0016929925103648,ok,,False,PAN,625,-0.3034944990840813,0.0749973693159518,0.3126236017619442,0.7656559819006361,0.8985044938893908,0.8999498490328782,0.0014453551434874,ok,,False,PAN,625,4096,2048,0.07417718463966594,-0.3964008283983276,0.40328138002633773,True,37,T2_A2_L0,216,3,0.0138888888888888,72.0,2025-07-15 20:24:21+00:00,-134.232655946,56.644098468,2,2,0,phisat_PHISAT-2_L1_000002779_20250715202421_20250715202424_7C9D28CB.zip
2779,1,MS1,490,-1.732362283495604,0.0823231937538366,1.7343172113278285,0.5353061403147876,0.9588811203644538,0.9612129901799046,0.0023318698154507,ok,,False,MS1,490,-0.9145502228880104,1.031684607376974,1.3786860553741342,0.9647204738575964,0.9629733735718116,0.9659605773189494,0.0029872037471379,ok,,False,MS1,490,4096,2048,-0.8178120606075937,-0.9493614136231375,1.253037772835185,True,37,T2_A2_L0,216,3,0.0138888888888888,72.0,2025-07-15 20:24:21+00:00,-134.232655946,56.644098468,2,2,0,phisat_PHISAT-2_L1_000002779_20250715202421_20250715202424_7C9D28CB.zip
2779,2,MS2,560,-0.2356385979719562,0.626344028785752,0.6692028027808582,0.7728313073166646,0.9383658079221256,0.941454314193792,0.0030885062716663,ok,,False,MS2,560,-0.7852493901605158,0.4406306298494655,0.9004287627064113,0.7926644318722538,0.94250603390893,0.9449613832712408,0.0024553493623107,ok,,False,MS2,560,4096,2048,0.5496107921885596,0.18571339893628652,0.5801391983262331,True,37,T2_A2_L0,216,3,0.0138888888888888,72.0,2025-07-15 20:24:21+00:00,-134.232655946,56.644098468,2,2,0,phisat_PHISAT-2_L1_000002779_20250715202421_20250715202424_7C9D28CB.zip
2779,4,MS4,705,-1.11582637857191,-0.7439881091568168,1.3411140196432365,0.4554310110906954,0.7947855874904278,0.8020708245895124,0.0072852370990845,ok,,False,MS4,705,-1.454280693335022,-0.1899381825801356,1.4666318038992736,0.6459429116221145,0.801384566019636,0.8097454607762731,0.008360894756637,ok,,False,MS4,705,4096,2048,0.33845431476311205,-0.5540499265766812,0.6492477526502448,True,37,T2_A2_L0,216,3,0.0138888888888888,72.0,2025-07-15 20:24:21+00:00,-134.232655946,56.644098468,2,2,0,phisat_PHISAT-2_L1_000002779_20250715202421_20250715202424_7C9D28CB.zip
2779,5,MS5,740,-0.3316265281196138,-1.922763903066425,1.951152782610296,0.3029624354676343,0.4248175426631042,0.4287711148333237,0.0039535721702195,ok,,False,MS5,740,0.0527182261644156,-1.1666372366357791,1.1678277498308942,0.2422408429119968,0.4279373038429286,0.4322080519953906,0.0042707481524619,ok,,False,MS5,740,4096,2048,-0.38434475428402937,-0.7561266664306459,0.8482030569581627,True,37,T2_A2_L0,216,3,0.0138888888888888,72.0,2025-07-15 20:24:21+00:00,-134.232655946,56.644098468,2,2,0,phisat_PHISAT-2_L1_000002779_20250715202421_20250715202424_7C9D28CB.zip
2779,6,MS6,783,-0.5878616536838308,-1.9391298519317388,2.0262788323734457,0.2583320030826144,0.3682450124281893,0.3712522977628015,0.0030072853346121,ok,,False,MS6,783,-0.4179921686522903,-1.4513679406036315,1.5103596763905849,0.2145130967255681,0.370981970078551,0.3749378201818758,0.0039558501033247,ok,,False,MS6,783,4096,2048,-0.16986948503154053,-0.4877619113281073,0.516495231427483,True,37,T2_A2_L0,216,3,0.0138888888888888,72.0,2025-07-15 20:24:21+00:00,-134.232655946,56.644098468,2,2,0,phisat_PHISAT-2_L1_000002779_20250715202421_20250715202424_7C9D28CB.zip
2779,7,MS7,842,-3.612064767380162,-0.7037506057713472,3.67998326067832,0.1420428627170622,0.3592774867701009,0.3614847898739843,0.0022073031038833,ok,,False,MS7,842,-1.475361030637032,0.3493367047203719,1.5161551055176556,0.2306492411007639,0.3621599734695922,0.3663723032670831,0.0042123297974909,ok,,False,MS7,842,4096,2048,-2.13670373674313,-1.053087310491719,2.3821200100185416,True,37,T2_A2_L0,216,3,0.0138888888888888,72.0,2025-07-15 20:24:21+00:00,-134.232655946,56.644098468,2,2,0,phisat_PHISAT-2_L1_000002779_20250715202421_20250715202424_7C9D28CB.zip
2796,0,PAN,625,-1754.666904126197,632.1353400272467,1865.060597553649,9.045173646882176e-05,-4.8813948846843695e-05,-7.484546028047124e-05,-2.6031511433627543e-05,ok,,True,PAN,625,1950.620593883152,548.2284021110875,2026.197197254585,0.0018309479928575,-0.0001142684291833,,,ok,,True,PAN,625,4096,2048,-3705.2874980093493,83.90693791615922,3706.2374205027463,True,38,T2_A0_L0,1,1,1.0,1.0,2025-07-17 06:18:36+00:00,-107.793205092,-47.817202669,2,0,0,phisat_PHISAT-2_L1_000002796_20250717061836_20250717061849_2FFBC549.zip
2796,1,MS1,490,-390.1646192507869,-219.79125943971485,447.8131617552208,-0.0009099552589759,0.045253511120574,0.0813206420317854,0.0360671309112114,ok,,True,MS1,490,-461.20134907708007,-282.1918438118437,540.6837533202257,0.003513639094308,0.0683495471473765,0.1664711292220733,0.0981215820746968,ok,,True,MS1,490,4096,2048,71.03672982629314,62.40058437212883,94.55183718150025,True,38,T2_A0_L0,1,1,1.0,1.0,2025-07-17 06:18:36+00:00,-107.793205092,-47.817202669,2,0,0,phisat_PHISAT-2_L1_000002796_20250717061836_20250717061849_2FFBC549.zip
2796,2,MS2,560,-99.67025674894968,163.11777380357648,191.15848976970992,0.00068067421671,0.04636867303555,-0.0027404456614974,-0.0491091186970474,ok,,True,MS2,560,494.18275695225975,145.10534979944555,515.0457841875377,0.0041197246609954,0.0692671746411919,-0.034653184437292,-0.1039203590784839,ok,,True,MS2,560,4096,2048,-593.8530137012094,18.012424004130935,594.1261223852334,True,38,T2_A0_L0,1,1,1.0,1.0,2025-07-17 06:18:36+00:00,-107.793205092,-47.817202669,2,0,0,phisat_PHISAT-2_L1_000002796_20250717061836_20250717061849_2FFBC549.zip
2796,4,MS4,705,161.0315671429271,-122.20726460136076,202.1528657671072,0.0014635068291681,0.058472118111318,0.064083890445001,0.0056117723336829,ok,,True,MS4,705,-295.4248822864329,-240.99159859560584,381.2516382490944,0.0057353558513568,0.0765855272713253,0.0582673695633302,-0.018318157707995,ok,,True,MS4,705,4096,2048,456.45644942935996,118.78433399424507,471.65899570358476,True,38,T2_A0_L0,1,1,1.0,1.0,2025-07-17 06:18:36+00:00,-107.793205092,-47.817202669,2,0,0,phisat_PHISAT-2_L1_000002796_20250717061836_20250717061849_2FFBC549.zip
2796,5,MS5,740,206.9744926538292,10.187695276818204,207.22507026024456,0.0014902742914273,0.0335614528099641,0.0616619840457298,0.0281005312357657,ok,,True,MS5,740,798.491202286272,580.4096599190152,987.1492153954656,0.0047259632956411,0.0453174978809507,0.1881920720053237,0.142874574124373,ok,,True,MS5,740,4096,2048,-591.5167096324428,-570.221964642197,821.6112868837664,True,38,T2_A0_L0,1,1,1.0,1.0,2025-07-17 06:18:36+00:00,-107.793205092,-47.817202669,2,0,0,phisat_PHISAT-2_L1_000002796_20250717061836_20250717061849_2FFBC549.zip
2796,6,MS6,783,289.1940801321721,151.1947954958191,326.3327782624904,-0.0013752451959589,0.0391850086433542,0.1157883345805113,0.076603325937157,ok,,True,MS6,783,-471.6281775396183,24.98545186759748,472.2895411232073,0.0045999707799637,0.0507763791606841,0.042650188324752,-0.0081261908359321,ok,,True,MS6,783,4096,2048,760.8222576717903,126.20934362822163,771.2193632085923,True,38,T2_A0_L0,1,1,1.0,1.0,2025-07-17 06:18:36+00:00,-107.793205092,-47.817202669,2,0,0,phisat_PHISAT-2_L1_000002796_20250717061836_20250717061849_2FFBC549.zip
2796,7,MS7,842,127.93212593553017,64.23211100849517,143.15164313060467,0.0022459537212853,0.000474065348992,0.0172721035206024,0.0167980381716103,ok,,True,MS7,842,441.649706112137,838.474693066611,947.6783598996468,0.0055090359819587,0.0007593013818276,0.1514160262344658,0.1506567248526381,ok,,True,MS7,842,4096,2048,-313.7175801766068,-774.2425820581159,835.3863154157386,True,38,T2_A0_L0,1,1,1.0,1.0,2025-07-17 06:18:36+00:00,-107.793205092,-47.817202669,2,0,0,phisat_PHISAT-2_L1_000002796_20250717061836_20250717061849_2FFBC549.zip
2808,0,PAN,625,0.1942013089289957,0.4974323834169354,0.5339973075415159,0.3945074796793051,0.8131095222795122,0.8135891702671637,0.0004796479876515,ok,,False,PAN,625,0.0928890606862751,0.8259155608459423,0.8311226691906832,0.3424856086130603,0.8135606762689668,0.8143379532239612,0.0007772769549944,ok,,False,PAN,625,4096,2048,0.1013122482427206,-0.3284831774290069,0.34375190108252646,True,39,T2_A2_L2,261,3,0.0114942528735632,87.0,2025-07-18 05:14:08+00:00,85.863234706,27.894218651,2,2,2,phisat_PHISAT-2_L1_000002808_20250718051408_20250718051411_2290F3A1.zip
2808,1,MS1,490,0.9518870265587792,-1.6983818238700223,1.9469436897309016,0.7389918533153832,0.9984123446015568,0.9981366387710332,-0.0002757058305236,ok,,False,MS1,490,-0.3442772094695101,-1.091333218908403,1.144349156356175,0.981119922362268,0.9985324376417491,0.9985391763681584,6.738726409327711e-06,ok,,False,MS1,490,4096,2048,1.2961642360282895,-0.6070486049616193,1.4312755624074098,True,39,T2_A2_L2,261,3,0.0114942528735632,87.0,2025-07-18 05:14:08+00:00,85.863234706,27.894218651,2,2,2,phisat_PHISAT-2_L1_000002808_20250718051408_20250718051411_2290F3A1.zip
2808,2,MS2,560,0.4830539755216705,-0.244351459120935,0.5413397997947506,0.943496934720315,0.9947910978145542,0.994812804013092,2.170619853791856e-05,ok,,False,MS2,560,-0.1228290224498778,-0.4448098237476188,0.4614572006788715,0.8573337378911674,0.9948894938588776,0.9949236116326426,3.4117773764941184e-05,ok,,False,MS2,560,4096,2048,0.6058829979715483,0.2004583646266838,0.6381831736890246,True,39,T2_A2_L2,261,3,0.0114942528735632,87.0,2025-07-18 05:14:08+00:00,85.863234706,27.894218651,2,2,2,phisat_PHISAT-2_L1_000002808_20250718051408_20250718051411_2290F3A1.zip
2808,4,MS4,705,0.0990748687911491,-0.9191178961741572,0.9244422841332994,0.9221216989681124,0.9968943341931882,0.9971179091556608,0.0002235749624726,ok,,False,MS4,705,0.0352498474237563,-0.9973389370265976,0.9979616761443006,0.972922626780928,0.9971035525887898,0.9973079898921604,0.0002044373033707,ok,,False,MS4,705,4096,2048,0.06382502136739279,0.07822104085244042,0.100956250844548,True,39,T2_A2_L2,261,3,0.0114942528735632,87.0,2025-07-18 05:14:08+00:00,85.863234706,27.894218651,2,2,2,phisat_PHISAT-2_L1_000002808_20250718051408_20250718051411_2290F3A1.zip
2808,5,MS5,740,-0.8757016475929049,-1.0246492903352191,1.3478722282847868,0.6064456035383046,0.9595548451778868,0.959585891581613,3.1046403726087135e-05,ok,,False,MS5,740,-0.732177698540454,-0.8477172850903116,1.120137838697044,0.7745832376822364,0.9601018141174432,0.9607573674646224,0.000655553347179,ok,,False,MS5,740,4096,2048,-0.14352394905245092,-0.1769320052449075,0.22782462209250892,True,39,T2_A2_L2,261,3,0.0114942528735632,87.0,2025-07-18 05:14:08+00:00,85.863234706,27.894218651,2,2,2,phisat_PHISAT-2_L1_000002808_20250718051408_20250718051411_2290F3A1.zip
2808,6,MS6,783,-1.0813315140189843,0.3282695489085654,1.1300613876914924,0.4871308272704482,0.9262228658762256,0.9265000454646476,0.0002771795884218,ok,,False,MS6,783,-1.2058874270815068,0.6442605166823796,1.3672000951393704,0.682862046873197,0.9269890989240744,0.9280015388763933,0.0010124399523188,ok,,False,MS6,783,4096,2048,0.12455591306252245,-0.3159909677738142,0.3396534516142451,True,39,T2_A2_L2,261,3,0.0114942528735632,87.0,2025-07-18 05:14:08+00:00,85.863234706,27.894218651,2,2,2,phisat_PHISAT-2_L1_000002808_20250718051408_20250718051411_2290F3A1.zip
2808,7,MS7,842,-0.1098924387029001,-1.7777354154500244,1.781128730729293,0.5196056654676795,0.9260738003068896,0.9272296465998676,0.0011558462929779,ok,,False,MS7,842,-0.121044941288801,-1.8573787980440104,1.8613188542630248,0.6805047939997166,0.926928898515259,0.928043176207172,0.001114277691913,ok,,False,MS7,842,4096,2048,0.011152502585900906,0.07964338259398596,0.08042043710985754,True,39,T2_A2_L2,261,3,0.0114942528735632,87.0,2025-07-18 05:14:08+00:00,85.863234706,27.894218651,2,2,2,phisat_PHISAT-2_L1_000002808_20250718051408_20250718051411_2290F3A1.zip
3077,0,PAN,625,-2.7396507143898816,-0.1734049398746719,2.745133022283242,0.494792243160191,0.8974849142469866,0.8800220920552767,-0.0174628221917099,ok,,False,PAN,625,-1.187129136848398,0.0255928907429279,1.187404978771355,0.8462532163612195,0.9121168756106378,0.9171964770126734,0.0050796014020355,ok,,False,PAN,625,4096,2048,-1.5525215775414836,-0.1989978306175998,1.5652231103974947,True,40,T2_A1_L3,59,1,0.0169491525423728,59.0,2025-08-14 01:32:34+00:00,135.423154438,-14.461769736,2,1,3,phisat_PHISAT-2_L1_000003077_20250814013234_20250814013237_45EB5DF2.zip
3077,1,MS1,490,-5.932064795147198,0.952848512628634,6.008103945659011,0.3420613640919328,0.8285014472807418,0.8358213578709934,0.0073199105902516,ok,,False,MS1,490,-5.583971757826475,1.2428150906514477,5.7206057320667245,0.6491008705925196,0.8500240806565039,0.8630052740408827,0.0129811933843787,ok,,False,MS1,490,4096,2048,-0.34809303732072294,-0.28996657802281367,0.4530445662420273,True,40,T2_A1_L3,59,1,0.0169491525423728,59.0,2025-08-14 01:32:34+00:00,135.423154438,-14.461769736,2,1,3,phisat_PHISAT-2_L1_000003077_20250814013234_20250814013237_45EB5DF2.zip
3077,2,MS2,560,-2.0073469189151183,0.2805695606825793,2.0268598696653,0.5743270878301701,0.8819074864932857,0.8934068462415922,0.0114993597483065,ok,,False,MS2,560,-1.6754998752526262,0.2622704036377854,1.6959025905387055,0.8471209351555444,0.898637237647912,0.9108727757678254,0.0122355381199134,ok,,False,MS2,560,4096,2048,-0.33184704366249207,0.0182991570447939,0.33235119908928556,True,40,T2_A1_L3,59,1,0.0169491525423728,59.0,2025-08-14 01:32:34+00:00,135.423154438,-14.461769736,2,1,3,phisat_PHISAT-2_L1_000003077_20250814013234_20250814013237_45EB5DF2.zip
3077,4,MS4,705,-4.944778679244337,0.5453866387208564,4.974764594672254,0.3488774271099828,0.8181173259575106,0.785568165576287,-0.0325491603812236,ok,,False,MS4,705,-0.8290049866723166,0.151284593454875,0.8426958503187105,0.6358706342580263,0.8402056709559093,0.8540628770992115,0.0138572061433022,ok,,False,MS4,705,4096,2048,-4.11577369257202,0.39410204526598136,4.134599074946777,True,40,T2_A1_L3,59,1,0.0169491525423728,59.0,2025-08-14 01:32:34+00:00,135.423154438,-14.461769736,2,1,3,phisat_PHISAT-2_L1_000003077_20250814013234_20250814013237_45EB5DF2.zip
3077,5,MS5,740,0.1740590066433469,-0.4898235693431161,0.5198304212699553,0.3258299907902255,0.4970938249420344,0.5001895934320589,0.0030957684900245,ok,,False,MS5,740,0.3411478200532656,0.3484224614210234,0.4876269544947036,0.4089012596814427,0.5091050949701041,0.5121381241121539,0.0030330291420497,ok,,False,MS5,740,4096,2048,-0.1670888134099187,-0.8382460307641395,0.8547368481928045,True,40,T2_A1_L3,59,1,0.0169491525423728,59.0,2025-08-14 01:32:34+00:00,135.423154438,-14.461769736,2,1,3,phisat_PHISAT-2_L1_000003077_20250814013234_20250814013237_45EB5DF2.zip
3077,6,MS6,783,-1.3593998028345595,1.6385938679338778,2.1290743735194284,0.1838004504679702,0.3772149801660425,0.3896794756095503,0.0124644954435078,ok,,False,MS6,783,-2.317304388037428,0.1523294506473576,2.3223057267190392,0.3517360690457281,0.3878015401083451,0.4004430740996664,0.0126415339913213,ok,,False,MS6,783,4096,2048,0.9579045852028685,1.4862644172865203,1.7682090126579264,True,40,T2_A1_L3,59,1,0.0169491525423728,59.0,2025-08-14 01:32:34+00:00,135.423154438,-14.461769736,2,1,3,phisat_PHISAT-2_L1_000003077_20250814013234_20250814013237_45EB5DF2.zip
3077,7,MS7,842,-1.4103127631406096,-0.8317457914536135,1.6373097298550752,0.1618462137121241,0.3478813263505633,0.368582808699478,0.0207014823489147,ok,,False,MS7,842,-7.284236218034493,-0.9227014323082584,7.342443408927928,0.1901344212237745,0.3582556493023802,0.3697100224685977,0.0114543731662175,ok,,False,MS7,842,4096,2048,5.873923454893883,0.09095564085464491,5.87462762075655,True,40,T2_A1_L3,59,1,0.0169491525423728,59.0,2025-08-14 01:32:34+00:00,135.423154438,-14.461769736,2,1,3,phisat_PHISAT-2_L1_000003077_20250814013234_20250814013237_45EB5DF2.zip
3219,0,PAN,625,0.7945055864920505,-0.3500356708177605,0.8681958867743597,0.5977820716798306,0.8250822823976135,0.8274094334561087,0.0023271510584952,ok,,False,PAN,625,0.3371249228862325,-0.5737823269355431,0.6654918273988154,0.8354628467641305,0.8473296360728871,0.8478094647490674,0.0004798286761802,ok,,False,PAN,625,4096,2048,0.45738066360581797,0.2237466561177826,0.5091754487054415,True,41,T3_A2_L1,130,1,0.0076923076923076,130.0,2025-09-03 15:41:40+00:00,-69.436188695,43.694176858,3,2,1,phisat_PHISAT-2_L1_000003219_20250903154140_20250903154143_9C4822EA.zip
3219,1,MS1,490,-2.958938772997953,0.0450341624600696,2.959281456390912,0.2680008048191666,0.7018689205573143,0.7127973341008852,0.0109284135435708,ok,,False,MS1,490,-1.936803274565136,0.6357592318447587,2.038479022517051,0.6398951659502927,0.7463627259150335,0.7650647931440117,0.0187020672289781,ok,,False,MS1,490,4096,2048,-1.022135498432817,-0.590725069384689,1.18055795484849,True,41,T3_A2_L1,130,1,0.0076923076923076,130.0,2025-09-03 15:41:40+00:00,-69.436188695,43.694176858,3,2,1,phisat_PHISAT-2_L1_000003219_20250903154140_20250903154143_9C4822EA.zip
3219,2,MS2,560,-0.2016326908728842,0.0947105452230516,0.2227685556919733,0.4788191877305507,0.8174798737452676,0.8270873025602364,0.0096074288149687,ok,,False,MS2,560,-1.1228847789188876,0.3905456261873041,1.1888633701404685,0.7667949429014698,0.8485917167900245,0.8635471299399075,0.0149554131498829,ok,,False,MS2,560,4096,2048,0.9212520880460033,-0.2958350809642525,0.9675865877833606,True,41,T3_A2_L1,130,1,0.0076923076923076,130.0,2025-09-03 15:41:40+00:00,-69.436188695,43.694176858,3,2,1,phisat_PHISAT-2_L1_000003219_20250903154140_20250903154143_9C4822EA.zip
3219,4,MS4,705,0.0673940879776182,-0.998069246418254,1.0003420333767026,0.3098586339037865,0.6006152593944081,0.6013133491095879,0.0006980897151798,ok,,False,MS4,705,0.4372934449413606,-0.805224147147328,0.91630316169804,0.5237884856760502,0.6312222852713475,0.6351625491023979,0.0039402638310503,ok,,False,MS4,705,4096,2048,-0.3698993569637424,-0.19284509927092597,0.41715077201774825,True,41,T3_A2_L1,130,1,0.0076923076923076,130.0,2025-09-03 15:41:40+00:00,-69.436188695,43.694176858,3,2,1,phisat_PHISAT-2_L1_000003219_20250903154140_20250903154143_9C4822EA.zip
3219,5,MS5,740,0.1550507256581568,-0.2194468771735955,0.2686962214627592,0.1476353416219353,0.5406425874191421,0.5426342760863675,0.0019916886672254,ok,,False,MS5,740,0.4948561685459935,-0.7411569346709257,0.8911768788286777,0.3205088474205695,0.5584608471475005,0.5568511067906481,-0.0016097403568524,ok,,False,MS5,740,4096,2048,-0.3398054428878367,0.5217100574973301,0.6226147469423338,True,41,T3_A2_L1,130,1,0.0076923076923076,130.0,2025-09-03 15:41:40+00:00,-69.436188695,43.694176858,3,2,1,phisat_PHISAT-2_L1_000003219_20250903154140_20250903154143_9C4822EA.zip
3219,6,MS6,783,0.0014281931987625,0.1206732600892337,0.1206817112754738,0.0969186215661466,0.5220842491303573,0.5229257995997556,0.0008415504693982,ok,,False,MS6,783,0.7347075353286527,-0.2771530549994168,0.7852445341192852,0.232339013076853,0.5375313787707523,0.5359166620723548,-0.0016147166983975,ok,,False,MS6,783,4096,2048,-0.7332793421298902,0.39782631508865046,0.8342447905569796,True,41,T3_A2_L1,130,1,0.0076923076923076,130.0,2025-09-03 15:41:40+00:00,-69.436188695,43.694176858,3,2,1,phisat_PHISAT-2_L1_000003219_20250903154140_20250903154143_9C4822EA.zip
3219,7,MS7,842,-1.0086212473620435,-1.0874217888522253,1.483173276289975,0.1235097771859727,0.5492315229290265,0.55011271492164,0.0008811919926134,ok,,False,MS7,842,-1.2042108563700822,-1.821804532595252,2.1838258954376766,0.2349311578873312,0.5655459615423886,0.5653971723008644,-0.0001487892415241,ok,,False,MS7,842,4096,2048,0.19558960900803868,0.7343827437430268,0.7599824402309923,True,41,T3_A2_L1,130,1,0.0076923076923076,130.0,2025-09-03 15:41:40+00:00,-69.436188695,43.694176858,3,2,1,phisat_PHISAT-2_L1_000003219_20250903154140_20250903154143_9C4822EA.zip
3228,0,PAN,625,0.3490618266885121,-0.2828521805608943,0.4492766574163114,0.8225502502609743,0.942214387256985,0.9432311647658324,0.0010167775088473,ok,,False,PAN,625,0.2242183255866621,0.2673086858628721,0.3488951003763482,0.8309454002883285,0.9453278809553176,0.944414545811704,-0.0009133351436138,ok,,False,PAN,625,4096,2048,0.12484350110185,-0.5501608664237664,0.5641479227219728,True,42,T3_A2_L2,229,3,0.0131004366812227,76.33333333333334,2025-09-04 10:34:10+00:00,11.306447786,46.930583431,3,2,2,phisat_PHISAT-2_L1_000003228_20250904103410_20250904103412_1E348DC8.zip
3228,1,MS1,490,2.805784709893942,-0.0715432905444686,2.80669668484084,0.5069554204819724,0.9401260510077786,0.9352663562240088,-0.0048596947837696,ok,,False,MS1,490,0.7949377961440405,-0.4085387568825354,0.8937729105390649,1.0315206325612962,0.9456514882920598,0.9501412464698462,0.0044897581777864,ok,,False,MS1,490,4096,2048,2.0108469137499014,0.33699546633806676,2.0388897113061106,True,42,T3_A2_L2,229,3,0.0131004366812227,76.33333333333334,2025-09-04 10:34:10+00:00,11.306447786,46.930583431,3,2,2,phisat_PHISAT-2_L1_000003228_20250904103410_20250904103412_1E348DC8.zip
3228,2,MS2,560,0.7941985865481911,-0.3725388225302595,0.8772323347707702,0.9263199497945608,0.9478245109045113,0.9504398890036592,0.002615378099148,ok,,False,MS2,560,0.2019685815121192,-0.5428189583785752,0.5791750421877818,0.8863981123140547,0.9513439708927188,0.9525113353198632,0.0011673644271441,ok,,False,MS2,560,4096,2048,0.5922300050360719,0.1702801358483157,0.6162237446979357,True,42,T3_A2_L2,229,3,0.0131004366812227,76.33333333333334,2025-09-04 10:34:10+00:00,11.306447786,46.930583431,3,2,2,phisat_PHISAT-2_L1_000003228_20250904103410_20250904103412_1E348DC8.zip
3228,4,MS4,705,0.4776886590880167,0.4285631499876672,0.6417576088747676,0.4721352382330224,0.8612284137102298,0.8683500054570893,0.0071215917468594,ok,,False,MS4,705,0.9503219933258152,1.3768987656917488,1.6730098929660315,0.7840203333180398,0.8672138907736984,0.8753002148408855,0.0080863240671871,ok,,False,MS4,705,4096,2048,-0.4726333342377985,-0.9483356157040816,1.0595861025162505,True,42,T3_A2_L2,229,3,0.0131004366812227,76.33333333333334,2025-09-04 10:34:10+00:00,11.306447786,46.930583431,3,2,2,phisat_PHISAT-2_L1_000003228_20250904103410_20250904103412_1E348DC8.zip
3228,5,MS5,740,-0.116611157967327,1.0652631963528163,1.0716267259014682,0.1363647335674613,0.353740338165647,0.3591043548186389,0.0053640166529919,ok,,False,MS5,740,0.2103102337937343,3.037025762656413,3.0442989139499987,0.2492577796219848,0.3569100895432687,0.3656131720808271,0.0087030825375583,ok,,False,MS5,740,4096,2048,-0.32692139176106133,-1.9717625663035967,1.9986808685398314,True,42,T3_A2_L2,229,3,0.0131004366812227,76.33333333333334,2025-09-04 10:34:10+00:00,11.306447786,46.930583431,3,2,2,phisat_PHISAT-2_L1_000003228_20250904103410_20250904103412_1E348DC8.zip
3228,6,MS6,783,0.5559930683330094,5.96019421512915,5.986070779241866,0.0862487947015324,0.2410817556056642,0.245664699353647,0.0045829437479827,ok,,False,MS6,783,0.1755187514761473,5.491170741482392,5.493975149582679,0.1117013840703293,0.2433135495577614,0.2490223069503964,0.0057087573926349,ok,,False,MS6,783,4096,2048,0.38047431685686217,0.46902347364675734,0.6039401664232695,True,42,T3_A2_L2,229,3,0.0131004366812227,76.33333333333334,2025-09-04 10:34:10+00:00,11.306447786,46.930583431,3,2,2,phisat_PHISAT-2_L1_000003228_20250904103410_20250904103412_1E348DC8.zip
3228,7,MS7,842,-0.0345833226037939,1.01381417231255,1.014403855564488,0.0867935987334931,0.2568244249898926,0.2577240423758011,0.0008996173859084,ok,,False,MS7,842,-0.004496545161146,2.450697104862229,2.4507012299948965,0.1240106776822358,0.2591355400814298,0.2598256128108923,0.0006900727294624,ok,,False,MS7,842,4096,2048,-0.030086777442647903,-1.436882932549679,1.4371978903510292,True,42,T3_A2_L2,229,3,0.0131004366812227,76.33333333333334,2025-09-04 10:34:10+00:00,11.306447786,46.930583431,3,2,2,phisat_PHISAT-2_L1_000003228_20250904103410_20250904103412_1E348DC8.zip
3367,0,PAN,625,-0.3586716197437454,0.6679762773126185,0.7581804784231958,0.940817910945043,0.978578994986787,0.9816214348526016,0.0030424398658146,ok,,False,PAN,625,-0.9845580181681726,0.8377486584438429,1.2927402313936462,0.8666043943703698,0.980654607433283,0.9827194026788316,0.0020647952455484,ok,,False,PAN,625,4096,2048,0.6258863984244272,-0.1697723811312244,0.648503234477413,True,43,T3_A2_L0,146,2,0.0136986301369863,73.0,2025-09-18 19:21:15+00:00,-122.374814049,40.515655716,3,2,0,phisat_PHISAT-2_L1_000003367_20250918192115_20250918192117_176D117C.zip
3367,1,MS1,490,1.5856587765031236,-0.158532977447976,1.5935640747832838,0.6161665893159807,0.9479726752485936,0.9463107928605602,-0.0016618823880335,ok,,False,MS1,490,-0.6398058213503646,-0.6749012875038716,0.9299694817079742,0.7534468327648938,0.9505657451843732,0.9507501197578554,0.0001843745734821,ok,,False,MS1,490,4096,2048,2.225464597853488,0.5163683100558956,2.2845850625286794,True,43,T3_A2_L0,146,2,0.0136986301369863,73.0,2025-09-18 19:21:15+00:00,-122.374814049,40.515655716,3,2,0,phisat_PHISAT-2_L1_000003367_20250918192115_20250918192117_176D117C.zip
3367,2,MS2,560,0.0382277143100964,-0.3143705869674704,0.3166863181314378,0.9691599413345102,0.972205828794792,0.9726742662951222,0.0004684375003302,ok,,False,MS2,560,-0.8819473238272622,-0.3354310778222498,0.9435809928008648,0.8544344902038574,0.9742256313868846,0.9740808469689596,-0.000144784417925,ok,,False,MS2,560,4096,2048,0.9201750381373586,0.0210604908547794,0.9204160173998134,True,43,T3_A2_L0,146,2,0.0136986301369863,73.0,2025-09-18 19:21:15+00:00,-122.374814049,40.515655716,3,2,0,phisat_PHISAT-2_L1_000003367_20250918192115_20250918192117_176D117C.zip
3367,4,MS4,705,-0.2295559395042801,1.1909960900609349,1.2129169864018423,0.893190534086898,0.9585416557512888,0.9646273740330286,0.0060857182817396,ok,,False,MS4,705,-0.5603422739127382,1.3367042546819905,1.449400472063754,0.8506006764946505,0.9624458518629672,0.9681179992082642,0.005672147345297,ok,,False,MS4,705,4096,2048,0.33078633440845806,-0.14570816462105562,0.3614560391923489,True,43,T3_A2_L0,146,2,0.0136986301369863,73.0,2025-09-18 19:21:15+00:00,-122.374814049,40.515655716,3,2,0,phisat_PHISAT-2_L1_000003367_20250918192115_20250918192117_176D117C.zip
3367,5,MS5,740,-0.5835731704009959,1.254826491234553,1.3838884233621906,0.4932016275706701,0.7853818300218038,0.7935816409555959,0.008199810933792,ok,,False,MS5,740,-0.4503625077400102,1.9080458519331387,1.960475799763192,0.5103444322012365,0.790377551757217,0.7972930277653304,0.0069154760081133,ok,,False,MS5,740,4096,2048,-0.1332106626609857,-0.6532193606985857,0.6666637937056789,True,43,T3_A2_L0,146,2,0.0136986301369863,73.0,2025-09-18 19:21:15+00:00,-122.374814049,40.515655716,3,2,0,phisat_PHISAT-2_L1_000003367_20250918192115_20250918192117_176D117C.zip
3367,6,MS6,783,-0.2590591419157135,1.3974893074973809,1.421297999569272,0.3627682337537408,0.6823187950128973,0.6899778681343295,0.0076590731214322,ok,,False,MS6,783,-0.5735563737212033,1.974184058391529,2.055813612719661,0.3910052909632213,0.6874063899927952,0.6942190146797954,0.0068126246870001,ok,,False,MS6,783,4096,2048,0.3144972318054898,-0.5766947508941482,0.6568754406447083,True,43,T3_A2_L0,146,2,0.0136986301369863,73.0,2025-09-18 19:21:15+00:00,-122.374814049,40.515655716,3,2,0,phisat_PHISAT-2_L1_000003367_20250918192115_20250918192117_176D117C.zip
3367,7,MS7,842,-0.2483947584919406,1.884505796030453,1.9008056321777465,0.4119569684844464,0.686473471456492,0.6979358755891288,0.0114624041326368,ok,,False,MS7,842,-0.3845747978675717,2.201933888866733,2.2352652250000804,0.376066051365342,0.6924894997154529,0.7041908933617584,0.0117013936463055,ok,,False,MS7,842,4096,2048,0.1361800393756311,-0.31742809283628004,0.3454064232842616,True,43,T3_A2_L0,146,2,0.0136986301369863,73.0,2025-09-18 19:21:15+00:00,-122.374814049,40.515655716,3,2,0,phisat_PHISAT-2_L1_000003367_20250918192115_20250918192117_176D117C.zip
3500,0,PAN,625,0.2468576300675522,-0.2739039519569815,0.3687303410627078,0.8669437562202802,0.9292439037036002,0.930022924745649,0.0007790210420487,ok,,False,PAN,625,-0.0434268538692776,0.0436450629229057,0.0615693361546801,0.7889558344613761,0.9314961380589368,0.9314582945611586,-3.784349777835594e-05,ok,,False,PAN,625,4096,2048,0.2902844839368298,-0.3175490148798872,0.43023535241267474,True,44,T3_A1_L1,67,1,0.0149253731343283,67.0,2025-10-02 15:37:24+00:00,-73.005618805,3.90064101,3,1,1,phisat_PHISAT-2_L1_000003500_20251002153724_20251002153726_BD5FB8CC.zip
3500,1,MS1,490,-0.1748497885059805,-1.7243062483062204,1.7331487202454552,0.6129865646362305,0.9264021245306602,0.9244709953490604,-0.0019311291815998,ok,,False,MS1,490,-1.255160633572359,-0.2333237239654408,1.2766629062657329,0.9341637617908418,0.9296197292580176,0.9328912480646112,0.0032715188065935,ok,,False,MS1,490,4096,2048,1.0803108450663785,-1.4909825243407795,1.8412225313246728,True,44,T3_A1_L1,67,1,0.0149253731343283,67.0,2025-10-02 15:37:24+00:00,-73.005618805,3.90064101,3,1,1,phisat_PHISAT-2_L1_000003500_20251002153724_20251002153726_BD5FB8CC.zip
3500,2,MS2,560,-0.0646810013317917,-0.5853138032571223,0.5888767954475711,0.9254137292446104,0.9355063213675114,0.936641378305312,0.0011350569378006,ok,,False,MS2,560,-0.9201776341778896,-0.4814926657986689,1.0385384276275609,0.8461072808058816,0.9378794509148712,0.9383732220573024,0.0004937711424313,ok,,False,MS2,560,4096,2048,0.8554966328460979,-0.10382113745845345,0.8617733561640081,True,44,T3_A1_L1,67,1,0.0149253731343283,67.0,2025-10-02 15:37:24+00:00,-73.005618805,3.90064101,3,1,1,phisat_PHISAT-2_L1_000003500_20251002153724_20251002153726_BD5FB8CC.zip
3500,4,MS4,705,-0.9302959059059503,-0.5475194146715694,1.079457262696245,0.7869368273823056,0.844425245386523,0.8508487315368662,0.0064234861503432,ok,,False,MS4,705,-1.2260843125409338,-0.2422790034893296,1.2497927256112338,0.7991529111313866,0.8489198359663607,0.853776953186614,0.0048571172202532,ok,,False,MS4,705,4096,2048,0.2957884066349834,-0.30524041118223977,0.42504410373320684,True,44,T3_A1_L1,67,1,0.0149253731343283,67.0,2025-10-02 15:37:24+00:00,-73.005618805,3.90064101,3,1,1,phisat_PHISAT-2_L1_000003500_20251002153724_20251002153726_BD5FB8CC.zip
3500,5,MS5,740,-0.8384259703375392,-0.6837650972911433,1.0818931629370854,0.1220962689840234,-0.0267797009778653,-0.0256494247386389,0.0011302762392263,ok,,False,MS5,740,-1.94599767321688,0.880826125870044,2.1360621732947616,0.1217984776012599,-0.0272534852931717,-0.0227970392517722,0.0044564460413994,ok,,False,MS5,740,4096,2048,1.1075717028793408,-1.5645912231611874,1.9169404718488425,True,44,T3_A1_L1,67,1,0.0149253731343283,67.0,2025-10-02 15:37:24+00:00,-73.005618805,3.90064101,3,1,1,phisat_PHISAT-2_L1_000003500_20251002153724_20251002153726_BD5FB8CC.zip
3500,6,MS6,783,-3.0461341745503887,2.857365153167848,4.1765379236757445,0.02420088215149,-0.1561271458298476,-0.1403753125730648,0.0157518332567828,ok,,False,MS6,783,-7.873238220918665,7.423582783990014,10.821158044963925,0.0313842770992778,-0.1572517933340954,-0.1302925810938663,0.0269592122402291,ok,,False,MS6,783,4096,2048,4.827104046368277,-4.566217630822166,6.64464272376598,True,44,T3_A1_L1,67,1,0.0149253731343283,67.0,2025-10-02 15:37:24+00:00,-73.005618805,3.90064101,3,1,1,phisat_PHISAT-2_L1_000003500_20251002153724_20251002153726_BD5FB8CC.zip
3500,7,MS7,842,-3.912480797276203,2.2656083100559954,4.521115681294808,0.0320687055354937,-0.1696858632357631,-0.1511608564710312,0.0185250067647318,ok,,False,MS7,842,-20.272548476604243,8.72454713219281,22.070204901589,0.014653448248282,-0.170681182782261,-0.1352924969967298,0.0353886857855312,ok,,False,MS7,842,4096,2048,16.36006767932804,-6.458938822136815,17.588908584113458,True,44,T3_A1_L1,67,1,0.0149253731343283,67.0,2025-10-02 15:37:24+00:00,-73.005618805,3.90064101,3,1,1,phisat_PHISAT-2_L1_000003500_20251002153724_20251002153726_BD5FB8CC.zip
3507,0,PAN,625,0.3122584046500378,-1.0148833303610445,1.0618349615261835,0.5823702432680875,0.8494853223986322,0.8503698101224799,0.0008844877238477,ok,,False,PAN,625,0.1731144760840379,-0.806326293258735,0.8247003777313445,0.4526515206089243,0.8502005766192411,0.8517846312280786,0.0015840546088374,ok,,False,PAN,625,4096,2048,0.13914392856599989,-0.20855703710230955,0.2507131240714658,True,45,T3_A1_L2,36,1,0.0277777777777777,36.0,2025-10-03 05:43:15+00:00,76.764914133,19.187682638,3,1,2,phisat_PHISAT-2_L1_000003507_20251003054315_20251003054317_F8686058.zip
3507,1,MS1,490,1.151454506287109,-0.7277520454481419,1.3621565694525886,0.8118518882838544,0.996004369166585,0.9949097365635154,-0.0010946326030695,ok,,False,MS1,490,0.0617713160743278,0.7718855348587113,0.7743532620281736,1.0630694343708456,0.996312718217746,0.9963099763521264,-2.741865619548811e-06,ok,,False,MS1,490,4096,2048,1.0896831902127813,-1.4996375803068531,1.8537319998589057,True,45,T3_A1_L2,36,1,0.0277777777777777,36.0,2025-10-03 05:43:15+00:00,76.764914133,19.187682638,3,1,2,phisat_PHISAT-2_L1_000003507_20251003054315_20251003054317_F8686058.zip
3507,2,MS2,560,0.8014854803409435,0.015703271591974,0.8016393003939142,1.0324690613197165,0.9971278609661538,0.9971376061103338,9.745144179951204e-06,ok,,False,MS2,560,0.3211154966377307,0.1570969846095522,0.3574837405453713,0.8889321235183161,0.997358931716505,0.9974372681745632,7.833645805821465e-05,ok,,False,MS2,560,4096,2048,0.48036998370321277,-0.14139371301757822,0.5007469453964968,True,45,T3_A1_L2,36,1,0.0277777777777777,36.0,2025-10-03 05:43:15+00:00,76.764914133,19.187682638,3,1,2,phisat_PHISAT-2_L1_000003507_20251003054315_20251003054317_F8686058.zip
3507,4,MS4,705,0.455451301072344,-1.58440297289917,1.6485656396335024,0.8224066398106515,0.990453490205825,0.990957711830124,0.000504221624299,ok,,False,MS4,705,0.3852088426010596,-0.610493081104778,0.7218640138522302,0.9205727773660328,0.9909887093767836,0.9918325168994012,0.0008438075226175,ok,,False,MS4,705,4096,2048,0.07024245847128441,-0.973909891794392,0.9764396961958555,True,45,T3_A1_L2,36,1,0.0277777777777777,36.0,2025-10-03 05:43:15+00:00,76.764914133,19.187682638,3,1,2,phisat_PHISAT-2_L1_000003507_20251003054315_20251003054317_F8686058.zip
3507,5,MS5,740,0.9885297256491868,-0.1263132048429724,0.996567129805995,0.4520522719249129,0.9275481734475464,0.928844569214599,0.0012963957670527,ok,,False,MS5,740,1.0164375456135986,-0.4442256712277412,1.1092708105375952,0.6756800999282859,0.9287111646695944,0.9312687133345962,0.0025575486650017,ok,,False,MS5,740,4096,2048,-0.027907819964411718,0.3179124663847688,0.31913505401007386,True,45,T3_A1_L2,36,1,0.0277777777777777,36.0,2025-10-03 05:43:15+00:00,76.764914133,19.187682638,3,1,2,phisat_PHISAT-2_L1_000003507_20251003054315_20251003054317_F8686058.zip
3507,6,MS6,783,0.6851585453098323,-0.1018850404111617,0.6926924235695592,0.3696226421743631,0.8909560091802848,0.8920338983965972,0.0010778892163123,ok,,False,MS6,783,0.1411223789114046,-0.2566858919099104,0.292921786378549,0.5705655650381232,0.8923575664832507,0.8936166664284768,0.0012590999452261,ok,,False,MS6,783,4096,2048,0.5440361663984277,0.15480085149874873,0.565631199611757,True,45,T3_A1_L2,36,1,0.0277777777777777,36.0,2025-10-03 05:43:15+00:00,76.764914133,19.187682638,3,1,2,phisat_PHISAT-2_L1_000003507_20251003054315_20251003054317_F8686058.zip
3507,7,MS7,842,0.0522714973269557,-0.0104148927257483,0.0532989626849415,0.4151760066015413,0.8932854641816615,0.893504307951773,0.0002188437701114,ok,,False,MS7,842,0.1235216746122205,0.0046623603063835,0.1236096343439047,0.5962486789212562,0.8947344282824425,0.8951709950262827,0.0004365667438401,ok,,False,MS7,842,4096,2048,-0.0712501772852648,-0.0150772530321318,0.07282795700949321,True,45,T3_A1_L2,36,1,0.0277777777777777,36.0,2025-10-03 05:43:15+00:00,76.764914133,19.187682638,3,1,2,phisat_PHISAT-2_L1_000003507_20251003054315_20251003054317_F8686058.zip
3666,0,PAN,625,0.1183369286698052,0.3791690478990404,0.3972062380825197,0.7915770751424134,0.7774886882784395,0.7781416804111652,0.0006529921327256,ok,,False,PAN,625,0.0643904871067206,0.9211617583112002,0.9234095081841116,0.6728397844126448,0.7779252254882422,0.779045008136273,0.0011197826480308,ok,,False,PAN,625,4096,2048,0.053946441563084604,-0.5419927104121598,0.5446708333454607,True,46,T3_A2_L0,146,2,0.0136986301369863,73.0,2025-10-22 18:34:14+00:00,-112.094434334,33.268618606,3,2,0,phisat_PHISAT-2_L1_000003666_20251022183414_20251022183416_C8EE5398.zip
3666,1,MS1,490,-0.7674111589976746,-1.901392188398404,2.05041755285518,0.6045279290992767,0.9922520662450158,0.993502429940739,0.0012503636957231,ok,,False,MS1,490,-1.684536567566738,-0.156877883679499,1.6918256759658443,0.8221440395573154,0.992463770358448,0.9926050797306304,0.0001413093721822,ok,,False,MS1,490,4096,2048,0.9171254085690634,-1.744514304718905,1.9709005998304063,True,46,T3_A2_L0,146,2,0.0136986301369863,73.0,2025-10-22 18:34:14+00:00,-112.094434334,33.268618606,3,2,0,phisat_PHISAT-2_L1_000003666_20251022183414_20251022183416_C8EE5398.zip
3666,2,MS2,560,0.0259545843018713,-0.4931423412790536,0.4938248770652098,0.9488678246270864,0.9966188548844056,0.9968774457937156,0.00025859090931,ok,,False,MS2,560,-1.099381164953229,-0.5777322321841893,1.2419394018865997,0.7667183796875179,0.9967675300986636,0.9969637794786596,0.000196249379996,ok,,False,MS2,560,4096,2048,1.1253357492551004,0.08458989090513575,1.1285105219690603,True,46,T3_A2_L0,146,2,0.0136986301369863,73.0,2025-10-22 18:34:14+00:00,-112.094434334,33.268618606,3,2,0,phisat_PHISAT-2_L1_000003666_20251022183414_20251022183416_C8EE5398.zip
3666,4,MS4,705,0.789079876277583,0.7857011238795621,1.11354088708581,0.8289752170676365,0.9887703573196636,0.9898968413440682,0.0011264840244047,ok,,False,MS4,705,0.6068857679363191,1.034329789680669,1.1992282723253789,0.613615105394274,0.9890606199096952,0.9904552370893778,0.0013946171796825,ok,,False,MS4,705,4096,2048,0.18219410834126393,-0.24862866580110676,0.3082383924372606,True,46,T3_A2_L0,146,2,0.0136986301369863,73.0,2025-10-22 18:34:14+00:00,-112.094434334,33.268618606,3,2,0,phisat_PHISAT-2_L1_000003666_20251022183414_20251022183416_C8EE5398.zip
3666,5,MS5,740,0.5734752229648166,0.6547404225236733,0.8703785683488675,0.4589494175743311,0.9732972077768174,0.9743806759432452,0.0010834681664279,ok,,False,MS5,740,1.1395975230409476,1.2936063714180364,1.7239779461160174,0.3518717578845098,0.9736913251553936,0.9755314421338548,0.0018401169784613,ok,,False,MS5,740,4096,2048,-0.5661223000761311,-0.6388659488943631,0.8536065600147319,True,46,T3_A2_L0,146,2,0.0136986301369863,73.0,2025-10-22 18:34:14+00:00,-112.094434334,33.268618606,3,2,0,phisat_PHISAT-2_L1_000003666_20251022183414_20251022183416_C8EE5398.zip
3666,6,MS6,783,0.5985787615195477,0.5548268316390477,0.8161674747555796,0.3464317601465154,0.9594659589666142,0.9605238421958098,0.0010578832291955,ok,,False,MS6,783,0.8900770632594686,1.0555841841123763,1.3807589030271692,0.2811759017640725,0.9599495837545884,0.9618084316956258,0.0018588479410374,ok,,False,MS6,783,4096,2048,-0.29149830173992086,-0.5007573524733286,0.579421423467717,True,46,T3_A2_L0,146,2,0.0136986301369863,73.0,2025-10-22 18:34:14+00:00,-112.094434334,33.268618606,3,2,0,phisat_PHISAT-2_L1_000003666_20251022183414_20251022183416_C8EE5398.zip
3666,7,MS7,842,0.4201253418236774,0.2421308879288517,0.4849048048139717,0.3868137863464653,0.9774327610427374,0.9779784686918696,0.0005457076491323,ok,,False,MS7,842,0.7217373425337428,0.2274545496536575,0.7567300468237119,0.3322713987436145,0.9778811369592284,0.9784871106754306,0.0006059737162021,ok,,False,MS7,842,4096,2048,-0.3016120007100654,0.014676338275194212,0.3019688624303778,True,46,T3_A2_L0,146,2,0.0136986301369863,73.0,2025-10-22 18:34:14+00:00,-112.094434334,33.268618606,3,2,0,phisat_PHISAT-2_L1_000003666_20251022183414_20251022183416_C8EE5398.zip
3706,0,PAN,625,-0.0293444960948363,0.246964635347922,0.248701890952988,1.011189531069249,0.9474196204170278,0.9501103985271492,0.0026907781101215,ok,,False,PAN,625,-0.1239730029301426,0.3833575419967019,0.4029048404540087,0.8588021548348479,0.953763702630348,0.9556152035688747,0.0018515009385268,ok,,False,PAN,625,4096,2048,0.0946285068353063,-0.1363929066487799,0.16600475682938245,True,47,T3_A2_L2,229,3,0.0131004366812227,76.33333333333334,2025-10-30 05:55:56+00:00,75.785326795,30.694700913,3,2,2,phisat_PHISAT-2_L1_000003706_20251030055556_20251030055559_AFA2DD75.zip
3706,1,MS1,490,-0.0626197265969494,-0.8198562523803048,0.8222441880160387,0.5681899240007624,0.7857935497368603,0.7864747020772647,0.0006811523404043,ok,,False,MS1,490,-0.7076269637605037,0.2222752170043804,0.7417157082974943,0.9206590745598078,0.7946286636783252,0.7935278498868431,-0.001100813791482,ok,,False,MS1,490,4096,2048,0.6450072371635543,-1.0421314693846853,1.225590606799532,True,47,T3_A2_L2,229,3,0.0131004366812227,76.33333333333334,2025-10-30 05:55:56+00:00,75.785326795,30.694700913,3,2,2,phisat_PHISAT-2_L1_000003706_20251030055556_20251030055559_AFA2DD75.zip
3706,2,MS2,560,0.0276066536603138,-0.0524215992318204,0.0592465306354905,0.9524803231470288,0.8917629543197124,0.8923336492563052,0.0005706949365927,ok,,False,MS2,560,-0.3544414749158022,0.1507299289505681,0.3851600584457487,0.7980061292182654,0.8990288016640906,0.8976739655216232,-0.0013548361424674,ok,,False,MS2,560,4096,2048,0.382048128576116,-0.20315152818238852,0.4327023410513886,True,47,T3_A2_L2,229,3,0.0131004366812227,76.33333333333334,2025-10-30 05:55:56+00:00,75.785326795,30.694700913,3,2,2,phisat_PHISAT-2_L1_000003706_20251030055556_20251030055559_AFA2DD75.zip
3706,4,MS4,705,0.7775409964983737,0.6875337794392635,1.0379174818383792,0.7752719668205827,0.8546282763280243,0.8669739139996518,0.0123456376716275,ok,,False,MS4,705,0.5877691659325137,0.5086845149696728,0.7773239531822843,0.800201544756419,0.8669336620972766,0.8753614208776035,0.0084277587803268,ok,,False,MS4,705,4096,2048,0.18977183056586,0.1788492644695907,0.26076887674266475,True,47,T3_A2_L2,229,3,0.0131004366812227,76.33333333333334,2025-10-30 05:55:56+00:00,75.785326795,30.694700913,3,2,2,phisat_PHISAT-2_L1_000003706_20251030055556_20251030055559_AFA2DD75.zip
3706,5,MS5,740,0.4721692529303709,0.6517025222065058,0.8047732481035548,0.239420163212344,0.4522330497959133,0.4614772916468334,0.00924424185092,ok,,False,MS5,740,-0.0521844815816621,1.459565127832093,1.4604977173900209,0.2079101897252258,0.460412158216437,0.4730818714365818,0.0126697132201448,ok,,False,MS5,740,4096,2048,0.5243537345120329,-0.8078626056255871,0.963114130549894,True,47,T3_A2_L2,229,3,0.0131004366812227,76.33333333333334,2025-10-30 05:55:56+00:00,75.785326795,30.694700913,3,2,2,phisat_PHISAT-2_L1_000003706_20251030055556_20251030055559_AFA2DD75.zip
3706,6,MS6,783,-0.7106767742743614,-0.2158811434678682,0.7427423143984768,0.1171254307846538,0.3419991198806537,0.3459109413329763,0.0039118214523226,ok,,False,MS6,783,-1.2965068471930865,1.613649921185015,2.0699748966977745,0.1172223022731486,0.3482249081361958,0.3630614630503745,0.0148365549141786,ok,,False,MS6,783,4096,2048,0.5858300729187251,-1.8295310646528833,1.9210363845762712,True,47,T3_A2_L2,229,3,0.0131004366812227,76.33333333333334,2025-10-30 05:55:56+00:00,75.785326795,30.694700913,3,2,2,phisat_PHISAT-2_L1_000003706_20251030055556_20251030055559_AFA2DD75.zip
3706,7,MS7,842,0.0859500478654808,1.0087076818963396,1.012362878737049,0.1890291133822756,0.3501447244461257,0.359175324573108,0.0090306001269822,ok,,False,MS7,842,-1.3097573838172138,2.5407786530895464,2.858499705870064,0.1326479093113448,0.3558363136325218,0.3669153360206687,0.0110790223881469,ok,,False,MS7,842,4096,2048,1.3957074316826947,-1.5320709711932068,2.0724962474338042,True,47,T3_A2_L2,229,3,0.0131004366812227,76.33333333333334,2025-10-30 05:55:56+00:00,75.785326795,30.694700913,3,2,2,phisat_PHISAT-2_L1_000003706_20251030055556_20251030055559_AFA2DD75.zip
3808,0,PAN,625,-6.890138441196541,0.4713714333424832,6.906243462767994,0.3571767793036997,0.9183739333571532,0.9329301516112098,0.0145562182540566,ok,,False,PAN,625,-0.9170506709047004,-0.056109989639026,0.9187656197007223,0.4836005585966632,0.9251833690393874,0.9328984085533928,0.0077150395140055,ok,,False,PAN,625,4096,2048,-5.973087770291841,0.5274814229815092,5.996333393266301,True,48,T3_A0_L3,64,1,0.015625,64.0,2025-11-09 02:07:18+00:00,124.506839653,-21.943631266,3,0,3,phisat_PHISAT-2_L1_000003808_20251109020718_20251109020721_DB8CF181.zip
3808,1,MS1,490,8.078907621443932,-0.9291719003613252,8.13216507310605,0.1061871722340583,0.5944631743966291,0.599218586729128,0.0047554123324988,ok,,False,MS1,490,8.310481590748623,-0.2275100724209551,8.313595197219115,0.3044817063491791,0.6047396668349279,0.6100726954244556,0.0053330285895277,ok,,False,MS1,490,4096,2048,-0.23157396930469076,-0.7016618279403701,0.7388882351534307,True,48,T3_A0_L3,64,1,0.015625,64.0,2025-11-09 02:07:18+00:00,124.506839653,-21.943631266,3,0,3,phisat_PHISAT-2_L1_000003808_20251109020718_20251109020721_DB8CF181.zip
3808,2,MS2,560,3.0650935203188965,-1.1065704316019946,3.2587261941434584,0.3346296972595155,0.7597877591495676,0.7610542102841251,0.0012664511345574,ok,,False,MS2,560,3.21401324304793,-0.6493450220277737,3.278952589489473,0.5006669785070699,0.7652303745617866,0.7660852397707154,0.0008548652089288,ok,,False,MS2,560,4096,2048,-0.1489197227290333,-0.457225409574221,0.4808660509726241,True,48,T3_A0_L3,64,1,0.015625,64.0,2025-11-09 02:07:18+00:00,124.506839653,-21.943631266,3,0,3,phisat_PHISAT-2_L1_000003808_20251109020718_20251109020721_DB8CF181.zip
3808,4,MS4,705,5.800367446459177,1.9289229850917309,6.112692237987984,0.2881988941226154,0.908178911080602,0.9047793025667537,-0.0033996085138484,ok,,False,MS4,705,4.754692351940548,1.873092721175908,5.110340077110731,0.4511032870505005,0.9160712115671348,0.9178693113550512,0.0017980997879163,ok,,False,MS4,705,4096,2048,1.0456750945186286,0.0558302639158228,1.0471644673428588,True,48,T3_A0_L3,64,1,0.015625,64.0,2025-11-09 02:07:18+00:00,124.506839653,-21.943631266,3,0,3,phisat_PHISAT-2_L1_000003808_20251109020718_20251109020721_DB8CF181.zip
3808,5,MS5,740,0.983054560665778,2.0899176148909646,2.309578296199833,0.5341901406645775,0.8652486224332465,0.8797053995280323,0.0144567770947857,ok,,False,MS5,740,0.9384615605476938,2.621861820848153,2.784756633576228,0.8311861858237535,0.8717485040000748,0.8874252000577333,0.0156766960576585,ok,,False,MS5,740,4096,2048,0.0445930001180842,-0.5319442059571884,0.5338100541493717,True,48,T3_A0_L3,64,1,0.015625,64.0,2025-11-09 02:07:18+00:00,124.506839653,-21.943631266,3,0,3,phisat_PHISAT-2_L1_000003808_20251109020718_20251109020721_DB8CF181.zip
3808,6,MS6,783,-5.084862789629824,2.240784316765712,5.556702614287108,0.2399093140847981,0.824603037642745,0.8533718443630842,0.0287688067203392,ok,,False,MS6,783,-5.173090214721469,2.9232969376244,5.941929598638073,0.5262093511410058,0.831071314202729,0.8608295816140257,0.0297582674112967,ok,,False,MS6,783,4096,2048,0.08822742509164527,-0.682512620858688,0.6881915112595455,True,48,T3_A0_L3,64,1,0.015625,64.0,2025-11-09 02:07:18+00:00,124.506839653,-21.943631266,3,0,3,phisat_PHISAT-2_L1_000003808_20251109020718_20251109020721_DB8CF181.zip
3808,7,MS7,842,1.872851454236752,0.3544233616435122,1.9060924659930336,0.234683372778818,0.8513102659527869,0.8465938641972662,-0.0047164017555206,ok,,False,MS7,842,1.0937888646797091,0.5040030959260093,1.2043227147240598,0.3650876368046738,0.8580844210007568,0.858018963723623,-6.545727713380689e-05,ok,,False,MS7,842,4096,2048,0.7790625895570429,-0.14957973428249716,0.7932922635166361,True,48,T3_A0_L3,64,1,0.015625,64.0,2025-11-09 02:07:18+00:00,124.506839653,-21.943631266,3,0,3,phisat_PHISAT-2_L1_000003808_20251109020718_20251109020721_DB8CF181.zip
3811,0,PAN,625,-940.0832147416058,80.76565363123495,943.546258243544,0.0026497003527765,-5.46022816113438e-05,0.0004264404557427,0.000481042737354,ok,,True,PAN,625,-1232.1004887723502,-1080.0372604177455,1638.4602828032585,-0.0007225339359138,0.000135683579295,-0.0003056759623184,-0.0004413595416135,ok,,True,PAN,625,4096,2048,292.0172740307444,1160.8029140489805,1196.9701306202055,True,49,T3_A0_L0,7,1,0.1428571428571428,7.0,2025-11-09 05:44:46+00:00,-98.770041466,-48.107514743,3,0,0,phisat_PHISAT-2_L1_000003811_20251109054446_20251109054456_63343DB9.zip
3811,1,MS1,490,104.3425058785342,-257.4626603410511,277.8027717696557,0.0012867824916611,0.2565521890106041,0.3508835916825254,0.0943314026719213,ok,,True,MS1,490,290.57360025848334,-691.8773865161888,750.418106884188,0.0008595022954978,0.3217356083271881,0.2962007293838393,-0.0255348789433487,ok,,True,MS1,490,4096,2048,-186.23109437994913,434.41472617513773,472.65016114645874,True,49,T3_A0_L0,7,1,0.1428571428571428,7.0,2025-11-09 05:44:46+00:00,-98.770041466,-48.107514743,3,0,0,phisat_PHISAT-2_L1_000003811_20251109054446_20251109054456_63343DB9.zip
3811,2,MS2,560,121.34555302663055,-684.1353525386103,694.8135892687098,0.0002155263791792,0.1660980271963368,0.2220428832533307,0.0559448560569938,ok,,True,MS2,560,-103.1152717296104,-648.7066090275648,656.8508383643224,0.0009144235446001,0.234368970586295,0.3244050305416024,0.0900360599553073,ok,,True,MS2,560,4096,2048,224.46082475624095,-35.42874351104547,227.23964820652085,True,49,T3_A0_L0,7,1,0.1428571428571428,7.0,2025-11-09 05:44:46+00:00,-98.770041466,-48.107514743,3,0,0,phisat_PHISAT-2_L1_000003811_20251109054446_20251109054456_63343DB9.zip
3811,4,MS4,705,-37.09028866410472,-685.9441253065952,686.9461642340079,0.0017090943838411,0.2462093506110028,0.0804081227780016,-0.1658012278330011,ok,,True,MS4,705,72.93406602736036,-578.3491088720639,582.9297296590677,0.0039585941194673,0.2958991439202297,0.0961577318698442,-0.1997414120503854,ok,,True,MS4,705,4096,2048,-110.02435469146508,-107.59501643453132,153.88972086146748,True,49,T3_A0_L0,7,1,0.1428571428571428,7.0,2025-11-09 05:44:46+00:00,-98.770041466,-48.107514743,3,0,0,phisat_PHISAT-2_L1_000003811_20251109054446_20251109054456_63343DB9.zip
3811,5,MS5,740,40.56006097998829,-146.0489546008298,151.57643512992252,0.0023285073402803,0.2423610150660425,0.2214426396122891,-0.0209183754537533,ok,,True,MS5,740,-109.24307408052891,61.415548765493895,125.32325747733611,0.0029682136737392,0.2902950719440633,0.3162856175399981,0.0259905455959347,ok,,True,MS5,740,4096,2048,149.8031350605172,-207.4645033663237,255.8954853665748,True,49,T3_A0_L0,7,1,0.1428571428571428,7.0,2025-11-09 05:44:46+00:00,-98.770041466,-48.107514743,3,0,0,phisat_PHISAT-2_L1_000003811_20251109054446_20251109054456_63343DB9.zip
3811,6,MS6,783,-206.7604498760252,-64.96879513158092,216.7275431821845,9.777279774425553e-05,0.0681197821565256,0.0728436491805461,0.0047238670240205,ok,,True,MS6,783,-178.93976777635453,-484.0907784658416,516.1039839872584,0.0041984943818533,0.0834100904710446,-0.091912638077511,-0.1753227285485557,ok,,True,MS6,783,4096,2048,-27.820682099670677,419.1219833342607,420.0443158364784,True,49,T3_A0_L0,7,1,0.1428571428571428,7.0,2025-11-09 05:44:46+00:00,-98.770041466,-48.107514743,3,0,0,phisat_PHISAT-2_L1_000003811_20251109054446_20251109054456_63343DB9.zip
3811,7,MS7,842,243.29769542355416,680.3963017294886,722.5876389792298,0.0034456099965609,0.265488967628564,0.2417210447679785,-0.0237679228605854,ok,,True,MS7,842,392.7779507777786,-443.8434987766718,592.6816768076338,0.0029379073675954,0.3409340176932545,0.1926567130628824,-0.148277304630372,ok,,True,MS7,842,4096,2048,-149.48025535422443,1124.2398005061605,1134.1337997709509,True,49,T3_A0_L0,7,1,0.1428571428571428,7.0,2025-11-09 05:44:46+00:00,-98.770041466,-48.107514743,3,0,0,phisat_PHISAT-2_L1_000003811_20251109054446_20251109054456_63343DB9.zip
3829,0,PAN,625,873.2754859441814,903.2252708893096,1256.3542352076156,0.0013430147555482,0.0002941377163577,0.0005136697242904,0.0002195320079326,ok,,True,PAN,625,1219.155679069365,1115.3226922715126,1652.3574908907756,-0.0002848740914487,0.0008069106122218,-0.000946667169973,-0.0017535777821949,ok,,True,PAN,625,4096,2048,-345.8801931251837,-212.09742138220292,405.7319609709027,True,50,T3_A1_L3,68,1,0.0147058823529411,68.0,2025-11-10 16:28:55+00:00,94.744836926,-18.212162718,3,1,3,phisat_PHISAT-2_L1_000003829_20251110162855_20251110162905_8AC11518.zip
3829,1,MS1,490,94.08456234705704,-853.3683276067109,858.5391123497589,0.0032612879986118,0.2725444691149157,0.2224251888608926,-0.050119280254023,ok,,True,MS1,490,-479.3728818715404,-532.5660335675348,716.5367680612645,-9.854065137915312e-05,0.3429227275679826,0.4323645480144925,0.0894418204465098,ok,,True,MS1,490,4096,2048,573.4574442185974,-320.8022940391761,657.0902161731856,True,50,T3_A1_L3,68,1,0.0147058823529411,68.0,2025-11-10 16:28:55+00:00,94.744836926,-18.212162718,3,1,3,phisat_PHISAT-2_L1_000003829_20251110162855_20251110162905_8AC11518.zip
3829,2,MS2,560,141.50388404008686,-650.7179485715415,665.9258200367258,0.0003466028865659,0.1861248537184013,0.2660779136782666,0.0799530599598653,ok,,True,MS2,560,-631.0363737149542,95.14248491614217,638.1684710069416,0.0089474898632033,0.2634006288342376,0.212639707209936,-0.0507609216243015,ok,,True,MS2,560,4096,2048,772.540257755041,-745.8604334876836,1073.837155296212,True,50,T3_A1_L3,68,1,0.0147058823529411,68.0,2025-11-10 16:28:55+00:00,94.744836926,-18.212162718,3,1,3,phisat_PHISAT-2_L1_000003829_20251110162855_20251110162905_8AC11518.zip
3829,4,MS4,705,314.32827966822947,-195.18437883433265,369.9989312689064,0.0007628009589097,0.3930845688497171,0.3838756937230912,-0.0092088751266258,ok,,True,MS4,705,-409.05204154470766,568.9912902175909,700.767194605578,0.0074574380560079,0.4695324405950834,0.5311499939880874,0.0616175533930039,ok,,True,MS4,705,4096,2048,723.3803212129371,-764.1756690519235,1052.2564052022144,True,50,T3_A1_L3,68,1,0.0147058823529411,68.0,2025-11-10 16:28:55+00:00,94.744836926,-18.212162718,3,1,3,phisat_PHISAT-2_L1_000003829_20251110162855_20251110162905_8AC11518.zip
3829,5,MS5,740,-714.0348375790531,156.38398850484282,730.9594387770279,-0.0003182464788551,0.3754666257136477,0.3808698068756356,0.0054031811619878,ok,,True,MS5,740,625.2293322697792,-326.5913558799971,705.388993156293,0.0013062445359537,0.4452446435440269,0.4512021656616158,0.0059575221175889,ok,,True,MS5,740,4096,2048,-1339.2641698488324,482.9753443848399,1423.6901699191917,True,50,T3_A1_L3,68,1,0.0147058823529411,68.0,2025-11-10 16:28:55+00:00,94.744836926,-18.212162718,3,1,3,phisat_PHISAT-2_L1_000003829_20251110162855_20251110162905_8AC11518.zip
3829,6,MS6,783,-236.11380887797668,-37.101497196611945,239.0109868543618,0.0020662150527641,0.3669911069770344,0.3545805702407156,-0.0124105367363187,ok,,True,MS6,783,48.66412052331793,-327.50456377021965,331.1003411605459,0.0050065333634847,0.4405887178721099,0.4030991575042972,-0.0374895603678126,ok,,True,MS6,783,4096,2048,-284.7779294012946,290.4030665736077,406.7338320688899,True,50,T3_A1_L3,68,1,0.0147058823529411,68.0,2025-11-10 16:28:55+00:00,94.744836926,-18.212162718,3,1,3,phisat_PHISAT-2_L1_000003829_20251110162855_20251110162905_8AC11518.zip
3829,7,MS7,842,386.9545553283883,93.66459587719304,398.129230790994,0.0024918009366956,0.2625558967463764,0.2484506026371833,-0.014105294109193,ok,,True,MS7,842,-687.6534690705607,-245.7029839599154,730.2309565141586,0.0038075266056694,0.3312597288064711,0.3660564357104927,0.0347967069040215,ok,,True,MS7,842,4096,2048,1074.608024398949,339.36757983710845,1126.9218075568103,True,50,T3_A1_L3,68,1,0.0147058823529411,68.0,2025-11-10 16:28:55+00:00,94.744836926,-18.212162718,3,1,3,phisat_PHISAT-2_L1_000003829_20251110162855_20251110162905_8AC11518.zip
3886,0,PAN,625,-0.6180861749753603,0.2069674476174441,0.6518174929141985,1.0384798378800042,0.9761984480082124,0.9798839365097896,0.0036854885015773,ok,,False,PAN,625,-0.4894785538954238,0.2925755923458837,0.5702540942072227,0.8978874190943316,0.9801096906147514,0.9818333926693508,0.0017237020545992,ok,,False,PAN,625,4096,2048,-0.12860762107993656,-0.08560814472843961,0.15449490167538218,True,51,T3_A1_L0,5,1,0.2,5.0,2025-11-21 17:27:39+00:00,-98.950290271,19.233659424,3,1,0,phisat_PHISAT-2_L1_000003886_20251121172739_20251121172741_E407FB8C.zip
3886,1,MS1,490,-0.8365338464805063,-0.6948763509080891,1.0874934571567836,0.7177411148877582,0.9219233658468488,0.9189481907854996,-0.002975175061349,ok,,False,MS1,490,-1.2801159637847377,1.4520044791604505,1.935720508812813,1.015503126080148,0.9291166208727036,0.9268315323622952,-0.0022850885104083,ok,,False,MS1,490,4096,2048,0.44358211730423136,-2.1468808300685396,2.192227723870831,True,51,T3_A1_L0,5,1,0.2,5.0,2025-11-21 17:27:39+00:00,-98.950290271,19.233659424,3,1,0,phisat_PHISAT-2_L1_000003886_20251121172739_20251121172741_E407FB8C.zip
3886,2,MS2,560,-0.4487878726799863,0.1218446312841479,0.4650340512665686,0.9480392918922008,0.9564432252544112,0.9616458794503366,0.0052026541959253,ok,,False,MS2,560,-1.033136832769742,0.4088028893279443,1.1110767379206394,0.84601976769045,0.9614177331625724,0.9634300757028428,0.0020123425402703,ok,,False,MS2,560,4096,2048,0.5843489600897558,-0.2869582580437964,0.6510059515991455,True,51,T3_A1_L0,5,1,0.2,5.0,2025-11-21 17:27:39+00:00,-98.950290271,19.233659424,3,1,0,phisat_PHISAT-2_L1_000003886_20251121172739_20251121172741_E407FB8C.zip
3886,4,MS4,705,-0.1601169708937959,0.1243046587246681,0.2027044462977092,0.9842041755327956,0.930700928325882,0.9341603317689252,0.0034594034430431,ok,,False,MS4,705,-0.4199800947412768,-0.1122770523934377,0.4347291300028681,0.8536719040712342,0.9399502014883476,0.9414885426456748,0.0015383411573272,ok,,False,MS4,705,4096,2048,0.2598631238474809,0.2365817111181058,0.35142531094294,True,51,T3_A1_L0,5,1,0.2,5.0,2025-11-21 17:27:39+00:00,-98.950290271,19.233659424,3,1,0,phisat_PHISAT-2_L1_000003886_20251121172739_20251121172741_E407FB8C.zip
3886,5,MS5,740,0.1609733510670139,-0.8834549217531276,0.8980005671064851,0.5615062201395631,0.5739375069670629,0.5856118110641676,0.0116743040971046,ok,,False,MS5,740,0.2425985527108878,-0.8418790307459858,0.8761360397719168,0.4158379306900315,0.5832862372690103,0.596817784683064,0.0135315474140537,ok,,False,MS5,740,4096,2048,-0.08162520164387388,-0.04157589100714176,0.09160364761536956,True,51,T3_A1_L0,5,1,0.2,5.0,2025-11-21 17:27:39+00:00,-98.950290271,19.233659424,3,1,0,phisat_PHISAT-2_L1_000003886_20251121172739_20251121172741_E407FB8C.zip
3886,6,MS6,783,-0.3586255194045407,0.0724492031813497,0.365870400838588,0.4064725676435046,0.4189252458487704,0.4218305861714598,0.0029053403226894,ok,,False,MS6,783,-0.4805610480825635,-0.0960991839901908,0.4900754779600714,0.2967362058116123,0.4246993415134688,0.4273970231541191,0.0026976816406503,ok,,False,MS6,783,4096,2048,0.12193552867802282,0.1685483871715405,0.20803084379994338,True,51,T3_A1_L0,5,1,0.2,5.0,2025-11-21 17:27:39+00:00,-98.950290271,19.233659424,3,1,0,phisat_PHISAT-2_L1_000003886_20251121172739_20251121172741_E407FB8C.zip
3886,7,MS7,842,0.3434373727109232,0.3386759184568291,0.4823386846575322,0.349941728527483,0.3175383537245341,0.3223976124017878,0.0048592586772537,ok,,False,MS7,842,-0.0281506823866948,0.2763532949334149,0.2777833770033613,0.2670115835499018,0.3187296397546743,0.3202351958953648,0.0015055561406904,ok,,False,MS7,842,4096,2048,0.37158805509761805,0.06232262352341422,0.37677817359033905,True,51,T3_A1_L0,5,1,0.2,5.0,2025-11-21 17:27:39+00:00,-98.950290271,19.233659424,3,1,0,phisat_PHISAT-2_L1_000003886_20251121172739_20251121172741_E407FB8C.zip
3888,0,PAN,625,-0.0442268128840623,0.0738364735384493,0.0860687852968542,1.0758159764227455,0.9595550255623222,0.959858401667726,0.0003033761054037,ok,,False,PAN,625,0.2195142624013897,0.4217378354699121,0.4754464357469439,0.8906469816574827,0.9630814670660128,0.9628251786374724,-0.0002562884285404,ok,,False,PAN,625,4096,2048,-0.263741075285452,-0.3479013619314628,0.4365715433081881,True,52,T3_A2_L3,81,1,0.0123456790123456,81.0,2025-11-22 02:50:39+00:00,121.967429446,30.97138459,3,2,3,phisat_PHISAT-2_L1_000003888_20251122025039_20251122025041_AB138D32.zip
3888,1,MS1,490,0.8664955989409009,-1.4501456782654714,1.6893007758170169,0.5788698343676515,0.8724899878591649,0.8660340969068405,-0.0064558909523243,ok,,False,MS1,490,1.2487349141567847,0.5561328340115779,1.3669757184748754,0.7546258045476861,0.880453622024371,0.8853056553047276,0.0048520332803565,ok,,False,MS1,490,4096,2048,-0.38223931521588383,-2.0062785122770492,2.0423663635404194,True,52,T3_A2_L3,81,1,0.0123456790123456,81.0,2025-11-22 02:50:39+00:00,121.967429446,30.97138459,3,2,3,phisat_PHISAT-2_L1_000003888_20251122025039_20251122025041_AB138D32.zip
3888,2,MS2,560,0.3280344782069733,-0.629305489381295,0.7096703585876702,0.9002098003984429,0.9418967789180944,0.9415061502554404,-0.0003906286626542,ok,,False,MS2,560,0.8685630860106812,0.4567433150991746,0.981333934126494,0.9031415700010256,0.946656540978598,0.9467622631109712,0.0001057221323732,ok,,False,MS2,560,4096,2048,-0.5405286078037079,-1.0860488044804697,1.213125377513665,True,52,T3_A2_L3,81,1,0.0123456790123456,81.0,2025-11-22 02:50:39+00:00,121.967429446,30.97138459,3,2,3,phisat_PHISAT-2_L1_000003888_20251122025039_20251122025041_AB138D32.zip
3888,4,MS4,705,-0.064020783255728,0.802322275411143,0.8048724708359647,0.8939220914617181,0.7995138494417942,0.8001972853283498,0.0006834358865556,ok,,False,MS4,705,-0.2367368540326424,0.5071150462495098,0.5596516847021146,0.8623952041380107,0.8057126047144108,0.807280143751632,0.0015675390372212,ok,,False,MS4,705,4096,2048,0.17271607077691442,0.2952072291616332,0.3420206854181559,True,52,T3_A2_L3,81,1,0.0123456790123456,81.0,2025-11-22 02:50:39+00:00,121.967429446,30.97138459,3,2,3,phisat_PHISAT-2_L1_000003888_20251122025039_20251122025041_AB138D32.zip
3888,5,MS5,740,-0.6150818148817052,1.0739552670549983,1.2376209252567385,0.5568516742205247,0.0033948604012847,0.0036285572301433,0.0002336968288586,ok,,False,MS5,740,-0.3157574098217992,0.855723801198792,0.912121683656014,0.4869279162958264,0.0006712327138887,-0.0016015063565224,-0.0022727390704112,ok,,False,MS5,740,4096,2048,-0.29932440505990604,0.21823146585620634,0.37043227741952406,True,52,T3_A2_L3,81,1,0.0123456790123456,81.0,2025-11-22 02:50:39+00:00,121.967429446,30.97138459,3,2,3,phisat_PHISAT-2_L1_000003888_20251122025039_20251122025041_AB138D32.zip
3888,6,MS6,783,-1.2211948914673485,-0.2333989650705916,1.2432988537925918,0.4539649909129366,-0.0873275645947973,-0.0855287446775625,0.0017988199172347,ok,,False,MS6,783,-1.2496278105950296,-0.7959754690764385,1.4816027174597053,0.3949018968269229,-0.0901990964712472,-0.0907015361892286,-0.0005024397179813,ok,,False,MS6,783,4096,2048,0.02843291912768109,0.5625765040058468,0.5632945532752485,True,52,T3_A2_L3,81,1,0.0123456790123456,81.0,2025-11-22 02:50:39+00:00,121.967429446,30.97138459,3,2,3,phisat_PHISAT-2_L1_000003888_20251122025039_20251122025041_AB138D32.zip
3888,7,MS7,842,-0.2433914156385981,0.6255287969088386,0.671212080469936,0.4716545254632365,-0.1339093751920527,-0.1350893609443551,-0.0011799857523024,ok,,False,MS7,842,-0.429373657385895,0.4676361875876864,0.6348585209308337,0.3609350947954226,-0.1381941376612235,-0.1418573796974022,-0.0036632420361786,ok,,False,MS7,842,4096,2048,0.1859822417472969,0.15789260932115218,0.24396612536086232,True,52,T3_A2_L3,81,1,0.0123456790123456,81.0,2025-11-22 02:50:39+00:00,121.967429446,30.97138459,3,2,3,phisat_PHISAT-2_L1_000003888_20251122025039_20251122025041_AB138D32.zip
4071,0,PAN,625,0.8452462605814617,0.4199953234503937,0.9438417837472258,0.6346348933875561,0.8260229156268191,0.8266494258824025,0.0006265102555834,ok,,False,PAN,625,1.2249577934410354,1.1561004164523183,1.6843662810188151,0.5563091858057305,0.8263931529456676,0.82738105824457,0.0009879052989023,ok,,False,PAN,625,4096,2048,-0.3797115328595737,-0.7361050930019246,0.8282702192702206,True,53,T3_A2_L2,229,3,0.0131004366812227,76.33333333333334,2025-12-10 07:55:55+00:00,47.197119628,31.051553336,3,2,2,phisat_PHISAT-2_L1_000004071_20251210075555_20251210075557_C25C05DD.zip
4071,1,MS1,490,1.8127293127329267,-0.8395959240269804,1.9977259263682563,0.6450151408789679,0.9951804549355004,0.9946743848116616,-0.0005060701238387,ok,,False,MS1,490,0.5695485628552888,-0.8981132818630613,1.063481561903808,0.959806477651,0.9954147576764268,0.995499277080711,8.451940428411131e-05,ok,,False,MS1,490,4096,2048,1.243180749877638,0.05851735783608092,1.244557213644452,True,53,T3_A2_L2,229,3,0.0131004366812227,76.33333333333334,2025-12-10 07:55:55+00:00,47.197119628,31.051553336,3,2,2,phisat_PHISAT-2_L1_000004071_20251210075555_20251210075557_C25C05DD.zip
4071,2,MS2,560,0.5804416731268702,-0.249027736296739,0.631606957963098,0.8793171648867428,0.9981163501128992,0.9980716665118048,-4.468360109455283e-05,ok,,False,MS2,560,-0.1000861778802573,-0.5455209382967041,0.5546263040307365,0.9320798823027872,0.9982970681529624,0.9983384906192292,4.142246626670509e-05,ok,,False,MS2,560,4096,2048,0.6805278510071275,0.2964932019999651,0.7423115079456678,True,53,T3_A2_L2,229,3,0.0131004366812227,76.33333333333334,2025-12-10 07:55:55+00:00,47.197119628,31.051553336,3,2,2,phisat_PHISAT-2_L1_000004071_20251210075555_20251210075557_C25C05DD.zip
4071,4,MS4,705,0.7736567781980739,-1.0536045288718014,1.3071447179677522,0.7537796087563038,0.9950864886276808,0.9949983897594732,-8.809886820770885e-05,ok,,False,MS4,705,0.723642428499943,-0.7765889494598923,1.0614842253884484,0.8696823968784884,0.9954555302576334,0.9955905645206036,0.0001350342629702,ok,,False,MS4,705,4096,2048,0.0500143496981309,-0.27701557941190913,0.2814943452587328,True,53,T3_A2_L2,229,3,0.0131004366812227,76.33333333333334,2025-12-10 07:55:55+00:00,47.197119628,31.051553336,3,2,2,phisat_PHISAT-2_L1_000004071_20251210075555_20251210075557_C25C05DD.zip
4071,5,MS5,740,0.3774120115820096,-1.7161745841808624,1.757183834968537,0.5223978064022958,0.990564675166878,0.989389258932042,-0.001175416234836,ok,,False,MS5,740,0.5215873606302921,-0.871992372544355,1.0160827094999736,0.7356080727186054,0.9910134664921496,0.990846368407668,-0.0001670980844816,ok,,False,MS5,740,4096,2048,-0.1441753490482825,-0.8441822116365074,0.856405358295182,True,53,T3_A2_L2,229,3,0.0131004366812227,76.33333333333334,2025-12-10 07:55:55+00:00,47.197119628,31.051553336,3,2,2,phisat_PHISAT-2_L1_000004071_20251210075555_20251210075557_C25C05DD.zip
4071,6,MS6,783,-0.0687402632670455,-1.9461220345501715,1.947335666277317,0.4454700076021254,0.9857292147360844,0.9838129690820236,-0.0019162456540607,ok,,False,MS6,783,0.0750288733511297,-0.8305000467175887,0.8338822815207533,0.6940600075758994,0.9861895076480688,0.9858870412804156,-0.0003024663676532,ok,,False,MS6,783,4096,2048,-0.1437691366181752,-1.1156219878325828,1.1248475382821705,True,53,T3_A2_L2,229,3,0.0131004366812227,76.33333333333334,2025-12-10 07:55:55+00:00,47.197119628,31.051553336,3,2,2,phisat_PHISAT-2_L1_000004071_20251210075555_20251210075557_C25C05DD.zip
4071,7,MS7,842,0.822776151871949,-0.7900315157116893,1.1406622602273302,0.6358258500695229,0.9887587267714972,0.9893637857566828,0.0006050589851855,ok,,False,MS7,842,0.8495254864121762,-0.0301405000695922,0.850059998946127,0.8833096579182893,0.9891423919956328,0.9898064351654884,0.0006640431698554,ok,,False,MS7,842,4096,2048,-0.02674933454022721,-0.759891015642097,0.7603616787765693,True,53,T3_A2_L2,229,3,0.0131004366812227,76.33333333333334,2025-12-10 07:55:55+00:00,47.197119628,31.051553336,3,2,2,phisat_PHISAT-2_L1_000004071_20251210075555_20251210075557_C25C05DD.zip
4088,0,PAN,625,8.888896597712574,0.9100945404247796,8.935365398087376,0.1650433561298996,0.7865403772125223,0.7928771040162137,0.0063367268036913,ok,,False,PAN,625,7.565315987229496,1.2159942973689797,7.6624179028466,0.2751583018252859,0.7874805733650803,0.7971220199103194,0.0096414465452391,ok,,False,PAN,625,4096,2048,1.3235806104830772,-0.30589975694420013,1.358469835419718,True,54,T3_A0_L1,75,1,0.0133333333333333,75.0,2025-12-14 14:20:23+00:00,-58.200958246,-20.982542146,3,0,1,phisat_PHISAT-2_L1_000004088_20251214142023_20251214142026_F1418062.zip
4088,1,MS1,490,-1.8354187055806503,-0.9970139300216944,2.0887313377868044,0.2547318073920905,0.976448742226762,0.97189124175028,-0.0045575004764818,ok,,False,MS1,490,-1.543399034144386,0.4401380094266187,1.6049305424035802,0.3777901665307581,0.9767943235890668,0.9733583610287254,-0.0034359625603412,ok,,False,MS1,490,4096,2048,-0.2920196714362644,-1.437151939448313,1.4665200938158984,True,54,T3_A0_L1,75,1,0.0133333333333333,75.0,2025-12-14 14:20:23+00:00,-58.200958246,-20.982542146,3,0,1,phisat_PHISAT-2_L1_000004088_20251214142023_20251214142026_F1418062.zip
4088,2,MS2,560,-2.792775687768426,0.2696545776295806,2.8057636453249217,0.367775893813814,0.9887063968701046,0.9848409967862796,-0.0038654000838249,ok,,False,MS2,560,-1.538517211393355,0.4720549540525098,1.6093076428697846,0.5727733213279862,0.9890047744189546,0.9875962458001076,-0.0014085286188471,ok,,False,MS2,560,4096,2048,-1.254258476375071,-0.20240037642292918,1.2704842533203071,True,54,T3_A0_L1,75,1,0.0133333333333333,75.0,2025-12-14 14:20:23+00:00,-58.200958246,-20.982542146,3,0,1,phisat_PHISAT-2_L1_000004088_20251214142023_20251214142026_F1418062.zip
4088,4,MS4,705,-2.022508292655857,0.6326201483698242,2.1191385150539754,0.2426975191337987,0.9738682702852598,0.9683056983061984,-0.0055625719790612,ok,,False,MS4,705,-1.349288879670894,-0.3241565736702796,1.3876807864408844,0.4312730880046729,0.9744110732280828,0.9714622028972694,-0.0029488703308133,ok,,False,MS4,705,4096,2048,-0.6732194129849631,0.9567767220401038,1.169891479521765,True,54,T3_A0_L1,75,1,0.0133333333333333,75.0,2025-12-14 14:20:23+00:00,-58.200958246,-20.982542146,3,0,1,phisat_PHISAT-2_L1_000004088_20251214142023_20251214142026_F1418062.zip
4088,5,MS5,740,-0.9317116689876456,0.8158688586597691,1.2384379793346691,0.328656358178705,0.9350011274261184,0.9337596179997608,-0.0012415094263575,ok,,False,MS5,740,-0.0569925404129207,0.0046128078176934,0.0571789092120633,0.6985073029063642,0.9356687666809658,0.9356744718218584,5.705140892597882e-06,ok,,False,MS5,740,4096,2048,-0.8747191285747249,0.8112560508420757,1.193008773615017,True,54,T3_A0_L1,75,1,0.0133333333333333,75.0,2025-12-14 14:20:23+00:00,-58.200958246,-20.982542146,3,0,1,phisat_PHISAT-2_L1_000004088_20251214142023_20251214142026_F1418062.zip
4088,6,MS6,783,4.761940382330067,0.1172814451970225,4.763384421002921,0.2245947557967156,0.8825146424287809,0.8869095833560271,0.0043949409272462,ok,,False,MS6,783,3.402480343057732,-0.2016744166498938,3.40845200277565,0.5299873437033966,0.8833362388641447,0.8888936671132105,0.0055574282490657,ok,,False,MS6,783,4096,2048,1.359460039272335,0.31895586184691627,1.3963754653333207,True,54,T3_A0_L1,75,1,0.0133333333333333,75.0,2025-12-14 14:20:23+00:00,-58.200958246,-20.982542146,3,0,1,phisat_PHISAT-2_L1_000004088_20251214142023_20251214142026_F1418062.zip
4088,7,MS7,842,0.1311419591602316,-0.0637099113687327,0.1457983753647332,0.1910717011196538,0.8458854241007332,0.846857459534097,0.0009720354333637,ok,,False,MS7,842,0.8964349002235394,-0.3942583447369543,0.9793034119891088,0.2796610495788627,0.8468406318110038,0.8525924678955088,0.005751836084505,ok,,False,MS7,842,4096,2048,-0.7652929410633078,0.3305484333682216,0.8336279460547812,True,54,T3_A0_L1,75,1,0.0133333333333333,75.0,2025-12-14 14:20:23+00:00,-58.200958246,-20.982542146,3,0,1,phisat_PHISAT-2_L1_000004088_20251214142023_20251214142026_F1418062.zip
4160,0,PAN,625,-501.6491983249098,-407.10583711037,646.0550137483337,-0.0004527443525148,0.0149675723200313,0.0068453490249297,-0.0081222232951016,ok,,True,PAN,625,-562.7890522169214,-342.6728324753967,658.905294721428,0.0037808241177117,0.0269778468601263,0.0163798452250849,-0.0105980016350414,ok,,True,PAN,625,4096,2048,61.139853892011615,-64.43300463497326,88.82394846113864,True,55,T3_A0_L2,8,1,0.125,8.0,2025-12-20 17:08:02+00:00,85.454852977,-19.578954063,3,0,2,phisat_PHISAT-2_L1_000004160_20251220170802_20251220170812_66CD41C7.zip
4160,1,MS1,490,-103.8104284175988,-273.12612628389843,292.18912694878543,0.0172119378839852,0.3706752457400412,0.5483384967412507,0.1776632510012095,ok,,True,MS1,490,-103.4351200050246,-272.5561111010452,291.5229969470318,0.0302390464785275,0.4513768245969137,0.653183878501653,0.2018070539047393,ok,,True,MS1,490,4096,2048,-0.3753084125741992,-0.5700151828532398,0.6824761631237957,True,55,T3_A0_L2,8,1,0.125,8.0,2025-12-20 17:08:02+00:00,85.454852977,-19.578954063,3,0,2,phisat_PHISAT-2_L1_000004160_20251220170802_20251220170812_66CD41C7.zip
4160,2,MS2,560,77.78922994836444,210.98243358789227,224.86607476146528,-0.0008170473447535,0.3372477502671534,0.250677559031605,-0.0865701912355484,ok,,True,MS2,560,32.348582930357,69.03878906464683,76.24162388823433,-0.0011928314161195,0.4474741751804195,0.4162521287483245,-0.0312220464320949,ok,,False,MS2,560,4096,2048,45.44064701800744,141.94364452324544,149.03976188238028,True,55,T3_A0_L2,8,1,0.125,8.0,2025-12-20 17:08:02+00:00,85.454852977,-19.578954063,3,0,2,phisat_PHISAT-2_L1_000004160_20251220170802_20251220170812_66CD41C7.zip
4160,4,MS4,705,-105.49796648374058,-137.73498897104128,173.49567175885775,0.0039404085182468,0.435182885042353,0.4671603982944605,0.0319775132521074,ok,,True,MS4,705,-448.3828082958034,-65.0549561971261,453.0775762505149,0.0033293760207016,0.5033610244650751,0.4953647660655744,-0.0079962583995006,ok,,True,MS4,705,4096,2048,342.8848418120628,-72.68003277391517,350.50306975617303,True,55,T3_A0_L2,8,1,0.125,8.0,2025-12-20 17:08:02+00:00,85.454852977,-19.578954063,3,0,2,phisat_PHISAT-2_L1_000004160_20251220170802_20251220170812_66CD41C7.zip
4160,5,MS5,740,563.3737688618162,320.5745749783184,648.1960055138388,-0.0003704452574311,0.4006541638619585,0.4001657479556653,-0.0004884159062932,ok,,True,MS5,740,866.3389117093334,-111.46094462987094,873.479623185049,-0.0008239016606239,0.462723517139096,0.3602359572431139,-0.102487559895982,ok,,True,MS5,740,4096,2048,-302.9651428475172,432.03551960818936,527.6765751705628,True,55,T3_A0_L2,8,1,0.125,8.0,2025-12-20 17:08:02+00:00,85.454852977,-19.578954063,3,0,2,phisat_PHISAT-2_L1_000004160_20251220170802_20251220170812_66CD41C7.zip
4160,6,MS6,783,338.15641537051806,571.9638973877509,664.4489906465536,0.0015503747290495,0.3599448954095411,0.165551972658079,-0.194392922751462,ok,,True,MS6,783,-11.769156237959578,-84.99829574300611,85.80922629746195,0.0114016018633265,0.4195209431002165,0.4710717630186075,0.051550819918391,ok,,True,MS6,783,4096,2048,349.92557160847764,656.962193130757,744.3434884975443,True,55,T3_A0_L2,8,1,0.125,8.0,2025-12-20 17:08:02+00:00,85.454852977,-19.578954063,3,0,2,phisat_PHISAT-2_L1_000004160_20251220170802_20251220170812_66CD41C7.zip
4160,7,MS7,842,-106.02440771639704,517.0461235879243,527.8047640452972,0.0157291591167449,0.3333314961453503,0.5400900548018853,0.2067585586565349,ok,,True,MS7,842,-106.24655481720538,516.3093561324724,527.1277659547576,0.0295175418868893,0.4074007593419802,0.6614981603987635,0.2540974010567833,ok,,True,MS7,842,4096,2048,0.22214710080834266,0.7367674554518544,0.7695294781946642,True,55,T3_A0_L2,8,1,0.125,8.0,2025-12-20 17:08:02+00:00,85.454852977,-19.578954063,3,0,2,phisat_PHISAT-2_L1_000004160_20251220170802_20251220170812_66CD41C7.zip
4418,0,PAN,625,-0.5351460114229667,-0.3355109517347046,0.6316239801304548,0.9875924338120968,0.9730147934057,0.9732761774817468,0.0002613840760469,ok,,False,PAN,625,-0.3707766505422114,0.4436335518373653,0.5781747598288406,0.9045432060374878,0.9754418547046948,0.9762905631705786,0.0008487084658838,ok,,False,PAN,625,4096,2048,-0.16436936088075532,-0.7791445035720699,0.796293566621579,True,56,T4_A2_L0,131,2,0.015267175572519,65.5,2026-01-16 18:54:26+00:00,-116.77206687,32.414988006,4,2,0,phisat_PHISAT-2_L1_000004418_20260116185426_20260116185428_6CB19F2E.zip
4418,1,MS1,490,-0.0803748824300782,-2.1234447845331488,2.124965381997241,0.6282924251863733,0.929633435942765,0.925932664717228,-0.0037007712255371,ok,,False,MS1,490,0.2565387596430355,0.1233156092357603,0.2846381469170531,1.0279895154526455,0.9357372455936954,0.935806557046607,6.931145291155794e-05,ok,,False,MS1,490,4096,2048,-0.3369136420731137,-2.246760393768909,2.271880954016648,True,56,T4_A2_L0,131,2,0.015267175572519,65.5,2026-01-16 18:54:26+00:00,-116.77206687,32.414988006,4,2,0,phisat_PHISAT-2_L1_000004418_20260116185426_20260116185428_6CB19F2E.zip
4418,2,MS2,560,0.089296356602972,-0.2718815755056312,0.2861702821782677,0.9501683418639004,0.9702906702696394,0.9702627091778542,-2.7961091785266845e-05,ok,,False,MS2,560,0.0659459282101124,0.7447822519663987,0.7476961069121822,0.8597823004238307,0.9737724102671615,0.9702690537453632,-0.0035033565217983,ok,,False,MS2,560,4096,2048,0.0233504283928596,-1.0166638274720299,1.0169319449187382,True,56,T4_A2_L0,131,2,0.015267175572519,65.5,2026-01-16 18:54:26+00:00,-116.77206687,32.414988006,4,2,0,phisat_PHISAT-2_L1_000004418_20260116185426_20260116185428_6CB19F2E.zip
4418,4,MS4,705,0.0420550824796919,-2.0077057010093995,2.008146113167072,0.9052357633336214,0.90575205753336,0.9103504044682296,0.0045983469348696,ok,,False,MS4,705,-0.1948476108705108,-1.6542071123417372,1.6656430475897093,0.8670307052088901,0.9125573097572756,0.9206824390821658,0.0081251293248901,ok,,False,MS4,705,4096,2048,0.2369026933502027,-0.35349858866766226,0.42553981988365,True,56,T4_A2_L0,131,2,0.015267175572519,65.5,2026-01-16 18:54:26+00:00,-116.77206687,32.414988006,4,2,0,phisat_PHISAT-2_L1_000004418_20260116185426_20260116185428_6CB19F2E.zip
4418,5,MS5,740,-0.7162926723244709,-3.8575098181449903,3.923449654259721,0.4868322375405114,0.5329202465575336,0.5403380437065962,0.0074177971490626,ok,,False,MS5,740,-0.3311454771778699,-3.5023449533696294,3.517964965636962,0.4780682249402161,0.5368886164747044,0.5456714417016916,0.0087828252269871,ok,,False,MS5,740,4096,2048,-0.385147195146601,-0.3551648647753609,0.523908811817662,True,56,T4_A2_L0,131,2,0.015267175572519,65.5,2026-01-16 18:54:26+00:00,-116.77206687,32.414988006,4,2,0,phisat_PHISAT-2_L1_000004418_20260116185426_20260116185428_6CB19F2E.zip
4418,6,MS6,783,-1.1247223075538386,-5.630701136935386,5.741933085868789,0.322056943536154,0.4400623971430247,0.4520284121491599,0.0119660150061352,ok,,False,MS6,783,-0.864701239536771,-4.70813305821639,4.7868805215428605,0.3914129042532295,0.4436390096460419,0.4613939146705248,0.0177549050244829,ok,,False,MS6,783,4096,2048,-0.2600210680170676,-0.9225680787189958,0.9585107279962993,True,56,T4_A2_L0,131,2,0.015267175572519,65.5,2026-01-16 18:54:26+00:00,-116.77206687,32.414988006,4,2,0,phisat_PHISAT-2_L1_000004418_20260116185426_20260116185428_6CB19F2E.zip
4418,7,MS7,842,0.5219193704569989,-0.879314444307056,1.0225427723206777,0.4817494077142328,0.4544843441039855,0.4587617752952098,0.0042774311912242,ok,,False,MS7,842,0.6575890817907748,-1.2096275875146605,1.3768160011297703,0.3366694070864469,0.4565263262596872,0.4581907243865559,0.0016643981268686,ok,,False,MS7,842,4096,2048,-0.13566971133377592,0.3303131432076045,0.3570896850219529,True,56,T4_A2_L0,131,2,0.015267175572519,65.5,2026-01-16 18:54:26+00:00,-116.77206687,32.414988006,4,2,0,phisat_PHISAT-2_L1_000004418_20260116185426_20260116185428_6CB19F2E.zip
4423,0,PAN,625,-7.716528539855517,-0.267378449035732,7.721159494623425,0.2503971327096224,0.8488948705692676,0.8294393160787281,-0.0194555544905394,ok,,False,PAN,625,-6.909871025987286,-0.2624636810278389,6.9148539232320205,0.3424368309206329,0.8550375008638819,0.8464970380666793,-0.0085404627972025,ok,,False,PAN,625,4096,2048,-0.806657513868231,-0.004914768007893089,0.806672485972248,True,57,T4_A2_L2,209,2,0.0095693779904306,104.5,2026-01-17 07:29:56+00:00,52.165057856,27.820411883,4,2,2,phisat_PHISAT-2_L1_000004423_20260117072956_20260117072959_E7937DF5.zip
4423,1,MS1,490,-1.868350442695828,-0.9860390238291076,2.112582858312439,0.1864711095404345,0.7932551124627911,0.7832293477496332,-0.0100257647131579,ok,,False,MS1,490,16.84380529676696,0.5140203491903321,16.851646619686054,0.2735747641418129,0.7987862224566501,0.768556883137842,-0.0302293393188081,ok,,False,MS1,490,4096,2048,-18.712155739462787,-1.5000593730194396,18.772185555776225,True,57,T4_A2_L2,209,2,0.0095693779904306,104.5,2026-01-17 07:29:56+00:00,52.165057856,27.820411883,4,2,2,phisat_PHISAT-2_L1_000004423_20260117072956_20260117072959_E7937DF5.zip
4423,2,MS2,560,6.75414884220163,-0.4498442002986849,6.769112673545624,0.313529782302794,0.8838505443992188,0.84358119376463,-0.0402693506345888,ok,,False,MS2,560,-3.193552125024325,0.4280878267586558,3.22211644151268,0.4170536060264567,0.8896841640135382,0.8666303694319171,-0.0230537945816211,ok,,False,MS2,560,4096,2048,9.947700967225956,-0.8779320270573407,9.98636666548356,True,57,T4_A2_L2,209,2,0.0095693779904306,104.5,2026-01-17 07:29:56+00:00,52.165057856,27.820411883,4,2,2,phisat_PHISAT-2_L1_000004423_20260117072956_20260117072959_E7937DF5.zip
4423,4,MS4,705,14.768794592661152,-1.3125849134235068,14.827008224020256,0.2475281605584314,0.8065101221214059,0.7749889589248948,-0.0315211631965111,ok,,False,MS4,705,13.371386252930506,-1.8320591380029327,13.49631101487362,0.3322947768610902,0.8133443746027447,0.7943456872571988,-0.0189986873455458,ok,,False,MS4,705,4096,2048,1.3974083397306458,0.5194742245794259,1.4908398766974125,True,57,T4_A2_L2,209,2,0.0095693779904306,104.5,2026-01-17 07:29:56+00:00,52.165057856,27.820411883,4,2,2,phisat_PHISAT-2_L1_000004423_20260117072956_20260117072959_E7937DF5.zip
4423,5,MS5,740,3.044009299976324,-0.824392911754785,3.15366711802211,0.4073326913639903,0.9057308503196868,0.9105272019790188,0.004796351659332,ok,,False,MS5,740,3.1385150756862004,-0.8748510431282739,3.258165316243512,0.6159581479878398,0.9121164160953492,0.9196023927352258,0.0074859766398766,ok,,False,MS5,740,4096,2048,-0.09450577570987617,0.05045813137348887,0.10713246316700499,True,57,T4_A2_L2,209,2,0.0095693779904306,104.5,2026-01-17 07:29:56+00:00,52.165057856,27.820411883,4,2,2,phisat_PHISAT-2_L1_000004423_20260117072956_20260117072959_E7937DF5.zip
4423,6,MS6,783,-1.9131282670341527,0.9306959684686262,2.127499647908045,0.4836463024184922,0.9095998996308904,0.91579876029193,0.0061988606610396,ok,,False,MS6,783,-1.195254445702176,0.4532681886646514,1.278313436065721,0.8150119705824181,0.9156701932700244,0.928877197771591,0.0132070045015665,ok,,False,MS6,783,4096,2048,-0.7178738213319766,0.4774277798039748,0.8621369428822357,True,57,T4_A2_L2,209,2,0.0095693779904306,104.5,2026-01-17 07:29:56+00:00,52.165057856,27.820411883,4,2,2,phisat_PHISAT-2_L1_000004423_20260117072956_20260117072959_E7937DF5.zip
4423,7,MS7,842,15.483790729793782,-0.338764879005339,15.48749615035611,0.1912851439556107,0.7916549230951969,0.7542406295978068,-0.0374142934973901,ok,,False,MS7,842,14.745902271484963,-0.4705203117737255,14.75340717136137,0.2742813696386292,0.7991804453397935,0.7718946370509298,-0.0272858082888637,ok,,False,MS7,842,4096,2048,0.7378884583088183,0.13175543276838647,0.7495591177281146,True,57,T4_A2_L2,209,2,0.0095693779904306,104.5,2026-01-17 07:29:56+00:00,52.165057856,27.820411883,4,2,2,phisat_PHISAT-2_L1_000004423_20260117072956_20260117072959_E7937DF5.zip
4447,0,PAN,625,-1.2323543100815186,-0.0486697484939213,1.2333150003121494,0.3799885967746377,0.982798690040678,0.9836278632097256,0.0008291731690478,ok,,False,PAN,625,-2.055963585907193,0.132534869512483,2.060230996323727,0.4617385012097657,0.9834874112462384,0.9847168039781512,0.001229392731913,ok,,False,PAN,625,4096,2048,0.8236092758256746,-0.1812046180064043,0.843307389279223,True,58,T4_A2_L2,209,2,0.0095693779904306,104.5,2026-01-19 06:38:52+00:00,63.454862344,25.173611126,4,2,2,phisat_PHISAT-2_L1_000004447_20260119063852_20260119063855_13E21EA5.zip
4447,1,MS1,490,15.811632199785436,-1.6040610507952806,15.892788448726362,0.0875099110417068,0.9639110356445674,0.9636853704053387,-0.0002256652392286,ok,,False,MS1,490,15.02841849752008,-0.421004433370399,15.034314326550486,0.2055485961464001,0.9651618335188078,0.9654379253065372,0.0002760917877293,ok,,False,MS1,490,4096,2048,0.7832137022653551,-1.1830566174248816,1.4188187563776449,True,58,T4_A2_L2,209,2,0.0095693779904306,104.5,2026-01-19 06:38:52+00:00,63.454862344,25.173611126,4,2,2,phisat_PHISAT-2_L1_000004447_20260119063852_20260119063855_13E21EA5.zip
4447,2,MS2,560,0.0679176149233171,-0.6041793958065682,0.6079848227826594,0.2598102011252194,0.9804632959522598,0.9807599738174692,0.0002966778652093,ok,,False,MS2,560,0.8088615975318589,0.1762393744274959,0.8278389946483471,0.4532232398632914,0.981223553089151,0.9817914515315512,0.0005678984424002,ok,,False,MS2,560,4096,2048,-0.7409439826085418,-0.7804187702340641,1.0761279860209267,True,58,T4_A2_L2,209,2,0.0095693779904306,104.5,2026-01-19 06:38:52+00:00,63.454862344,25.173611126,4,2,2,phisat_PHISAT-2_L1_000004447_20260119063852_20260119063855_13E21EA5.zip
4447,4,MS4,705,14.85758310016513,-0.8497339445430043,14.881862227383408,0.1761730684665963,0.9835989150878784,0.9807550064682364,-0.002843908619642,ok,,False,MS4,705,13.61835768046285,-0.8679203482047342,13.64598664970215,0.2013443211326375,0.9847629486092644,0.982657006731821,-0.0021059418774433,ok,,False,MS4,705,4096,2048,1.2392254197022794,0.018186403661729855,1.2393588609093162,True,58,T4_A2_L2,209,2,0.0095693779904306,104.5,2026-01-19 06:38:52+00:00,63.454862344,25.173611126,4,2,2,phisat_PHISAT-2_L1_000004447_20260119063852_20260119063855_13E21EA5.zip
4447,5,MS5,740,1.194050731475727,0.7078107056129284,1.388075338127578,0.347646398935467,0.9868868396958372,0.9874487012315344,0.0005618615356973,ok,,False,MS5,740,2.236708831660735,0.3695007397038807,2.267023862748437,0.617335218237713,0.9879760009056228,0.9887087053235653,0.0007327044179424,ok,,False,MS5,740,4096,2048,-1.0426581001850082,0.33830996590904766,1.0961704004919999,True,58,T4_A2_L2,209,2,0.0095693779904306,104.5,2026-01-19 06:38:52+00:00,63.454862344,25.173611126,4,2,2,phisat_PHISAT-2_L1_000004447_20260119063852_20260119063855_13E21EA5.zip
4447,6,MS6,783,-0.0723697414409798,-0.4429771498735135,0.4488497908947887,0.2882308030384592,0.982160882400886,0.982656601636346,0.0004957192354599,ok,,False,MS6,783,-1.0968549974572852,-1.2972960366751067,1.6988431040622791,0.411210329606547,0.9831969479519548,0.9844925845233082,0.0012956365713533,ok,,False,MS6,783,4096,2048,1.0244852560163054,0.8543188868015932,1.3339530726906055,True,58,T4_A2_L2,209,2,0.0095693779904306,104.5,2026-01-19 06:38:52+00:00,63.454862344,25.173611126,4,2,2,phisat_PHISAT-2_L1_000004447_20260119063852_20260119063855_13E21EA5.zip
4447,7,MS7,842,5.812644326577129,-0.1040153407416255,5.81357491208283,0.269694279297255,0.979059375093363,0.9777802848733752,-0.0012790902199877,ok,,False,MS7,842,4.720431276924273,0.0546079192386059,4.72074712995819,0.3975848053232766,0.9800565526282484,0.9792862364835632,-0.000770316144685,ok,,False,MS7,842,4096,2048,1.0922130496528553,-0.15862325998023138,1.1036714567473178,True,58,T4_A2_L2,209,2,0.0095693779904306,104.5,2026-01-19 06:38:52+00:00,63.454862344,25.173611126,4,2,2,phisat_PHISAT-2_L1_000004447_20260119063852_20260119063855_13E21EA5.zip
4461,0,PAN,625,-1.0081438596735095,1.8154600999200736,2.076595631363797,0.2354405510704964,0.1711256279352882,0.1940076039161201,0.0228819759808319,ok,,False,PAN,625,-1.144268239113444,0.7741632170914272,1.3815493077487788,0.3801350135472603,0.2294504514308395,0.258283734108916,0.0288332826780764,ok,,False,PAN,625,4096,2048,0.1361243794399345,1.0412968828286464,1.0501566763424224,True,59,T4_A1_L0,26,1,0.0384615384615384,26.0,2026-01-21 16:49:58+00:00,-91.018641536,13.567749844,4,1,0,phisat_PHISAT-2_L1_000004461_20260121164958_20260121165000_65E49ACD.zip
4461,1,MS1,490,0.1095825646589219,-0.9397599787371292,0.9461274523621204,0.0621336568146944,0.0577150111174909,0.0600661128488033,0.0023511017313124,ok,,False,MS1,490,0.2930044841382369,-0.1172308419604633,0.3155862766849557,0.1555992580251768,0.0812778732628218,0.0843178270818636,0.0030399538190418,ok,,False,MS1,490,4096,2048,-0.18342191947931497,-0.822529136776666,0.8427323308097557,True,59,T4_A1_L0,26,1,0.0384615384615384,26.0,2026-01-21 16:49:58+00:00,-91.018641536,13.567749844,4,1,0,phisat_PHISAT-2_L1_000004461_20260121164958_20260121165000_65E49ACD.zip
4461,2,MS2,560,1.088569086254893,0.783326625948348,1.3411126941720577,0.1680326096247881,0.1448816017671045,0.1557604458796399,0.0108788441125353,ok,,False,MS2,560,0.6137642481380681,0.160651205066415,0.6344409838446594,0.3052998095517978,0.1874781251672961,0.1944143914196668,0.0069362662523707,ok,,False,MS2,560,4096,2048,0.47480483811682483,0.622675420881933,0.7830480917987327,True,59,T4_A1_L0,26,1,0.0384615384615384,26.0,2026-01-21 16:49:58+00:00,-91.018641536,13.567749844,4,1,0,phisat_PHISAT-2_L1_000004461_20260121164958_20260121165000_65E49ACD.zip
4461,4,MS4,705,1.3306852102527955,0.8861027779416872,1.5987186312361228,0.0785797525895759,0.0438193249546159,0.0521072987751342,0.0082879738205182,ok,,False,MS4,705,1.946964848096968,0.2608034464565207,1.9643549978068755,0.1644697324663866,0.0587258447189466,0.0662644288052404,0.0075385840862937,ok,,False,MS4,705,4096,2048,-0.6162796378441724,0.6252993314851665,0.8779520749888005,True,59,T4_A1_L0,26,1,0.0384615384615384,26.0,2026-01-21 16:49:58+00:00,-91.018641536,13.567749844,4,1,0,phisat_PHISAT-2_L1_000004461_20260121164958_20260121165000_65E49ACD.zip
4461,5,MS5,740,32.91598434522257,88.0396030283971,93.9916683904094,0.0694693523691967,0.0301947863930037,0.046307163994803,0.0161123776017993,ok,,True,MS5,740,33.297686586045074,87.73097894959346,93.83741577556628,0.1316409790306352,0.0415148938453493,0.0634454883579692,0.0219305945126198,ok,,True,MS5,740,4096,2048,-0.3817022408225057,0.3086240788036321,0.4908619181259763,True,59,T4_A1_L0,26,1,0.0384615384615384,26.0,2026-01-21 16:49:58+00:00,-91.018641536,13.567749844,4,1,0,phisat_PHISAT-2_L1_000004461_20260121164958_20260121165000_65E49ACD.zip
4461,6,MS6,783,-1.219960199066918,2.123684723721908,2.449150810602972,0.0631751544424332,0.1448855104485069,0.1477784758747599,0.002892965426253,ok,,False,MS6,783,-0.7226459884254837,3.653433770233505,3.724217439687168,0.1338627544610062,0.1934973825516361,0.1906037701961609,-0.0028936123554751,ok,,False,MS6,783,4096,2048,-0.49731421064143433,-1.529749046511597,1.6085563619000278,True,59,T4_A1_L0,26,1,0.0384615384615384,26.0,2026-01-21 16:49:58+00:00,-91.018641536,13.567749844,4,1,0,phisat_PHISAT-2_L1_000004461_20260121164958_20260121165000_65E49ACD.zip
4461,7,MS7,842,-0.0662825628796781,0.1477448858888692,0.1619318666853855,0.1382843996398151,0.0264130047208906,0.0286230298640949,0.0022100251432043,ok,,False,MS7,842,-0.0089498337852091,0.2874223647347662,0.2875616721235774,0.2368158993776887,0.0365671423081746,0.0376594162364981,0.0010922739283234,ok,,False,MS7,842,4096,2048,-0.057332729094469,-0.13967747884589699,0.15098622427945463,True,59,T4_A1_L0,26,1,0.0384615384615384,26.0,2026-01-21 16:49:58+00:00,-91.018641536,13.567749844,4,1,0,phisat_PHISAT-2_L1_000004461_20260121164958_20260121165000_65E49ACD.zip
4576,0,PAN,625,1.901726612570428,-0.0141390318876801,1.9017791725595576,0.5293701917398721,0.94612920833243,0.9474730230246228,0.0013438146921925,ok,,False,PAN,625,1.490757544928783,-0.1069296810346713,1.494587573362053,0.7833228116214741,0.9475173007956482,0.9493279392938362,0.0018106384981879,ok,,False,PAN,625,4096,2048,0.41096906764164487,0.0927906491469912,0.42131422848909683,True,60,T4_A0_L3,48,1,0.0208333333333333,48.0,2026-02-05 02:34:51+00:00,118.57033274,-20.297075476,4,0,3,phisat_PHISAT-2_L1_000004576_20260205023451_20260205023453_20EF7F75.zip
4576,1,MS1,490,1.8102041711788388,0.0710497092891273,1.8115979693473208,0.3377807963697705,0.8025888841582974,0.8036718812543361,0.0010829970960386,ok,,False,MS1,490,1.615904464111054,2.134697996520572,2.6773275431823755,0.5523453508503735,0.8039985549979117,0.8044347169657353,0.0004361619678235,ok,,False,MS1,490,4096,2048,0.19429970706778477,-2.0636482872314446,2.0727751034687536,True,60,T4_A0_L3,48,1,0.0208333333333333,48.0,2026-02-05 02:34:51+00:00,118.57033274,-20.297075476,4,0,3,phisat_PHISAT-2_L1_000004576_20260205023451_20260205023453_20EF7F75.zip
4576,2,MS2,560,0.1341068440774506,0.1819540323763249,0.2260352085990551,0.6443112673005089,0.8827110422912179,0.883081553924408,0.0003705116331901,ok,,False,MS2,560,-0.0549593395289775,0.4774919893234255,0.4806444932270666,0.7490214474964887,0.883790565381021,0.8839893625942579,0.0001987972132369,ok,,False,MS2,560,4096,2048,0.1890661836064281,-0.2955379569471006,0.35084000025647855,True,60,T4_A0_L3,48,1,0.0208333333333333,48.0,2026-02-05 02:34:51+00:00,118.57033274,-20.297075476,4,0,3,phisat_PHISAT-2_L1_000004576_20260205023451_20260205023453_20EF7F75.zip
4576,4,MS4,705,3.6134516118825104,0.4803146769802424,3.645234524737599,0.4151311982204788,0.9662499007761624,0.968428615238486,0.0021787144623236,ok,,False,MS4,705,2.087676297466487,-0.2482891536660645,2.102389075987504,0.85271314997226,0.9683693961915876,0.9717773353059256,0.003407939114338,ok,,False,MS4,705,4096,2048,1.5257753144160233,0.7286038306463068,1.690814552845399,True,60,T4_A0_L3,48,1,0.0208333333333333,48.0,2026-02-05 02:34:51+00:00,118.57033274,-20.297075476,4,0,3,phisat_PHISAT-2_L1_000004576_20260205023451_20260205023453_20EF7F75.zip
4576,5,MS5,740,0.3061609313929239,-0.363481261074412,0.4752400899162733,0.4919947797898203,0.8687059575145426,0.8701004480185136,0.001394490503971,ok,,False,MS5,740,0.9108483744553268,-1.2867392082862352,1.5764969240023905,0.669613930513151,0.8704222106885676,0.8718017866973694,0.0013795760088017,ok,,False,MS5,740,4096,2048,-0.604687443062403,0.9232579472118232,1.1036539950940858,True,60,T4_A0_L3,48,1,0.0208333333333333,48.0,2026-02-05 02:34:51+00:00,118.57033274,-20.297075476,4,0,3,phisat_PHISAT-2_L1_000004576_20260205023451_20260205023453_20EF7F75.zip
4576,6,MS6,783,-2.395978869912142,-0.8635327321230761,2.546841872695164,0.2789720399741782,0.8416089009797177,0.8408052475063312,-0.0008036534733865,ok,,False,MS6,783,-0.9935043291179682,-0.4360512782009209,1.0849845939905327,0.6001218102755956,0.8436392510265822,0.8455529816733391,0.0019137306467569,ok,,False,MS6,783,4096,2048,-1.4024745407941737,-0.42748145392215525,1.4661770803771377,True,60,T4_A0_L3,48,1,0.0208333333333333,48.0,2026-02-05 02:34:51+00:00,118.57033274,-20.297075476,4,0,3,phisat_PHISAT-2_L1_000004576_20260205023451_20260205023453_20EF7F75.zip
4576,7,MS7,842,-0.8369365494509111,-0.1209327011642926,0.8456284680743013,0.3409985089820111,0.8180608818953725,0.8166446781147568,-0.0014162037806156,ok,,False,MS7,842,0.5372247655002411,-0.3058660196484197,0.6181945249210451,0.4900819449685514,0.8198408471237355,0.8215783295018987,0.0017374823781631,ok,,False,MS7,842,4096,2048,-1.3741613149511522,0.18493331848412708,1.3865495489861988,True,60,T4_A0_L3,48,1,0.0208333333333333,48.0,2026-02-05 02:34:51+00:00,118.57033274,-20.297075476,4,0,3,phisat_PHISAT-2_L1_000004576_20260205023451_20260205023453_20EF7F75.zip
4689,0,PAN,625,0.4887235486023655,0.2553138241607939,0.5513944647583049,1.004309484444093,0.9641235756862012,0.965945283895031,0.0018217082088297,ok,,False,PAN,625,0.1086915300370492,0.177233446300761,0.2079075351915834,0.8561741691082716,0.9675949647408656,0.9680799788053692,0.0004850140645035,ok,,False,PAN,625,4096,2048,0.3800320185653163,0.07808037786003291,0.38797020573955737,True,61,T4_A1_L2,27,1,0.037037037037037,27.0,2026-03-08 05:57:10+00:00,73.799615492,15.367515942,4,1,2,phisat_PHISAT-2_L1_000004689_20260308055710_20260308055713_30A85319.zip
4689,1,MS1,490,1.2430016425923895,-0.7570906568212195,1.455417241251925,0.5673409996088594,0.4613385404546601,0.4610243930482196,-0.0003141474064404,ok,,False,MS1,490,0.360376429270218,0.7546391838407089,0.8362723650589704,0.8236605555284768,0.4654625049172283,0.463326527974292,-0.0021359769429362,ok,,False,MS1,490,4096,2048,0.8826252133221715,-1.5117298406619284,1.7505297422036987,True,61,T4_A1_L2,27,1,0.037037037037037,27.0,2026-03-08 05:57:10+00:00,73.799615492,15.367515942,4,1,2,phisat_PHISAT-2_L1_000004689_20260308055710_20260308055713_30A85319.zip
4689,2,MS2,560,0.8645180497574074,-0.0153013631406793,0.8646534508520244,0.8662504667445319,0.8287465680553837,0.8304113127140195,0.0016647446586357,ok,,False,MS2,560,0.1285469493873279,0.2692098841703227,0.2983257949487218,0.7931676378939301,0.8337604904528271,0.8339480739479997,0.0001875834951726,ok,,False,MS2,560,4096,2048,0.7359711003700795,-0.284511247311002,0.7890501317574238,True,61,T4_A1_L2,27,1,0.037037037037037,27.0,2026-03-08 05:57:10+00:00,73.799615492,15.367515942,4,1,2,phisat_PHISAT-2_L1_000004689_20260308055710_20260308055713_30A85319.zip
4689,4,MS4,705,0.7049117758683678,0.0016817843616081,0.7049137820730526,0.9393840269185604,0.8919364388971841,0.8936608449170234,0.0017244060198392,ok,,False,MS4,705,0.4920723673551492,-0.301453335930546,0.5770696045176488,0.8305254632141441,0.8965579150285207,0.8953301362830857,-0.001227778745435,ok,,False,MS4,705,4096,2048,0.21283940851321864,0.3031351202921541,0.37039372965912304,True,61,T4_A1_L2,27,1,0.037037037037037,27.0,2026-03-08 05:57:10+00:00,73.799615492,15.367515942,4,1,2,phisat_PHISAT-2_L1_000004689_20260308055710_20260308055713_30A85319.zip
4689,5,MS5,740,-0.2130540327966628,0.905278132732974,0.930011031383726,0.332531698688399,0.6255881474822083,0.6295727272687087,0.0039845797865004,ok,,False,MS5,740,-0.5655484103654089,0.9717929801679476,1.124378317458382,0.1636071179236751,0.6300669314739411,0.6331703078433885,0.0031033763694473,ok,,False,MS5,740,4096,2048,0.35249437756874613,-0.0665148474349736,0.358715083522948,True,61,T4_A1_L2,27,1,0.037037037037037,27.0,2026-03-08 05:57:10+00:00,73.799615492,15.367515942,4,1,2,phisat_PHISAT-2_L1_000004689_20260308055710_20260308055713_30A85319.zip
4689,6,MS6,783,-0.6756440590493185,0.5956653275657118,0.9007286367117489,0.1914020012482069,0.5836795612344107,0.586839242138654,0.0031596809042433,ok,,False,MS6,783,-3.027104563563171,0.9620115525262918,3.176291590194298,0.0614566878793993,0.5881388345634003,0.5886336372658743,0.0004948027024739,ok,,False,MS6,783,4096,2048,2.3514605045138524,-0.36634622496058,2.3798268972409335,True,61,T4_A1_L2,27,1,0.037037037037037,27.0,2026-03-08 05:57:10+00:00,73.799615492,15.367515942,4,1,2,phisat_PHISAT-2_L1_000004689_20260308055710_20260308055713_30A85319.zip
4689,7,MS7,842,-0.6199478715698206,0.5607251228373116,0.835911494624203,0.1507876335090259,0.573965751762189,0.5761225326056183,0.0021567808434292,ok,,False,MS7,842,-2.27234963956289,0.681143287615896,2.372241358438426,0.0259346332168206,0.5780310258262811,0.5767330310537678,-0.0012979947725132,ok,,False,MS7,842,4096,2048,1.6524017679930694,-0.12041816477858447,1.6567836724434677,True,61,T4_A1_L2,27,1,0.037037037037037,27.0,2026-03-08 05:57:10+00:00,73.799615492,15.367515942,4,1,2,phisat_PHISAT-2_L1_000004689_20260308055710_20260308055713_30A85319.zip
4797,0,PAN,625,-0.3179939419310358,0.4909796170979916,0.5849625043629116,0.6544075921410695,0.8279091307934693,0.8291259957504128,0.0012168649569435,ok,,False,PAN,625,-0.8608781117377475,1.1091480056750245,1.404037186744722,0.6454186888877302,0.8282715121596419,0.8301603178585756,0.0018888056989336,ok,,False,PAN,625,4096,2048,0.5428841698067117,-0.6181683885770328,0.8227122087720883,True,62,T4_A2_L0,131,2,0.015267175572519,65.5,2026-03-24 17:31:21+00:00,-97.045913966,30.859465742,4,2,0,phisat_PHISAT-2_L1_000004797_20260324173121_20260324173124_66271D37.zip
4797,1,MS1,490,1.986841715375931,-1.0725135345887793,2.257836416535549,0.3062326477374881,0.9629054568839254,0.9658577835885525,0.002952326704627,ok,,False,MS1,490,0.9484181541781708,-2.3376223542595653,2.52269206727828,0.6013818170176819,0.9633722141369806,0.9692362354199124,0.0058640212829318,ok,,False,MS1,490,4096,2048,1.0384235611977601,1.265108819670786,1.6367112812159168,True,62,T4_A2_L0,131,2,0.015267175572519,65.5,2026-03-24 17:31:21+00:00,-97.045913966,30.859465742,4,2,0,phisat_PHISAT-2_L1_000004797_20260324173121_20260324173124_66271D37.zip
4797,2,MS2,560,0.8340566924046016,-0.0679298684581226,0.8368183991605598,0.5927309576363768,0.9931271726719604,0.9930930935673064,-3.407910465402786e-05,ok,,False,MS2,560,-0.0915723327416344,-1.5480858634423385,1.550791840549129,0.8195765271084383,0.9934986975719664,0.9949708824749488,0.0014721849029822,ok,,False,MS2,560,4096,2048,0.925629025146236,1.4801559949842158,1.7457522337608178,True,62,T4_A2_L0,131,2,0.015267175572519,65.5,2026-03-24 17:31:21+00:00,-97.045913966,30.859465742,4,2,0,phisat_PHISAT-2_L1_000004797_20260324173121_20260324173124_66271D37.zip
4797,4,MS4,705,1.199844742283403,0.6331133266683082,1.35663550373346,0.3771352533949539,0.9744498970422808,0.9771287785262672,0.0026788814839866,ok,,False,MS4,705,1.269034759506212,1.082123204389518,1.667764926574854,0.2949376053584274,0.9751738655441374,0.97929149205094,0.0041176265068025,ok,,False,MS4,705,4096,2048,-0.06919001722280882,-0.4490098777212097,0.4543095076866742,True,62,T4_A2_L0,131,2,0.015267175572519,65.5,2026-03-24 17:31:21+00:00,-97.045913966,30.859465742,4,2,0,phisat_PHISAT-2_L1_000004797_20260324173121_20260324173124_66271D37.zip
4797,5,MS5,740,0.7573384466402331,0.692404525373604,1.0261508415029863,0.2304525264480617,0.9281364977241984,0.9307741785563218,0.0026376808321235,ok,,False,MS5,740,0.8764509118032038,1.5591656641699956,1.788620633093371,0.1849794302906957,0.9290420195616818,0.934570480163544,0.0055284606018621,ok,,False,MS5,740,4096,2048,-0.1191124651629707,-0.8667611387963916,0.8749072242728468,True,62,T4_A2_L0,131,2,0.015267175572519,65.5,2026-03-24 17:31:21+00:00,-97.045913966,30.859465742,4,2,0,phisat_PHISAT-2_L1_000004797_20260324173121_20260324173124_66271D37.zip
4797,6,MS6,783,0.055710589718501,0.7595662072883442,0.7616065211519548,0.1603306927936501,0.8871423057972148,0.8900014403287174,0.0028591345315026,ok,,False,MS6,783,0.0817784196995035,1.5478491189246597,1.5500079370391604,0.1459512729779817,0.8881631591333579,0.893573521138579,0.0054103620052211,ok,,False,MS6,783,4096,2048,-0.026067829981002502,-0.7882829116363155,0.7887138140908562,True,62,T4_A2_L0,131,2,0.015267175572519,65.5,2026-03-24 17:31:21+00:00,-97.045913966,30.859465742,4,2,0,phisat_PHISAT-2_L1_000004797_20260324173121_20260324173124_66271D37.zip
4797,7,MS7,842,0.0843461824285896,1.1236653833161654,1.1268265936484378,0.2284485783311538,0.918445626910936,0.9210333006215136,0.0025876737105773,ok,,False,MS7,842,0.5324196084218329,1.956656193024856,2.0278003099749684,0.3676911348593421,0.9193349113848508,0.9235570150746428,0.004222103689792,ok,,False,MS7,842,4096,2048,-0.4480734259932433,-0.8329908097086907,0.9458559531664757,True,62,T4_A2_L0,131,2,0.015267175572519,65.5,2026-03-24 17:31:21+00:00,-97.045913966,30.859465742,4,2,0,phisat_PHISAT-2_L1_000004797_20260324173121_20260324173124_66271D37.zip
4844,0,PAN,625,0.1544797818553434,-0.495708998639202,0.5192219316765759,0.4634939664392732,0.610613572612638,0.6113176512143209,0.0007040786016828,ok,,False,PAN,625,0.4228896589506803,0.1235386264729641,0.4405649281073667,0.4980770088732242,0.6116512849566501,0.6124327977322883,0.0007815127756382,ok,,False,PAN,625,4096,2048,-0.2684098770953369,-0.6192476251121661,0.6749159083392476,True,63,T4_A2_L1,119,1,0.0084033613445378,119.0,2026-03-28 13:58:15+00:00,-25.993794134,68.795536187,4,2,1,phisat_PHISAT-2_L1_000004844_20260328135815_20260328135818_A2F8A831.zip
4844,1,MS1,490,-0.2610870055118539,0.1463671445605996,0.2993154948444372,0.684164232108742,0.9260033951645392,0.9262683306950492,0.0002649355305102,ok,,False,MS1,490,0.3623966235595617,2.3875008686500223,2.414848175470248,0.8890933440998197,0.926458476568829,0.9262274411913012,-0.0002310353775277,ok,,False,MS1,490,4096,2048,-0.6234836290714156,-2.2411337240894227,2.3262442272837536,True,63,T4_A2_L1,119,1,0.0084033613445378,119.0,2026-03-28 13:58:15+00:00,-25.993794134,68.795536187,4,2,1,phisat_PHISAT-2_L1_000004844_20260328135815_20260328135818_A2F8A831.zip
4844,2,MS2,560,0.5789119411970205,1.0170200424011,1.170243052663009,0.9905048632062972,0.9906042573155782,0.9913087831341464,0.0007045258185681,ok,,False,MS2,560,0.5998140109350061,1.5819733057148824,1.691867721693517,0.9335524222115056,0.9909022585516396,0.9912987718130792,0.0003965132614396,ok,,False,MS2,560,4096,2048,-0.020902069737985585,-0.5649532633137824,0.5653397971558553,True,63,T4_A2_L1,119,1,0.0084033613445378,119.0,2026-03-28 13:58:15+00:00,-25.993794134,68.795536187,4,2,1,phisat_PHISAT-2_L1_000004844_20260328135815_20260328135818_A2F8A831.zip
4844,4,MS4,705,-0.0189008466641098,-1.067909771979885,1.0680770211434891,0.9129117599222808,0.9884520552561868,0.9884714642038956,1.9408947708798863e-05,ok,,False,MS4,705,-0.2321328457674099,-1.0641974376908363,1.0892207510288343,0.8855761486338452,0.9888617537544898,0.9890924914438192,0.0002307376893294,ok,,False,MS4,705,4096,2048,0.2132319991033001,-0.003712334289048602,0.213264312221861,True,63,T4_A2_L1,119,1,0.0084033613445378,119.0,2026-03-28 13:58:15+00:00,-25.993794134,68.795536187,4,2,1,phisat_PHISAT-2_L1_000004844_20260328135815_20260328135818_A2F8A831.zip
4844,5,MS5,740,-0.6447825879654374,-1.925995611662984,2.031059743554698,0.8264062394155189,0.9860246365930736,0.9858645581454,-0.0001600784476737,ok,,False,MS5,740,-0.4132172465724579,-1.6049958295011493,1.6573352423637788,0.8925363537855446,0.9865095722307102,0.98679735562878,0.0002877833980698,ok,,False,MS5,740,4096,2048,-0.23156534139297952,-0.32099978216183467,0.39580723525776085,True,63,T4_A2_L1,119,1,0.0084033613445378,119.0,2026-03-28 13:58:15+00:00,-25.993794134,68.795536187,4,2,1,phisat_PHISAT-2_L1_000004844_20260328135815_20260328135818_A2F8A831.zip
4844,6,MS6,783,0.2178059865252635,-1.1481673107587085,1.1686434962216354,0.7677351476158947,0.9844695539294152,0.9843717521287532,-9.780180066198962e-05,ok,,False,MS6,783,-0.0159426175728185,-1.3683016375425725,1.3683945112272111,0.874224315630272,0.9850229130150362,0.98483384416465,-0.0001890688503862,ok,,False,MS6,783,4096,2048,0.233748604098082,0.22013432678386402,0.321088043605468,True,63,T4_A2_L1,119,1,0.0084033613445378,119.0,2026-03-28 13:58:15+00:00,-25.993794134,68.795536187,4,2,1,phisat_PHISAT-2_L1_000004844_20260328135815_20260328135818_A2F8A831.zip
4844,7,MS7,842,-0.0957624614197811,-0.1480523930695199,0.1763234530934177,0.938723185332492,0.9850264236111737,0.9851202053136022,9.378170242868578e-05,ok,,False,MS7,842,-0.2512039166517752,-0.0394788895896454,0.2542872204111395,0.8601357119041495,0.9853972259385452,0.9855960465196666,0.0001988205811213,ok,,False,MS7,842,4096,2048,0.1554414552319941,-0.10857350347987449,0.18960551590746072,True,63,T4_A2_L1,119,1,0.0084033613445378,119.0,2026-03-28 13:58:15+00:00,-25.993794134,68.795536187,4,2,1,phisat_PHISAT-2_L1_000004844_20260328135815_20260328135818_A2F8A831.zip
4909,0,PAN,625,-0.500542092509022,-0.0541431418000684,0.503461881553403,0.7673933577607386,0.8819872142000407,0.8826944843190901,0.0007072701190494,ok,,False,PAN,625,-0.4601158857981318,0.1889267403892063,0.4973931459096415,0.7907750803278759,0.8835767177814908,0.8854618507227663,0.0018851329412754,ok,,False,PAN,625,4096,2048,-0.040426206710890256,-0.2430698821892747,0.24640869671450216,True,64,T4_A0_L1,47,1,0.0212765957446808,47.0,2026-04-02 13:40:45+00:00,-46.586524242,-23.520806306,4,0,1,phisat_PHISAT-2_L1_000004909_20260402134045_20260402134048_F813E283.zip
4909,1,MS1,490,2.742032169519689,0.5958842008033116,2.806032501495279,0.4479075997369364,0.9467291414129732,0.9477225454707174,0.0009934040577441,ok,,False,MS1,490,2.2595274324057755,1.0216620413045805,2.479769655519818,0.799712824402377,0.9493854625337366,0.9498208387279026,0.000435376194166,ok,,False,MS1,490,4096,2048,0.4825047371139135,-0.4257778405012689,0.6435041497918181,True,64,T4_A0_L1,47,1,0.0212765957446808,47.0,2026-04-02 13:40:45+00:00,-46.586524242,-23.520806306,4,0,1,phisat_PHISAT-2_L1_000004909_20260402134045_20260402134048_F813E283.zip
4909,2,MS2,560,0.5037899158874097,-0.1884541244107822,0.5378840361613997,0.5360367697430775,0.9697456912458372,0.972674756354642,0.0029290651088047,ok,,False,MS2,560,1.1025474311322796,-0.2294400209430023,1.1261676434291272,0.8674932901340071,0.9720523217470208,0.9757660858185696,0.0037137640715488,ok,,False,MS2,560,4096,2048,-0.5987575152448699,0.04098589653222012,0.6001586505056479,True,64,T4_A0_L1,47,1,0.0212765957446808,47.0,2026-04-02 13:40:45+00:00,-46.586524242,-23.520806306,4,0,1,phisat_PHISAT-2_L1_000004909_20260402134045_20260402134048_F813E283.zip
4909,4,MS4,705,1.732143904812574,-2.121464583461602,2.738783395206941,0.4708560537546873,0.9480886913350528,0.9545322545157484,0.0064435631806953,ok,,False,MS4,705,1.1723899575677024,-1.863292120242932,2.201444011998715,0.792834161547944,0.9523106009132056,0.960168642248833,0.0078580413356273,ok,,False,MS4,705,4096,2048,0.5597539472448716,-0.25817246321867016,0.6164231519180717,True,64,T4_A0_L1,47,1,0.0212765957446808,47.0,2026-04-02 13:40:45+00:00,-46.586524242,-23.520806306,4,0,1,phisat_PHISAT-2_L1_000004909_20260402134045_20260402134048_F813E283.zip
4909,5,MS5,740,-0.9623827586924564,-2.173514229667944,2.3770453678458767,0.4282105379970744,0.8571073774443402,0.85241485927248,-0.0046925181718602,ok,,False,MS5,740,-0.7647175773631716,-2.452061631275228,2.568540289094242,0.6413986509578535,0.8612731175798886,0.8592016517199893,-0.0020714658598992,ok,,False,MS5,740,4096,2048,-0.1976651813292848,0.278547401607284,0.3415555282118979,True,64,T4_A0_L1,47,1,0.0212765957446808,47.0,2026-04-02 13:40:45+00:00,-46.586524242,-23.520806306,4,0,1,phisat_PHISAT-2_L1_000004909_20260402134045_20260402134048_F813E283.zip
4909,6,MS6,783,-2.436497413372308,-3.079013075594503,3.926428550865515,0.2526785840454977,0.7862201465521453,0.7701523684374386,-0.0160677781147067,ok,,False,MS6,783,-1.2340536626506946,-2.554699157458799,2.837142264219807,0.509580447585904,0.7906002824481029,0.7870900464670765,-0.0035102359810263,ok,,False,MS6,783,4096,2048,-1.2024437507216135,-0.5243139181357037,1.3117835409854306,True,64,T4_A0_L1,47,1,0.0212765957446808,47.0,2026-04-02 13:40:45+00:00,-46.586524242,-23.520806306,4,0,1,phisat_PHISAT-2_L1_000004909_20260402134045_20260402134048_F813E283.zip
4909,7,MS7,842,-0.7776648596254745,-2.307493264882396,2.435012895525181,0.2572634222451597,0.7782800696963605,0.7783513051195226,7.123542316200826e-05,ok,,False,MS7,842,2.44499729154586,-1.890744627235108,3.0907809694452664,0.4139011808438226,0.7832637360404319,0.7968526536254265,0.0135889175849945,ok,,False,MS7,842,4096,2048,-3.2226621511713347,-0.416748637647288,3.2494970022409815,True,64,T4_A0_L1,47,1,0.0212765957446808,47.0,2026-04-02 13:40:45+00:00,-46.586524242,-23.520806306,4,0,1,phisat_PHISAT-2_L1_000004909_20260402134045_20260402134048_F813E283.zip
4952,0,PAN,625,-1.0268682280780013,-0.8922236201437954,1.3603386880400608,0.5838037580251694,0.987637309392255,0.987770164884494,0.000132855492239,ok,,False,PAN,625,-1.1710425283977202,-0.6746003152456979,1.3514533616243367,0.996553719509393,0.9879971290568678,0.9881611315215246,0.0001640024646568,ok,,False,PAN,625,4096,2048,0.1441743003197189,-0.21762330489809756,0.2610481405937434,True,65,T4_A0_L0,9,1,0.1111111111111111,9.0,2026-04-04 16:04:21+00:00,-92.973802318,-60.643986534,4,0,0,phisat_PHISAT-2_L1_000004952_20260404160421_20260404160430_1798EA5D.zip
4952,1,MS1,490,0.8564210136848942,1.953511326167245,2.132994011746112,0.4602437177672982,0.9983922035624334,0.9983819545404684,-1.0249021965003102e-05,ok,,False,MS1,490,0.0314902521222393,1.916506257240826,1.91676494908008,1.076632335782051,0.9987923914362232,0.9988199862334776,2.7594797254337777e-05,ok,,False,MS1,490,4096,2048,0.8249307615626549,0.03700506892641897,0.8257603384145976,True,65,T4_A0_L0,9,1,0.1111111111111111,9.0,2026-04-04 16:04:21+00:00,-92.973802318,-60.643986534,4,0,0,phisat_PHISAT-2_L1_000004952_20260404160421_20260404160430_1798EA5D.zip
4952,2,MS2,560,-0.965420455092044,1.0455119071641548,1.4230712572222648,0.5262459255754948,0.9984961745105804,0.998707343984271,0.0002111694736905,ok,,False,MS2,560,-0.6430233404093997,1.360471225390711,1.5047793763297546,1.045316816540435,0.9989561448933286,0.999161313427728,0.0002051685343994,ok,,False,MS2,560,4096,2048,-0.3223971146826443,-0.3149593182265562,0.45070974217719234,True,65,T4_A0_L0,9,1,0.1111111111111111,9.0,2026-04-04 16:04:21+00:00,-92.973802318,-60.643986534,4,0,0,phisat_PHISAT-2_L1_000004952_20260404160421_20260404160430_1798EA5D.zip
4952,4,MS4,705,0.0570927155929439,-1.0475187283755076,1.04907343140088,0.4517849506810307,0.9971812841561164,0.9972341030391166,5.281888300034954e-05,ok,,False,MS4,705,0.1682138559856412,-1.415776030660254,1.4257340812148886,0.9723253077827394,0.9978496527810172,0.9978611359094178,1.1483128400713303e-05,ok,,False,MS4,705,4096,2048,-0.1111211403926973,0.3682573022847464,0.38465744309477834,True,65,T4_A0_L0,9,1,0.1111111111111111,9.0,2026-04-04 16:04:21+00:00,-92.973802318,-60.643986534,4,0,0,phisat_PHISAT-2_L1_000004952_20260404160421_20260404160430_1798EA5D.zip
4952,5,MS5,740,1.004854554769281,-1.063582446590317,1.463195235413106,0.4179978724569082,0.996213947873596,0.9962889521082644,7.500423466844097e-05,ok,,False,MS5,740,0.6831425447637685,-1.558839877000537,1.701959311673862,0.9114374942146242,0.9969687198988793,0.9970459385959816,7.721869710242135e-05,ok,,False,MS5,740,4096,2048,0.32171201000551264,0.49525743041021997,0.5905747537427595,True,65,T4_A0_L0,9,1,0.1111111111111111,9.0,2026-04-04 16:04:21+00:00,-92.973802318,-60.643986534,4,0,0,phisat_PHISAT-2_L1_000004952_20260404160421_20260404160430_1798EA5D.zip
4952,6,MS6,783,0.0830050917115841,-2.9421574622970184,2.94332811256239,0.3932615267112851,0.9956792444548516,0.9956411519476764,-3.8092507175235824e-05,ok,,False,MS6,783,0.2887677521755449,-2.398747528218337,2.416066331628769,0.8918418008834124,0.996482189957234,0.9966047928193456,0.0001226028621115,ok,,False,MS6,783,4096,2048,-0.2057626604639608,-0.5434099340786815,0.5810616394984307,True,65,T4_A0_L0,9,1,0.1111111111111111,9.0,2026-04-04 16:04:21+00:00,-92.973802318,-60.643986534,4,0,0,phisat_PHISAT-2_L1_000004952_20260404160421_20260404160430_1798EA5D.zip
4952,7,MS7,842,0.0042064447891334,-0.8567781796209601,0.8567885055557003,0.4877579566091299,0.9980491727621202,0.9980677284610794,1.8555698959144e-05,ok,,False,MS7,842,0.0438107429999945,-0.360556738698051,0.3632086769651659,1.0159407770261168,0.9986391935529308,0.998681902564592,4.270901166114616e-05,ok,,False,MS7,842,4096,2048,-0.039604298210861096,-0.49622144092290915,0.49779937612293473,True,65,T4_A0_L0,9,1,0.1111111111111111,9.0,2026-04-04 16:04:21+00:00,-92.973802318,-60.643986534,4,0,0,phisat_PHISAT-2_L1_000004952_20260404160421_20260404160430_1798EA5D.zip
4993,0,PAN,625,-935.1734856773278,-1821.1426692209943,2047.2200834231887,0.0062502126311301,0.405876148638865,0.25389133339613,-0.1519848152427349,ok,,True,PAN,625,63.002397003010856,-1810.423775886964,1811.5196798061395,0.0163671990449074,0.4213677697492247,0.4278415851843013,0.0064738154350765,ok,,True,PAN,625,4096,2048,-998.1758826803386,-10.718893334030327,998.2334333406087,True,66,T4_A2_L3,88,1,0.0113636363636363,88.0,2026-04-09 03:55:39+00:00,109.614096104,40.757355738,4,2,3,phisat_PHISAT-2_L1_000004993_20260409035539_20260409035544_7887381F.zip
4993,1,MS1,490,654.7262947870063,1898.9806181629383,2008.6796432592275,0.0060096506495028,0.4186853847516442,0.1789972981853583,-0.2396880865662858,ok,,True,MS1,490,589.2577391892439,1785.4152665844713,1880.141579069863,0.0552902378258295,0.4314733653181175,0.211199313254588,-0.2202740520635294,ok,,True,MS1,490,4096,2048,65.46855559776236,113.56535157846702,131.08478497216265,True,66,T4_A2_L3,88,1,0.0113636363636363,88.0,2026-04-09 03:55:39+00:00,109.614096104,40.757355738,4,2,3,phisat_PHISAT-2_L1_000004993_20260409035539_20260409035544_7887381F.zip
4993,2,MS2,560,42.042507655610734,-84.9381373067572,94.77372852807694,0.1104762475006282,0.6052617863613061,0.6837200124829966,0.0784582261216905,ok,,True,MS2,560,41.89576253318501,-85.00198137388634,94.76598417007838,0.1557204490964068,0.6103681597003173,0.6894302707705497,0.0790621110702324,ok,,True,MS2,560,4096,2048,0.14674512242572746,0.06384406712913915,0.16003185890106933,True,66,T4_A2_L3,88,1,0.0113636363636363,88.0,2026-04-09 03:55:39+00:00,109.614096104,40.757355738,4,2,3,phisat_PHISAT-2_L1_000004993_20260409035539_20260409035544_7887381F.zip
4993,4,MS4,705,43.89616427700366,-85.62816410614732,96.22398727148544,0.0332310013145615,0.3632161610284808,0.4306470006655468,0.067430839637066,ok,,True,MS4,705,43.79983115408936,-85.27576725728522,95.86647845021436,0.0512705046421615,0.3661503863545477,0.4340128856012631,0.0678624992467154,ok,,True,MS4,705,4096,2048,0.0963331229143023,-0.35239684886209943,0.36532671632165015,True,66,T4_A2_L3,88,1,0.0113636363636363,88.0,2026-04-09 03:55:39+00:00,109.614096104,40.757355738,4,2,3,phisat_PHISAT-2_L1_000004993_20260409035539_20260409035544_7887381F.zip
4993,5,MS5,740,43.78134284257453,-84.83468396915305,95.46585559897908,0.0313810563820879,0.3568127420868358,0.4236888949365555,0.0668761528497197,ok,,True,MS5,740,43.58974071758462,-84.66414515583438,95.22648250772708,0.0505334356857929,0.3596805230993669,0.4270352652995096,0.0673547422001427,ok,,True,MS5,740,4096,2048,0.19160212498991314,-0.1705388133186716,0.2565050899081557,True,66,T4_A2_L3,88,1,0.0113636363636363,88.0,2026-04-09 03:55:39+00:00,109.614096104,40.757355738,4,2,3,phisat_PHISAT-2_L1_000004993_20260409035539_20260409035544_7887381F.zip
4993,6,MS6,783,-1191.9009095660572,-104.49804795159024,1196.4729918598612,0.0029920650540589,0.3531823700948461,0.0818760259456511,-0.271306344149195,ok,,True,MS6,783,45.215708804104,-84.12259228297626,95.50429757380232,0.0494296060642227,0.3560471427088312,0.4236573272195234,0.0676101845106922,ok,,True,MS6,783,4096,2048,-1237.1166183701612,-20.37545566861398,1237.284400063836,True,66,T4_A2_L3,88,1,0.0113636363636363,88.0,2026-04-09 03:55:39+00:00,109.614096104,40.757355738,4,2,3,phisat_PHISAT-2_L1_000004993_20260409035539_20260409035544_7887381F.zip
4993,7,MS7,842,42.28352783952914,-84.97892252617703,94.9174062027942,0.0366585358278825,0.3670309150243149,0.4369956795914825,0.0699647645671676,ok,,True,MS7,842,42.832599732571,-84.93210776277238,95.12147249111432,0.050187191212899,0.3699936261547237,0.4407757448114986,0.0707821186567748,ok,,True,MS7,842,4096,2048,-0.5490718930418552,-0.046814763404654514,0.5510640305819282,True,66,T4_A2_L3,88,1,0.0113636363636363,88.0,2026-04-09 03:55:39+00:00,109.614096104,40.757355738,4,2,3,phisat_PHISAT-2_L1_000004993_20260409035539_20260409035544_7887381F.zip
5142,0,PAN,625,0.0854651498248131,0.1012211154700253,0.1324764358351097,0.8425589553662576,0.9193152549274716,0.9194599175751644,0.0001446626476929,ok,,False,PAN,625,0.0087557526317141,0.5741736392283201,0.5742403949469602,0.7057344052009284,0.9196873880041264,0.9200546641388486,0.0003672761347222,ok,,False,PAN,625,4096,2048,0.076709397193099,-0.4729525237582948,0.47913298920766145,True,67,T4_A1_L1,60,1,0.0166666666666666,60.0,2026-04-20 13:15:19+00:00,-38.875267818,-13.336035308,4,1,1,phisat_PHISAT-2_L1_000005142_20260420131519_20260420131522_E41D625F.zip
5142,1,MS1,490,0.8483081198291984,-0.0533270749670009,0.849982613406113,0.4906087326817214,0.974270403332324,0.9744056973521688,0.0001352940198448,ok,,False,MS1,490,0.4031129269828852,0.5974508456697549,0.7207270946011495,0.9141613284300548,0.9747661190645152,0.9745012129631392,-0.0002649061013759,ok,,False,MS1,490,4096,2048,0.4451951928463132,-0.6507779206367559,0.7884863104212817,True,67,T4_A1_L1,60,1,0.0166666666666666,60.0,2026-04-20 13:15:19+00:00,-38.875267818,-13.336035308,4,1,1,phisat_PHISAT-2_L1_000005142_20260420131519_20260420131522_E41D625F.zip
5142,2,MS2,560,0.1483808526336361,0.2376423987766429,0.2801620729588532,0.7916578450240195,0.9896399797869166,0.9896446784272492,4.698640332478909e-06,ok,,False,MS2,560,0.3469125838396394,-0.1027245882887655,0.3618019926221955,0.9243281128219678,0.990055860850358,0.9901257982060871,6.993735572913273e-05,ok,,False,MS2,560,4096,2048,-0.19853173120600331,0.3403669870654084,0.39403620922402127,True,67,T4_A1_L1,60,1,0.0166666666666666,60.0,2026-04-20 13:15:19+00:00,-38.875267818,-13.336035308,4,1,1,phisat_PHISAT-2_L1_000005142_20260420131519_20260420131522_E41D625F.zip
5142,4,MS4,705,-0.0505208803283494,-2.1251266441900043,2.1257270787181075,0.6758152805268764,0.9749632382445382,0.973492614444084,-0.0014706238004542,ok,,False,MS4,705,0.185757215203921,-1.0077180235052765,1.0246957391819764,0.800474232295528,0.975797899116618,0.9759573831838512,0.0001594840672332,ok,,False,MS4,705,4096,2048,-0.2362780955322704,-1.1174086206847278,1.1421161779823026,True,67,T4_A1_L1,60,1,0.0166666666666666,60.0,2026-04-20 13:15:19+00:00,-38.875267818,-13.336035308,4,1,1,phisat_PHISAT-2_L1_000005142_20260420131519_20260420131522_E41D625F.zip
5142,5,MS5,740,0.3652546815346795,-5.385410882430278,5.397783003695264,0.3620718106103595,0.8562772311342325,0.8542480774695477,-0.0020291536646848,ok,,False,MS5,740,0.630023304918268,-4.279975072397519,4.326097084565289,0.4698028102866374,0.857169587072376,0.8569838813107351,-0.0001857057616408,ok,,False,MS5,740,4096,2048,-0.2647686233835885,-1.105435810032759,1.1367016996693646,True,67,T4_A1_L1,60,1,0.0166666666666666,60.0,2026-04-20 13:15:19+00:00,-38.875267818,-13.336035308,4,1,1,phisat_PHISAT-2_L1_000005142_20260420131519_20260420131522_E41D625F.zip
5142,6,MS6,783,0.6533793378218888,-6.369986950563543,6.4034083353665965,0.2685329439118504,0.7884332784008043,0.7843975615027444,-0.0040357168980599,ok,,False,MS6,783,0.2378158521908062,-4.541583622738472,4.547805864576844,0.3897949043894186,0.789273375658405,0.7884911856492158,-0.0007821900091892,ok,,False,MS6,783,4096,2048,0.41556348563108264,-1.8284033278250718,1.8750337969731776,True,67,T4_A1_L1,60,1,0.0166666666666666,60.0,2026-04-20 13:15:19+00:00,-38.875267818,-13.336035308,4,1,1,phisat_PHISAT-2_L1_000005142_20260420131519_20260420131522_E41D625F.zip
5142,7,MS7,842,0.2784380422294816,-1.9130662585102984,1.9332227633698031,0.4322975202812813,0.8001623004659822,0.8004978305914644,0.0003355301254821,ok,,False,MS7,842,0.610521721565874,-1.0952882731212412,1.2539510252560382,0.6231638849712908,0.8009047769702441,0.8015551333416595,0.0006503563714154,ok,,False,MS7,842,4096,2048,-0.33208367933639243,-0.8177779853890572,0.8826326548845681,True,67,T4_A1_L1,60,1,0.0166666666666666,60.0,2026-04-20 13:15:19+00:00,-38.875267818,-13.336035308,4,1,1,phisat_PHISAT-2_L1_000005142_20260420131519_20260420131522_E41D625F.zip
5185,0,PAN,625,0.7536473333473168,1.5821588754272398,1.7524870927212872,0.228487000480527,0.74559146615591,0.7446497763641344,-0.0009416897917755,ok,,False,PAN,625,-0.8146208104603829,0.3650572114627266,0.8926778996234157,0.5183152517129201,0.747150733565588,0.7486615767268653,0.0015108431612772,ok,,False,PAN,625,4096,2048,1.5682681438076997,1.2171016639645131,1.9851451914928628,True,68,T4_A1_L3,65,1,0.0153846153846153,65.0,2026-04-25 04:33:08+00:00,96.41045268,16.368637402,4,1,3,phisat_PHISAT-2_L1_000005185_20260425043308_20260425043311_A67963B8.zip
5185,1,MS1,490,-0.1044303928815679,-0.9495327099007228,0.9552581191116926,0.6942697814083658,0.986859227254343,0.9881057626879858,0.0012465354336427,ok,,False,MS1,490,-1.2429248594503406,-1.2339917032263656,1.751455888645545,0.999894394481089,0.987964030557304,0.9897369968307752,0.0017729662734714,ok,,False,MS1,490,4096,2048,1.1384944665687726,0.28445899332564284,1.1734933188099335,True,68,T4_A1_L3,65,1,0.0153846153846153,65.0,2026-04-25 04:33:08+00:00,96.41045268,16.368637402,4,1,3,phisat_PHISAT-2_L1_000005185_20260425043308_20260425043311_A67963B8.zip
5185,2,MS2,560,-0.639554275438968,-0.2153818008496273,0.6748473837613153,0.5858317027741577,0.9515836318451476,0.9521196357523484,0.0005360039072007,ok,,False,MS2,560,-0.9257078369905684,-0.3931886667796789,1.005749634426848,0.5927053412888199,0.9522287135420516,0.952659747032791,0.0004310334907393,ok,,False,MS2,560,4096,2048,0.2861535615516003,0.1778068659300516,0.3368963377072135,True,68,T4_A1_L3,65,1,0.0153846153846153,65.0,2026-04-25 04:33:08+00:00,96.41045268,16.368637402,4,1,3,phisat_PHISAT-2_L1_000005185_20260425043308_20260425043311_A67963B8.zip
5185,4,MS4,705,-1.3720556969565223,0.4651262362347097,1.448750927932305,0.1889640006120316,0.8197802274024473,0.8205531596626264,0.0007729322601791,ok,,False,MS4,705,-0.4345717985311239,1.3439429804877818,1.4124572145311014,0.2958896907512098,0.8211645490673672,0.8225115588525385,0.0013470097851712,ok,,False,MS4,705,4096,2048,-0.9374838984253984,-0.8788167442530721,1.284988299474533,True,68,T4_A1_L3,65,1,0.0153846153846153,65.0,2026-04-25 04:33:08+00:00,96.41045268,16.368637402,4,1,3,phisat_PHISAT-2_L1_000005185_20260425043308_20260425043311_A67963B8.zip
5185,5,MS5,740,-0.9083641323418306,1.0275070462748772,1.3714576650664976,0.15185515632038,0.7728343415883268,0.7731786121801201,0.0003442705917933,ok,,False,MS5,740,-0.2368289161627217,1.3740915682494688,1.394351309199046,0.2104777660933905,0.7744217909425686,0.7756927488070773,0.0012709578645087,ok,,False,MS5,740,4096,2048,-0.6715352161791088,-0.34658452197459155,0.7556986022489909,True,68,T4_A1_L3,65,1,0.0153846153846153,65.0,2026-04-25 04:33:08+00:00,96.41045268,16.368637402,4,1,3,phisat_PHISAT-2_L1_000005185_20260425043308_20260425043311_A67963B8.zip
5185,6,MS6,783,-0.7919079134753702,1.468949462358978,1.6688111536029608,0.1069912883103825,0.7646798410612733,0.7664430092132302,0.0017631681519568,ok,,False,MS6,783,0.2827848877998349,2.499100350038816,2.5150486779249617,0.1996995653316844,0.7665646623113536,0.768600314847783,0.0020356525364294,ok,,False,MS6,783,4096,2048,-1.074692801275205,-1.030150887679838,1.4886824606007507,True,68,T4_A1_L3,65,1,0.0153846153846153,65.0,2026-04-25 04:33:08+00:00,96.41045268,16.368637402,4,1,3,phisat_PHISAT-2_L1_000005185_20260425043308_20260425043311_A67963B8.zip
5185,7,MS7,842,-0.889871797834985,0.2813979274881149,0.9333041359474814,0.3132391551043838,0.8410029344761851,0.8415061058446098,0.0005031713684247,ok,,False,MS7,842,-0.2185373490374331,0.7948017574374262,0.82429873622973,0.3701259203371592,0.8423922001702581,0.8433129091878357,0.0009207090175776,ok,,False,MS7,842,4096,2048,-0.6713344487975519,-0.5134038299493113,0.8451469900253649,True,68,T4_A1_L3,65,1,0.0153846153846153,65.0,2026-04-25 04:33:08+00:00,96.41045268,16.368637402,4,1,3,phisat_PHISAT-2_L1_000005185_20260425043308_20260425043311_A67963B8.zip
5287,0,PAN,625,0.3733673913195616,0.0293733143039389,0.3745210281065306,0.9373928101849742,0.9640338380302697,0.9643779823773097,0.0003441443470401,ok,,False,PAN,625,0.3088906605598822,0.0622276821418381,0.3150963735206517,0.792538366978988,0.965007983208464,0.9651089875997076,0.0001010043912434,ok,,False,PAN,625,4096,2048,0.06447673075967941,-0.032854367837899204,0.07236475865698838,True,69,T4_A0_L2,18,1,0.0555555555555555,18.0,2026-05-05 09:32:04+00:00,15.116727644,-23.588382534,4,0,2,phisat_PHISAT-2_L1_000005287_20260505093204_20260505093209_79E8C983.zip
5287,1,MS1,490,0.2329623660386914,0.376863519273229,0.4430548229613901,0.6089447975391522,0.86376403793819,0.8646517046294965,0.0008876666913064,ok,,False,MS1,490,0.0313946443284294,1.787261918025024,1.787537632419244,0.8783453879877925,0.8651946613089158,0.8653090894816176,0.0001144281727017,ok,,False,MS1,490,4096,2048,0.201567721710262,-1.410398398751795,1.4247291636086814,True,69,T4_A0_L2,18,1,0.0555555555555555,18.0,2026-05-05 09:32:04+00:00,15.116727644,-23.588382534,4,0,2,phisat_PHISAT-2_L1_000005287_20260505093204_20260505093209_79E8C983.zip
5287,2,MS2,560,-0.1176942441807114,0.4507344594917413,0.4658470651260788,0.8979178745066747,0.9313458777183592,0.9319355825592828,0.0005897048409236,ok,,False,MS2,560,-0.5814598005295011,0.5783920444055184,0.8201419734798374,0.8988891090266407,0.9326170971720036,0.9321963676188292,-0.0004207295531746,ok,,False,MS2,560,4096,2048,0.4637655563487897,-0.1276575849137771,0.48101450107197463,True,69,T4_A0_L2,18,1,0.0555555555555555,18.0,2026-05-05 09:32:04+00:00,15.116727644,-23.588382534,4,0,2,phisat_PHISAT-2_L1_000005287_20260505093204_20260505093209_79E8C983.zip
5287,4,MS4,705,1.0090277128153955,-0.2033141541501208,1.02930732558709,0.802427380142035,0.983862146649268,0.987408895841106,0.003546749191838,ok,,False,MS4,705,1.3912161633811593,-0.3078063538478091,1.4248604018366413,0.891991129348753,0.9861808651054674,0.9898782339991316,0.0036973688936641,ok,,False,MS4,705,4096,2048,-0.3821884505657638,0.10449219969768828,0.3962153852938081,True,69,T4_A0_L2,18,1,0.0555555555555555,18.0,2026-05-05 09:32:04+00:00,15.116727644,-23.588382534,4,0,2,phisat_PHISAT-2_L1_000005287_20260505093204_20260505093209_79E8C983.zip
5287,5,MS5,740,0.1318717948122412,0.0682649546604352,0.1484933476684835,0.860998525575269,0.9724794289633908,0.9733388883661386,0.0008594594027477,ok,,False,MS5,740,0.5849103190507776,-0.0127263534059238,0.5850487513046199,0.9048515006434172,0.9749253238772716,0.9754703958555672,0.0005450719782956,ok,,False,MS5,740,4096,2048,-0.4530385242385364,0.080991308066359,0.4602211386133092,True,69,T4_A0_L2,18,1,0.0555555555555555,18.0,2026-05-05 09:32:04+00:00,15.116727644,-23.588382534,4,0,2,phisat_PHISAT-2_L1_000005287_20260505093204_20260505093209_79E8C983.zip
5287,6,MS6,783,0.8764032611450148,-0.766041697395849,1.1640028171335026,0.8135457547614351,0.957469175087459,0.9596863552834712,0.0022171801960122,ok,,False,MS6,783,1.0435468865339317,-0.8333756717743199,1.33547935764652,0.8836834391695447,0.9603747273048632,0.9626848949703122,0.0023101676654488,ok,,False,MS6,783,4096,2048,-0.16714362538891692,0.06733397437847088,0.18019671365968684,True,69,T4_A0_L2,18,1,0.0555555555555555,18.0,2026-05-05 09:32:04+00:00,15.116727644,-23.588382534,4,0,2,phisat_PHISAT-2_L1_000005287_20260505093204_20260505093209_79E8C983.zip
5287,7,MS7,842,0.9854529263307086,-0.2458001311279076,1.0156452010797143,0.7888507020543329,0.9551718057391614,0.9588084953910988,0.0036366896519373,ok,,False,MS7,842,1.4260214657256256,-0.2257553951717454,1.4437807032785182,0.8621215901221149,0.957771899244446,0.9619443190480496,0.0041724198036037,ok,,False,MS7,842,4096,2048,-0.440568539394917,-0.020044735956162213,0.44102429563927975,True,69,T4_A0_L2,18,1,0.0555555555555555,18.0,2026-05-05 09:32:04+00:00,15.116727644,-23.588382534,4,0,2,phisat_PHISAT-2_L1_000005287_20260505093204_20260505093209_79E8C983.zip
5326,0,PAN,625,0.0863444752078521,0.1121740955788936,0.1415570419225485,1.0222988983150572,0.9871506606397372,0.9873835353582208,0.0002328747184833,ok,,False,PAN,625,-0.273457340348159,0.3118605611318799,0.4147721381430772,0.928238250897266,0.988047537428646,0.9880475752528888,3.782424295994957e-08,ok,,False,PAN,625,4096,2048,0.3598018155560111,-0.19968646555298628,0.4114997339032503,True,70,T5_A0_L3,75,1,0.0133333333333333,75.0,2026-05-10 00:59:44+00:00,142.49408014,-35.602871138,5,0,3,phisat_PHISAT-2_L1_000005326_20260510005944_20260510005947_3CDF6709.zip
5326,1,MS1,490,0.1635661841062301,-0.6742808628237071,0.6938361323492429,0.5974327493458986,0.8929002183328096,0.8921117046711209,-0.0007885136616887,ok,,False,MS1,490,-1.1166033638983208,0.73691334148225,1.3378506438028055,0.9014861632604152,0.8946459448787876,0.8932534938306403,-0.0013924510481472,ok,,False,MS1,490,4096,2048,1.280169548004551,-1.411194204305957,1.9053354439323538,True,70,T5_A0_L3,75,1,0.0133333333333333,75.0,2026-05-10 00:59:44+00:00,142.49408014,-35.602871138,5,0,3,phisat_PHISAT-2_L1_000005326_20260510005944_20260510005947_3CDF6709.zip
5326,2,MS2,560,0.1443978150919065,0.0938086113744702,0.1721940317529118,1.0013801818713546,0.9627679707314644,0.962737345816523,-3.062491494132402e-05,ok,,False,MS2,560,-0.5516720131486181,0.1276027230001091,0.5662371102360668,0.8912640979397111,0.9642993092398402,0.963869662507518,-0.0004296467323221,ok,,False,MS2,560,4096,2048,0.6960698282405247,-0.033794111625638903,0.6968896955525743,True,70,T5_A0_L3,75,1,0.0133333333333333,75.0,2026-05-10 00:59:44+00:00,142.49408014,-35.602871138,5,0,3,phisat_PHISAT-2_L1_000005326_20260510005944_20260510005947_3CDF6709.zip
5326,4,MS4,705,-0.9028800706291804,0.2480046112432319,0.9363219046552635,0.8878288111591246,0.9710323611494676,0.9751551629988032,0.0041228018493354,ok,,False,MS4,705,-0.903257244820452,0.5311403240812069,1.0478471711970805,0.9233125715691132,0.973835786339778,0.9788456722898038,0.0050098859500258,ok,,False,MS4,705,4096,2048,0.0003771741912715898,-0.283135712837975,0.2831359640608003,True,70,T5_A0_L3,75,1,0.0133333333333333,75.0,2026-05-10 00:59:44+00:00,142.49408014,-35.602871138,5,0,3,phisat_PHISAT-2_L1_000005326_20260510005944_20260510005947_3CDF6709.zip
5326,5,MS5,740,-0.9726746867495422,-1.6830849187749664,1.9439318120888536,0.6984703118214384,0.9223148336535252,0.9169738526227912,-0.0053409810307339,ok,,False,MS5,740,-0.7528968301589885,-0.9361784501656985,1.201367440635088,0.8244420292321593,0.9253310459795072,0.9248798681814112,-0.0004511777980961,ok,,False,MS5,740,4096,2048,-0.2197778565905537,-0.7469064686092679,0.7785702146228721,True,70,T5_A0_L3,75,1,0.0133333333333333,75.0,2026-05-10 00:59:44+00:00,142.49408014,-35.602871138,5,0,3,phisat_PHISAT-2_L1_000005326_20260510005944_20260510005947_3CDF6709.zip
5326,6,MS6,783,-1.111740559745158,-2.6135015977934017,2.840133390151093,0.5496789950411767,0.8976715414160316,0.8894134623398071,-0.0082580790762244,ok,,False,MS6,783,-0.7964572778710135,-1.575624505034284,1.7654848558790408,0.7794795217341743,0.9009206709610226,0.8996369575075749,-0.0012837134534476,ok,,False,MS6,783,4096,2048,-0.31528328187414445,-1.0378770927591177,1.0847084435475964,True,70,T5_A0_L3,75,1,0.0133333333333333,75.0,2026-05-10 00:59:44+00:00,142.49408014,-35.602871138,5,0,3,phisat_PHISAT-2_L1_000005326_20260510005944_20260510005947_3CDF6709.zip
5326,7,MS7,842,-0.737793544933993,-1.0202232236501914,1.259045170365804,0.7903431990125682,0.9150381901210444,0.915042370240166,4.180119121732773e-06,ok,,False,MS7,842,-0.3292254258722096,-0.5662944828977743,0.6550410845139374,0.8086083686212078,0.9173265215071515,0.9184091295087152,0.0010826080015637,ok,,False,MS7,842,4096,2048,-0.40856811906178336,-0.45392874075241707,0.6107202384027883,True,70,T5_A0_L3,75,1,0.0133333333333333,75.0,2026-05-10 00:59:44+00:00,142.49408014,-35.602871138,5,0,3,phisat_PHISAT-2_L1_000005326_20260510005944_20260510005947_3CDF6709.zip
5481,0,PAN,625,,,,,,,,failed,ValueError: Registration image has near-zero variance.,False,PAN,625,,,,,,,,failed,ValueError: Registration image has near-zero variance.,False,PAN,625,4096,2048,,,,False,71,T5_A0_L0,19,1,0.0526315789473684,19.0,2026-05-21 05:43:24+00:00,-97.064453558,-48.349206549,5,0,0,phisat_PHISAT-2_L1_000005481_20260521054324_20260521054335_D4DAE676.zip
5481,1,MS1,490,-903.6674827293856,-423.5174499018153,997.9889527012816,-0.0012492168170865,0.0029507636753876,0.0043192385355905,0.0013684748602029,ok,,True,MS1,490,-1198.6197090695778,-611.9010558842028,1345.7756533546897,0.0013803536712657,0.00585716382993,0.0165574459666594,0.0107002821367294,ok,,True,MS1,490,4096,2048,294.95222634019217,188.3836059823875,349.97885482692146,True,71,T5_A0_L0,19,1,0.0526315789473684,19.0,2026-05-21 05:43:24+00:00,-97.064453558,-48.349206549,5,0,0,phisat_PHISAT-2_L1_000005481_20260521054324_20260521054335_D4DAE676.zip
5481,2,MS2,560,-530.2287066141303,-55.60808839844549,533.1366999307239,0.0011706039695127,0.293534878668085,0.3439321314665702,0.0503972527984851,ok,,True,MS2,560,87.99967002938524,-314.1103523596548,326.2043153987807,0.0072070588576025,0.3562757042544572,0.5945843367859904,0.2383086325315332,ok,,True,MS2,560,4096,2048,-618.2283766435155,258.50226396120934,670.0968184974073,True,71,T5_A0_L0,19,1,0.0526315789473684,19.0,2026-05-21 05:43:24+00:00,-97.064453558,-48.349206549,5,0,0,phisat_PHISAT-2_L1_000005481_20260521054324_20260521054335_D4DAE676.zip
5481,4,MS4,705,-110.13744324444453,396.4913664346,411.5041434318729,0.0030605603278672,0.4268761837393606,0.6180035893910429,0.1911274056516823,ok,,True,MS4,705,292.8647123430071,405.898503452622,500.5230612477616,0.0032557374797761,0.4984518212899185,0.7229987580759389,0.2245469367860204,ok,,True,MS4,705,4096,2048,-403.0021555874516,-9.407137018021956,403.11193437432286,True,71,T5_A0_L0,19,1,0.0526315789473684,19.0,2026-05-21 05:43:24+00:00,-97.064453558,-48.349206549,5,0,0,phisat_PHISAT-2_L1_000005481_20260521054324_20260521054335_D4DAE676.zip
5481,5,MS5,740,-109.7598303581376,-23.51653546172838,112.25082538836796,0.0011311202033539,0.3666326142051911,0.4227050012791095,0.0560723870739183,ok,,True,MS5,740,-29.34665458310519,-52.447456231845536,60.09959900374912,0.0022298492112895,0.4413009920351318,0.4417470711244678,0.000446079089336,ok,,False,MS5,740,4096,2048,-80.41317577503241,28.930920770117154,85.45921258023067,True,71,T5_A0_L0,19,1,0.0526315789473684,19.0,2026-05-21 05:43:24+00:00,-97.064453558,-48.349206549,5,0,0,phisat_PHISAT-2_L1_000005481_20260521054324_20260521054335_D4DAE676.zip
5481,6,MS6,783,-360.5925239641893,-68.40222199506479,367.02293158973936,0.0032251837619696,0.2588845062144483,0.2860091711426005,0.0271246649281521,ok,,True,MS6,783,251.3452274782505,-37.04928486327299,254.06115973318995,0.0003079502057516,0.3163160826530739,0.2865102942515322,-0.0298057884015417,ok,,True,MS6,783,4096,2048,-611.9377514424398,-31.352937131791805,612.7404167404165,True,71,T5_A0_L0,19,1,0.0526315789473684,19.0,2026-05-21 05:43:24+00:00,-97.064453558,-48.349206549,5,0,0,phisat_PHISAT-2_L1_000005481_20260521054324_20260521054335_D4DAE676.zip
5481,7,MS7,842,483.5506183532007,118.90075984878716,497.9544067506399,0.0007150175442802,0.3773412214994182,0.3448252204623072,-0.032516001037111,ok,,True,MS7,842,27.14640477064995,-28.23296497326737,39.166664437423165,0.0073278877389384,0.4741168838543189,0.5151886955838483,0.0410718117295293,ok,,False,MS7,842,4096,2048,456.40421358255077,147.13372482205455,479.53429403528446,True,71,T5_A0_L0,19,1,0.0526315789473684,19.0,2026-05-21 05:43:24+00:00,-97.064453558,-48.349206549,5,0,0,phisat_PHISAT-2_L1_000005481_20260521054324_20260521054335_D4DAE676.zip
5492,0,PAN,625,-10.606878781343768,1771.7092243530185,1771.7409747293918,-0.0010552898766036,0.2456165092996905,0.2550076059400009,0.0093910966403104,ok,,True,PAN,625,-19.4915068872333,1849.5088951614537,1849.611600342644,-0.0027656872989609,0.2542874726072685,0.2617294473228891,0.0074419747156206,ok,,True,PAN,625,4096,2048,8.884628105889531,-77.79967080843517,78.30533439351908,True,72,T5_A2_L1,337,5,0.0148367952522255,67.39999999999999,2026-05-21 18:55:01+00:00,-82.194410911,78.638824789,5,2,1,phisat_PHISAT-2_L1_000005492_20260521185501_20260521185510_10AEC99E.zip
5492,1,MS1,490,-246.66795552567737,1506.2594995403103,1526.3232816931818,0.0001566336723044,0.2450609472156119,0.2794963056563759,0.0344353584407639,ok,,True,MS1,490,-614.2957214428152,1180.0257514567536,1330.3458225153431,-0.0004592245531966,0.2515139954322178,0.2764537521748612,0.0249397567426433,ok,,True,MS1,490,4096,2048,367.6277659171378,326.23374808355675,491.5064930007247,True,72,T5_A2_L1,337,5,0.0148367952522255,67.39999999999999,2026-05-21 18:55:01+00:00,-82.194410911,78.638824789,5,2,1,phisat_PHISAT-2_L1_000005492_20260521185501_20260521185510_10AEC99E.zip
5492,2,MS2,560,0.0260406774648345,0.0266251974949227,0.0372426908865509,0.4606773843988776,0.9797715458841432,0.9801267539193574,0.0003552080352142,ok,,False,MS2,560,0.0641434116189429,0.1002902584814364,0.1190483649631127,1.01563301961869,0.9854472562589404,0.985667618622322,0.0002203623633816,ok,,False,MS2,560,4096,2048,-0.03810273415410839,-0.0736650609865137,0.08293587619459651,True,72,T5_A2_L1,337,5,0.0148367952522255,67.39999999999999,2026-05-21 18:55:01+00:00,-82.194410911,78.638824789,5,2,1,phisat_PHISAT-2_L1_000005492_20260521185501_20260521185510_10AEC99E.zip
5492,4,MS4,705,-0.0426371759481298,0.008109802597346,0.0434015860424444,0.4266034355387091,0.967473215254518,0.9681133202518588,0.0006401049973405,ok,,False,MS4,705,-0.1319933976574248,0.0299724868903012,0.1353536368020466,0.9642144292593002,0.9757708404058292,0.9762573460711128,0.0004865056652836,ok,,False,MS4,705,4096,2048,0.089356221709295,-0.021862684292955202,0.09199190900646705,True,72,T5_A2_L1,337,5,0.0148367952522255,67.39999999999999,2026-05-21 18:55:01+00:00,-82.194410911,78.638824789,5,2,1,phisat_PHISAT-2_L1_000005492_20260521185501_20260521185510_10AEC99E.zip
5492,5,MS5,740,-1.0745025918490685,-0.9812798289449348,1.4551515118999003,0.404839139431715,0.954521448291822,0.9564620320896868,0.0019405837978647,ok,,False,MS5,740,-1.6705239978200552,-1.3474287090175494,2.146209345142593,0.9118143687956036,0.9642267917808724,0.9670366645388786,0.0028098727580062,ok,,False,MS5,740,4096,2048,0.5960214059709867,0.3661488800726146,0.699504480867751,True,72,T5_A2_L1,337,5,0.0148367952522255,67.39999999999999,2026-05-21 18:55:01+00:00,-82.194410911,78.638824789,5,2,1,phisat_PHISAT-2_L1_000005492_20260521185501_20260521185510_10AEC99E.zip
5492,6,MS6,783,-0.9664951393187948,-1.0464036215071246,1.4244554726035077,0.4006814043968916,0.941170669923953,0.9425640574168662,0.0013933874929131,ok,,False,MS6,783,-0.5837656066223644,-1.44710099465874,1.560411347118923,0.8993533826433122,0.952168865962808,0.954958530095486,0.002789664132678,ok,,False,MS6,783,4096,2048,-0.3827295326964304,0.40069737315161547,0.5541121547562667,True,72,T5_A2_L1,337,5,0.0148367952522255,67.39999999999999,2026-05-21 18:55:01+00:00,-82.194410911,78.638824789,5,2,1,phisat_PHISAT-2_L1_000005492_20260521185501_20260521185510_10AEC99E.zip
5492,7,MS7,842,-0.867328233801345,-0.1096497356256804,0.87423185121096,0.4704184094443917,0.9400266746916274,0.9425176888429784,0.0024910141513508,ok,,False,MS7,842,-0.3246816314349416,-0.3113544050656855,0.4498441144941904,1.013285509776324,0.94786803882702,0.94937732573986,0.00150928691284,ok,,False,MS7,842,4096,2048,-0.5426466023664034,0.20170466944000512,0.5789215048119246,True,72,T5_A2_L1,337,5,0.0148367952522255,67.39999999999999,2026-05-21 18:55:01+00:00,-82.194410911,78.638824789,5,2,1,phisat_PHISAT-2_L1_000005492_20260521185501_20260521185510_10AEC99E.zip
5545,0,PAN,625,0.3345900928547962,0.4838747746407534,0.5882901731035638,0.2559968121349811,0.8589591245159254,0.8606305864071223,0.0016714618911969,ok,,False,PAN,625,1.0552660368282432,0.6026700365689521,1.2152356073869828,0.2803494850813877,0.8597834709056064,0.8642481639131836,0.0044646930075772,ok,,False,PAN,625,4096,2048,-0.7206759439734469,-0.11879526192819873,0.7304013489025114,True,73,T5_A2_L2,392,7,0.0178571428571428,56.0,2026-05-27 09:59:29+00:00,18.388574983,48.259143791,5,2,2,phisat_PHISAT-2_L1_000005545_20260527095929_20260527095932_BDC09FC3.zip
5545,1,MS1,490,-22.002528605619773,-1.0036624175700126,22.02540812992029,0.1375483149895444,0.9237546174378728,0.9104492508470992,-0.0133053665907737,ok,,False,MS1,490,-22.111706487285574,-0.7564843330646909,22.124643100534737,0.2585692199645564,0.9245100820320508,0.9111686341908276,-0.013341447841223,ok,,False,MS1,490,4096,2048,0.10917788166580067,-0.24717808450532175,0.2702162380478856,True,73,T5_A2_L2,392,7,0.0178571428571428,56.0,2026-05-27 09:59:29+00:00,18.388574983,48.259143791,5,2,2,phisat_PHISAT-2_L1_000005545_20260527095929_20260527095932_BDC09FC3.zip
5545,2,MS2,560,5.000046101861926,0.6883681230760885,5.0472083069368106,0.2201303361653117,0.9548431941046566,0.9439710474379416,-0.0108721466667149,ok,,False,MS2,560,3.977635279597735,0.3579264801755926,3.9937067722494897,0.3763944869861007,0.9556005488476088,0.947899255700426,-0.0077012931471828,ok,,False,MS2,560,4096,2048,1.0224108222641912,0.33044164290049594,1.074483861603197,True,73,T5_A2_L2,392,7,0.0178571428571428,56.0,2026-05-27 09:59:29+00:00,18.388574983,48.259143791,5,2,2,phisat_PHISAT-2_L1_000005545_20260527095929_20260527095932_BDC09FC3.zip
5545,4,MS4,705,-16.51555674109659,0.9014140155015866,16.540137898328528,0.1196758195728762,0.9386103820428592,0.9093922698198544,-0.0292181122230047,ok,,False,MS4,705,-14.963254586658875,1.6949596442382244,15.058946710204008,0.1827590077737113,0.939730128723244,0.9164033139494394,-0.0233268147738044,ok,,False,MS4,705,4096,2048,-1.5523021544377134,-0.7935456287366378,1.7433750725414747,True,73,T5_A2_L2,392,7,0.0178571428571428,56.0,2026-05-27 09:59:29+00:00,18.388574983,48.259143791,5,2,2,phisat_PHISAT-2_L1_000005545_20260527095929_20260527095932_BDC09FC3.zip
5545,5,MS5,740,2.1861990188053824,2.3323327227069512,3.1967549294926,0.0982098319218494,0.7724111816215097,0.7725786323372043,0.0001674507156945,ok,,False,MS5,740,2.119054795547754,3.1611685265927463,3.8057035722786514,0.2446489472640678,0.7736365170170787,0.7743076874253069,0.0006711704082281,ok,,False,MS5,740,4096,2048,0.06714422325762825,-0.828835803885795,0.8315510426425322,True,73,T5_A2_L2,392,7,0.0178571428571428,56.0,2026-05-27 09:59:29+00:00,18.388574983,48.259143791,5,2,2,phisat_PHISAT-2_L1_000005545_20260527095929_20260527095932_BDC09FC3.zip
5545,6,MS6,783,-29.14865728411587,60.79693154072447,67.4233721066692,0.093434357222577,0.5038984488590956,0.5865253332930374,0.0826268844339417,ok,,False,MS6,783,-29.17437004620024,62.36757652136157,68.85389218294429,0.2499486032756976,0.5050665348993518,0.5882881528862525,0.0832216179869006,ok,,False,MS6,783,4096,2048,0.02571276208437112,-1.5706449806370983,1.5708554361667144,True,73,T5_A2_L2,392,7,0.0178571428571428,56.0,2026-05-27 09:59:29+00:00,18.388574983,48.259143791,5,2,2,phisat_PHISAT-2_L1_000005545_20260527095929_20260527095932_BDC09FC3.zip
5545,7,MS7,842,-22.71540109798116,62.192239839744616,66.21075549581413,0.0470223653246648,0.5070541436445909,0.565703806552329,0.0586496629077381,ok,,False,MS7,842,-22.103840942671013,62.08884497848817,65.9060274571426,0.0737698004231788,0.5082374890463909,0.5655775964953594,0.0573401074489685,ok,,False,MS7,842,4096,2048,-0.6115601553101477,0.10339486125644726,0.6202389224300681,True,73,T5_A2_L2,392,7,0.0178571428571428,56.0,2026-05-27 09:59:29+00:00,18.388574983,48.259143791,5,2,2,phisat_PHISAT-2_L1_000005545_20260527095929_20260527095932_BDC09FC3.zip
5629,0,PAN,625,-259.29976126665633,-1721.3200455169572,1740.74095295407,0.0034218884557049,-0.1927359253724985,-0.3758685645799491,-0.1831326392074506,ok,,True,PAN,625,-232.02181146252724,1891.542433101249,1905.719522179732,0.0033297633344773,-0.1994001420863808,-0.3666503240610013,-0.1672501819746205,ok,,True,PAN,625,4096,2048,-27.277949804129094,-3612.8624786182063,3612.965454575065,True,74,T5_A2_L1,337,5,0.0148367952522255,67.39999999999999,2026-06-04 14:00:19+00:00,-30.410330372,67.883798559,5,2,1,phisat_PHISAT-2_L1_000005629_20260604140019_20260604140022_3E4B5E87.zip
5629,1,MS1,490,111.21612608208623,-101.242520407965,150.39639170958762,0.0539201290812343,-0.2661373034020128,-0.1357983444795653,0.1303389589224475,ok,,True,MS1,490,111.6391423024088,-101.70146300290116,151.01816338092567,0.1181450964068062,-0.2716246382778624,-0.1375712159752768,0.1340534223025855,ok,,True,MS1,490,4096,2048,-0.42301622032256603,0.4589425949361612,0.6241562529549207,True,74,T5_A2_L1,337,5,0.0148367952522255,67.39999999999999,2026-06-04 14:00:19+00:00,-30.410330372,67.883798559,5,2,1,phisat_PHISAT-2_L1_000005629_20260604140019_20260604140022_3E4B5E87.zip
5629,2,MS2,560,0.947600971934662,-0.9179222860225308,1.3192910691687203,0.5140357539057732,0.996885533579255,0.9970915295143856,0.0002059959351305,ok,,False,MS2,560,0.5733248269855267,-0.5309511012210351,0.7814156570774698,1.0404168218374252,0.997657831599762,0.9979267103348672,0.0002688787351051,ok,,False,MS2,560,4096,2048,0.3742761449491353,-0.3869711848014957,0.5383579947810374,True,74,T5_A2_L1,337,5,0.0148367952522255,67.39999999999999,2026-06-04 14:00:19+00:00,-30.410330372,67.883798559,5,2,1,phisat_PHISAT-2_L1_000005629_20260604140019_20260604140022_3E4B5E87.zip
5629,4,MS4,705,0.0075036087869193,-1.9554403564502536,1.9554547531914723,0.4587176581844687,0.9926272948139544,0.9929273425830796,0.000300047769125,ok,,False,MS4,705,0.0125206033217182,-1.9318817736302665,1.9319223464705728,0.994089849293232,0.9936668746711778,0.993914804971494,0.0002479303003163,ok,,False,MS4,705,4096,2048,-0.005016994534798901,-0.02355858281998713,0.024086864857187095,True,74,T5_A2_L1,337,5,0.0148367952522255,67.39999999999999,2026-06-04 14:00:19+00:00,-30.410330372,67.883798559,5,2,1,phisat_PHISAT-2_L1_000005629_20260604140019_20260604140022_3E4B5E87.zip
5629,5,MS5,740,-0.9684305779319402,-2.095016877544367,2.3080193893183267,0.4242250807583332,0.987487445742971,0.988167839523119,0.000680393780148,ok,,False,MS5,740,-0.5770526200890345,-2.295229622100578,2.3666577159613897,0.9365661009214818,0.988659765307184,0.9892804326122152,0.0006206673050311,ok,,False,MS5,740,4096,2048,-0.39137795784290574,0.20021274455621096,0.4396155695241172,True,74,T5_A2_L1,337,5,0.0148367952522255,67.39999999999999,2026-06-04 14:00:19+00:00,-30.410330372,67.883798559,5,2,1,phisat_PHISAT-2_L1_000005629_20260604140019_20260604140022_3E4B5E87.zip
5629,6,MS6,783,-1.0593404443284271,-2.042764497011831,2.301106031290594,0.4005341995507478,0.9828303963273132,0.9832744028483228,0.0004440065210098,ok,,False,MS6,783,-1.4883300981673528,-2.207498049830974,2.662362507458065,0.9099718383513392,0.9840793416242553,0.9844676986636404,0.0003883570393852,ok,,False,MS6,783,4096,2048,0.42898965383892573,0.16473355281914337,0.4595315729362443,True,74,T5_A2_L1,337,5,0.0148367952522255,67.39999999999999,2026-06-04 14:00:19+00:00,-30.410330372,67.883798559,5,2,1,phisat_PHISAT-2_L1_000005629_20260604140019_20260604140022_3E4B5E87.zip
5629,7,MS7,842,-0.8753964115726376,-0.9702165470357612,1.3067666300974503,0.4994136113673448,0.9942708052110916,0.9945362588175016,0.0002654536064101,ok,,False,MS7,842,-0.3301888953155867,-0.67113444301458,0.7479613273359914,1.0139312809333203,0.9952380003526228,0.9955520768794638,0.0003140765268411,ok,,False,MS7,842,4096,2048,-0.5452075162570509,-0.2990821040211812,0.6218531504534804,True,74,T5_A2_L1,337,5,0.0148367952522255,67.39999999999999,2026-06-04 14:00:19+00:00,-30.410330372,67.883798559,5,2,1,phisat_PHISAT-2_L1_000005629_20260604140019_20260604140022_3E4B5E87.zip
5701,0,PAN,625,,,,,,,,failed,ValueError: Registration image has near-zero variance.,False,PAN,625,,,,,,,,failed,ValueError: Registration image has near-zero variance.,False,PAN,625,4096,2048,,,,False,75,T5_A1_L0,47,1,0.0212765957446808,47.0,2026-06-09 06:28:11+00:00,-115.935389579,0.233299726,5,1,0,phisat_PHISAT-2_L1_000005701_20260609062811_20260609062822_AFB34BEA.zip
5701,1,MS1,490,-1481.0374850304242,-1578.7850698525876,2164.72500074598,0.0082613022486839,-3.8103321225779176e-05,0.0018076713534071,0.0018457746746329,ok,,True,MS1,490,-1686.045394069782,-613.4456018948254,1794.1751802285169,0.0273441440585884,-0.0001188044593189,-0.0001305190789542,-1.1714619635357174e-05,ok,,True,MS1,490,4096,2048,205.00790903935786,-965.3394679577623,986.8680414146895,True,75,T5_A1_L0,47,1,0.0212765957446808,47.0,2026-06-09 06:28:11+00:00,-115.935389579,0.233299726,5,1,0,phisat_PHISAT-2_L1_000005701_20260609062811_20260609062822_AFB34BEA.zip
5701,2,MS2,560,1804.221419738025,5.979372373042452,1804.2313278333984,0.00484758472885,0.0057357903837599,-0.0046449197546024,-0.0103807101383623,ok,,True,MS2,560,-1600.5673793268957,1269.14618603397,2042.6815653179865,0.0174128381622722,0.0111726214262333,0.013323983089509,0.0021513616632757,ok,,True,MS2,560,4096,2048,3404.7887990649206,-1263.1668136609276,3631.5529963601307,True,75,T5_A1_L0,47,1,0.0212765957446808,47.0,2026-06-09 06:28:11+00:00,-115.935389579,0.233299726,5,1,0,phisat_PHISAT-2_L1_000005701_20260609062811_20260609062822_AFB34BEA.zip
5701,4,MS4,705,-147.38057834262054,511.0323627065532,531.8600479506309,0.0059225820295978,0.0139872233410821,0.0207481496499025,0.0067609263088203,ok,,True,MS4,705,1615.4028115977842,511.4794764518642,1694.443123433035,0.0114110457943752,0.0317462095321233,0.0087877133440491,-0.0229584961880742,ok,,True,MS4,705,4096,2048,-1762.7833899404047,-0.4471137453109577,1762.7834466435422,True,75,T5_A1_L0,47,1,0.0212765957446808,47.0,2026-06-09 06:28:11+00:00,-115.935389579,0.233299726,5,1,0,phisat_PHISAT-2_L1_000005701_20260609062811_20260609062822_AFB34BEA.zip
5701,5,MS5,740,-234.7856157004153,691.4912788116853,730.2632908838037,0.0258077015605522,0.0041887902145985,0.0164184834360738,0.0122296932214752,ok,,True,MS5,740,-24.03383236336049,691.3673010088846,691.7849159980144,0.0390509681601543,0.0126125646251944,0.0462217234006647,0.0336091587754703,ok,,True,MS5,740,4096,2048,-210.7517833370548,0.12397780280070947,210.75181980292479,True,75,T5_A1_L0,47,1,0.0212765957446808,47.0,2026-06-09 06:28:11+00:00,-115.935389579,0.233299726,5,1,0,phisat_PHISAT-2_L1_000005701_20260609062811_20260609062822_AFB34BEA.zip
5701,6,MS6,783,-670.9725068023417,879.4041421075142,1106.144543014371,0.0044147344742668,-0.0001416237800276,0.0031211097842537,0.0032627335642813,ok,,True,MS6,783,-680.6769328353985,218.2604840690983,714.8137700130592,0.0054910403268877,-0.0005733891669053,0.0054964284058717,0.0060698175727771,ok,,True,MS6,783,4096,2048,9.704426033056734,661.1436580384159,661.214876155285,True,75,T5_A1_L0,47,1,0.0212765957446808,47.0,2026-06-09 06:28:11+00:00,-115.935389579,0.233299726,5,1,0,phisat_PHISAT-2_L1_000005701_20260609062811_20260609062822_AFB34BEA.zip
5701,7,MS7,842,-18.03432419493538,404.6467461614682,405.0484243003936,0.0205830427585169,0.0017631945734412,0.0473067736670392,0.045543579093598,ok,,True,MS7,842,-18.636485639753573,404.0247989212553,404.4543938942455,0.0279044196940958,0.0052563822560306,0.0902357459626597,0.0849793637066291,ok,,True,MS7,842,4096,2048,0.6021614448181936,0.6219472402128758,0.8656886133211797,True,75,T5_A1_L0,47,1,0.0212765957446808,47.0,2026-06-09 06:28:11+00:00,-115.935389579,0.233299726,5,1,0,phisat_PHISAT-2_L1_000005701_20260609062811_20260609062822_AFB34BEA.zip
5821,0,PAN,625,,,,,,,,failed,ValueError: Registration image has near-zero variance.,False,PAN,625,,,,,,,,failed,ValueError: Registration image has near-zero variance.,False,PAN,625,4096,2048,,,,False,76,T5_A0_L2,45,1,0.0222222222222222,45.0,2026-06-16 17:12:19+00:00,85.632431204,-19.690164086,5,0,2,phisat_PHISAT-2_L1_000005821_20260616171219_20260616171230_071C5FA4.zip
5821,1,MS1,490,817.2138187643716,-187.3342622950854,838.410729540773,0.0028110424173064,0.0198131769715818,0.0140447539993172,-0.0057684229722646,ok,,True,MS1,490,-341.3840076633842,-202.63911278061096,396.9957817368174,-0.0004034151497762,0.0352527312150978,0.0323081956273051,-0.0029445355877926,ok,,True,MS1,490,4096,2048,1158.5978264277558,15.304850485525549,1158.6989090577001,True,76,T5_A0_L2,45,1,0.0222222222222222,45.0,2026-06-16 17:12:19+00:00,85.632431204,-19.690164086,5,0,2,phisat_PHISAT-2_L1_000005821_20260616171219_20260616171230_071C5FA4.zip
5821,2,MS2,560,18.67732129152864,477.1468865502118,477.5122968837428,0.0015598217432852,0.0913137663933189,0.0926709172628891,0.0013571508695702,ok,,True,MS2,560,-118.90593425049838,-236.2238553791276,264.46234334998024,0.0118622247100574,0.1204486858766506,0.4356787372449009,0.3152300513682504,ok,,True,MS2,560,4096,2048,137.58325554202702,713.3707419293394,726.5170112573819,True,76,T5_A0_L2,45,1,0.0222222222222222,45.0,2026-06-16 17:12:19+00:00,85.632431204,-19.690164086,5,0,2,phisat_PHISAT-2_L1_000005821_20260616171219_20260616171230_071C5FA4.zip
5821,4,MS4,705,-636.6535510064864,-299.22419960346497,703.464900074981,0.0041184655055985,0.1547206946205099,0.1225856866896299,-0.03213500793088,ok,,True,MS4,705,-138.01695180795014,25.464247629138526,140.34638183322048,-0.0018144723580917,0.1959478380629838,0.2206541611839166,0.0247063231209328,ok,,True,MS4,705,4096,2048,-498.63659919853626,-324.6884472326035,595.0302898396021,True,76,T5_A0_L2,45,1,0.0222222222222222,45.0,2026-06-16 17:12:19+00:00,85.632431204,-19.690164086,5,0,2,phisat_PHISAT-2_L1_000005821_20260616171219_20260616171230_071C5FA4.zip
5821,5,MS5,740,-477.67407368336126,-89.87044995774022,486.05474840275343,0.0027747190324589,0.1523885775265834,0.1256436945056921,-0.0267448830208912,ok,,True,MS5,740,-688.3373017937342,-206.42250168948704,718.6226341025063,0.0027943045388383,0.1927653415037896,0.0686765848621947,-0.1240887566415949,ok,,True,MS5,740,4096,2048,210.66322811037298,116.55205173174681,240.75584404280374,True,76,T5_A0_L2,45,1,0.0222222222222222,45.0,2026-06-16 17:12:19+00:00,85.632431204,-19.690164086,5,0,2,phisat_PHISAT-2_L1_000005821_20260616171219_20260616171230_071C5FA4.zip
5821,6,MS6,783,96.34331952521892,-58.38873186738465,112.65557787442116,-0.0006066554324206,0.0959705057588526,0.1052637764439523,0.0092932706850997,ok,,True,MS6,783,221.7770066823061,43.22780735279048,225.95062297213,0.0067792583358823,0.1220806381476414,0.1533220973980266,0.0312414592503852,ok,,True,MS6,783,4096,2048,-125.43368715708719,-101.61653922017513,161.42964695776118,True,76,T5_A0_L2,45,1,0.0222222222222222,45.0,2026-06-16 17:12:19+00:00,85.632431204,-19.690164086,5,0,2,phisat_PHISAT-2_L1_000005821_20260616171219_20260616171230_071C5FA4.zip
5821,7,MS7,842,57.81652708355955,155.80755077968524,166.18887954363305,0.0002600961415737,0.143263214600577,0.1834415594596594,0.0401783448590824,ok,,True,MS7,842,-378.7333783645454,-372.2643632951963,531.0552966189113,0.0054719071486033,0.1906483953306983,0.1400722517019365,-0.0505761436287618,ok,,True,MS7,842,4096,2048,436.54990544810494,528.0719140748815,685.1538268020244,True,76,T5_A0_L2,45,1,0.0222222222222222,45.0,2026-06-16 17:12:19+00:00,85.632431204,-19.690164086,5,0,2,phisat_PHISAT-2_L1_000005821_20260616171219_20260616171230_071C5FA4.zip
5879,0,PAN,625,-299.7061556529743,-171.89850265879022,345.50379875280527,-0.0012801085977116,0.8198819479863169,0.7900786648839233,-0.0298032831023935,ok,,True,PAN,625,-113.03211763193532,-71.34845321468083,133.66697943952784,0.0042131063819397,0.8409497299944974,0.8369040192101626,-0.0040457107843347,ok,,True,PAN,625,4096,2048,-186.674038021039,-100.55004944410939,212.03185825317183,True,77,T5_A2_L1,337,5,0.0148367952522255,67.39999999999999,2026-06-20 00:02:38+00:00,-46.167540518,73.113484067,5,2,1,phisat_PHISAT-2_L1_000005879_20260620000238_20260620000248_FD636ECF.zip
5879,1,MS1,490,290.25263730062807,-325.3547613547912,436.0072409905632,-0.000520652400155,0.4909787838332199,0.2739943606299433,-0.2169844232032766,ok,,True,MS1,490,403.2863655268932,16.648213954742914,403.6298497977742,0.0055399169432348,0.502492398221874,0.2839414723937923,-0.2185509258280816,ok,,True,MS1,490,4096,2048,-113.03372822626511,-342.0029753095341,360.1980827784942,True,77,T5_A2_L1,337,5,0.0148367952522255,67.39999999999999,2026-06-20 00:02:38+00:00,-46.167540518,73.113484067,5,2,1,phisat_PHISAT-2_L1_000005879_20260620000238_20260620000248_FD636ECF.zip
5879,2,MS2,560,271.59698273947856,238.1181736284884,361.1996479031445,0.0006414212039089,0.75021872889587,0.7103699871153453,-0.0398487417805247,ok,,True,MS2,560,102.18134888954025,274.68957139062536,293.0791508989533,0.0034787607510224,0.7733898912903486,0.6785849316689065,-0.094804959621442,ok,,True,MS2,560,4096,2048,169.41563384993833,-36.57139776213697,173.31798558445342,True,77,T5_A2_L1,337,5,0.0148367952522255,67.39999999999999,2026-06-20 00:02:38+00:00,-46.167540518,73.113484067,5,2,1,phisat_PHISAT-2_L1_000005879_20260620000238_20260620000248_FD636ECF.zip
5879,4,MS4,705,8.480366509948453,-22.60894507443936,24.147070495653736,0.0037672790058422,0.131999860834337,0.1377818146901596,0.0057819538558225,ok,,False,MS4,705,-94.93733425417076,292.14612045788977,307.1847215176627,0.0026439113862579,0.1450551199305253,0.1587186956057929,0.0136635756752676,ok,,True,MS4,705,4096,2048,103.41770076411922,-314.7550655323291,331.3094808628297,True,77,T5_A2_L1,337,5,0.0148367952522255,67.39999999999999,2026-06-20 00:02:38+00:00,-46.167540518,73.113484067,5,2,1,phisat_PHISAT-2_L1_000005879_20260620000238_20260620000248_FD636ECF.zip
5879,5,MS5,740,462.29492507736336,70.04835937748999,467.5717810173781,0.0005571269903157,0.033791530393389,0.0835838845259836,0.0497923541325945,ok,,True,MS5,740,-250.29809763251524,-206.21543422497464,324.30532371678845,0.0007662015705136,0.0372470834056077,0.0410998024271031,0.0038527190214954,ok,,True,MS5,740,4096,2048,712.5930227098786,276.2637936024646,764.2712212758156,True,77,T5_A2_L1,337,5,0.0148367952522255,67.39999999999999,2026-06-20 00:02:38+00:00,-46.167540518,73.113484067,5,2,1,phisat_PHISAT-2_L1_000005879_20260620000238_20260620000248_FD636ECF.zip
5879,6,MS6,783,-170.1832327619377,295.5089603961885,341.01008546337744,0.0028800283980672,0.2116429857513828,0.1065154602147058,-0.1051275255366769,ok,,True,MS6,783,-981.578018671452,-343.4528814998348,1039.930424860006,0.0092431473021861,0.2166039299031062,0.2883820209766921,0.0717780910735858,ok,,True,MS6,783,4096,2048,811.3947859095143,638.9618418960233,1032.779615407036,True,77,T5_A2_L1,337,5,0.0148367952522255,67.39999999999999,2026-06-20 00:02:38+00:00,-46.167540518,73.113484067,5,2,1,phisat_PHISAT-2_L1_000005879_20260620000238_20260620000248_FD636ECF.zip
5879,7,MS7,842,441.8584059151804,450.5300803212663,631.0437418691282,0.00144806258686,0.3753841255197042,0.4479609692785629,0.0725768437588587,ok,,True,MS7,842,-350.42431500625344,124.93765149704244,372.0303983671205,0.0006064496992621,0.4054742503158182,0.4811420973733077,0.0756678470574895,ok,,True,MS7,842,4096,2048,792.2827209214338,325.5924288242239,856.5759391777987,True,77,T5_A2_L1,337,5,0.0148367952522255,67.39999999999999,2026-06-20 00:02:38+00:00,-46.167540518,73.113484067,5,2,1,phisat_PHISAT-2_L1_000005879_20260620000238_20260620000248_FD636ECF.zip
5891,0,PAN,625,-0.7939494445204218,0.257995074900009,0.8348156557749427,0.4592540584271773,0.8136270047685551,0.8142183847517515,0.0005913799831963,ok,,False,PAN,625,-0.8234101586613178,0.4688265152228723,0.9475244539127624,0.4313495620735921,0.8140985197251653,0.8150976860937702,0.0009991663686048,ok,,False,PAN,625,4096,2048,0.029460714140896016,-0.21083144032286327,0.21287984852095476,True,78,T5_A2_L1,337,5,0.0148367952522255,67.39999999999999,2026-06-20 15:58:33+00:00,-69.671579196,48.1803943,5,2,1,phisat_PHISAT-2_L1_000005891_20260620155833_20260620155836_E3656957.zip
5891,1,MS1,490,-0.1781269377747776,-1.4026370301726274,1.4139023461231357,0.5469961533381138,0.940634773708642,0.9404007085272166,-0.0002340651814253,ok,,False,MS1,490,-0.7255955291725513,0.5246774201916651,0.8954190455949526,0.7360596051439643,0.9408523328269316,0.9410827459930776,0.0002304131661458,ok,,False,MS1,490,4096,2048,0.5474685913977737,-1.9273144503642925,2.003562539365836,True,78,T5_A2_L1,337,5,0.0148367952522255,67.39999999999999,2026-06-20 15:58:33+00:00,-69.671579196,48.1803943,5,2,1,phisat_PHISAT-2_L1_000005891_20260620155833_20260620155836_E3656957.zip
5891,2,MS2,560,-0.0937470771482367,-0.5337291560567792,0.5418997384193124,0.8233127929270267,0.976113352295216,0.9761111583364104,-2.19395880562967e-06,ok,,False,MS2,560,-0.2295696854798734,-0.105148361981719,0.2525042940600548,0.808609839878045,0.9762391214433022,0.9762393572237842,2.357804820274368e-07,ok,,False,MS2,560,4096,2048,0.13582260833163667,-0.42858079407506017,0.4495878979510217,True,78,T5_A2_L1,337,5,0.0148367952522255,67.39999999999999,2026-06-20 15:58:33+00:00,-69.671579196,48.1803943,5,2,1,phisat_PHISAT-2_L1_000005891_20260620155833_20260620155836_E3656957.zip
5891,4,MS4,705,0.0435935073410291,0.0824231309100014,0.0932414413836444,0.4988426851341501,0.9173602765885212,0.91738583759677,2.556100824890884e-05,ok,,False,MS4,705,-0.0308832787713981,-0.0980303424598787,0.1027799832188787,0.4450792943825945,0.9175230087982548,0.9175211346527312,-1.874145523439452e-06,ok,,False,MS4,705,4096,2048,0.0744767861124272,0.1804534733698801,0.1952184615267989,True,78,T5_A2_L1,337,5,0.0148367952522255,67.39999999999999,2026-06-20 15:58:33+00:00,-69.671579196,48.1803943,5,2,1,phisat_PHISAT-2_L1_000005891_20260620155833_20260620155836_E3656957.zip
5891,5,MS5,740,-1.042128902008244,0.6558319200914866,1.2313196805914353,0.4159010519215371,0.8921101876842593,0.892312039659779,0.0002018519755196,ok,,False,MS5,740,-0.936074975666088,0.4328464919110502,1.0313061842285105,0.4380670925602317,0.892322146878211,0.8925622501925596,0.0002401033143486,ok,,False,MS5,740,4096,2048,-0.10605392634215605,0.22298542818043643,0.2469209113732574,True,78,T5_A2_L1,337,5,0.0148367952522255,67.39999999999999,2026-06-20 15:58:33+00:00,-69.671579196,48.1803943,5,2,1,phisat_PHISAT-2_L1_000005891_20260620155833_20260620155836_E3656957.zip
5891,6,MS6,783,-0.2407661739102877,0.8673999200930211,0.9001949632589478,0.3755304119549691,0.8796410100467473,0.8798248446114058,0.0001838345646584,ok,,False,MS6,783,-0.5560826220980744,0.606423631508278,0.8227864263897148,0.4226829636609182,0.8798794401121945,0.8800947251194193,0.0002152850072247,ok,,False,MS6,783,4096,2048,0.31531644818778665,0.2609762885847431,0.409308057215135,True,78,T5_A2_L1,337,5,0.0148367952522255,67.39999999999999,2026-06-20 15:58:33+00:00,-69.671579196,48.1803943,5,2,1,phisat_PHISAT-2_L1_000005891_20260620155833_20260620155836_E3656957.zip
5891,7,MS7,842,-0.2679048773661634,0.2675911124213144,0.3786529106760643,0.4535387983778491,0.8801822837440019,0.8802807400739286,9.845632992677712e-05,ok,,False,MS7,842,-0.3634720048198687,0.1172005408989207,0.3819003339547823,0.3960915681091137,0.8803916462037666,0.8804691028266365,7.745662286984256e-05,ok,,False,MS7,842,4096,2048,0.09556712745370527,0.1503905715223937,0.178186418821932,True,78,T5_A2_L1,337,5,0.0148367952522255,67.39999999999999,2026-06-20 15:58:33+00:00,-69.671579196,48.1803943,5,2,1,phisat_PHISAT-2_L1_000005891_20260620155833_20260620155836_E3656957.zip
5970,0,PAN,625,0.1976156213140711,0.0260162228391891,0.199320790782509,0.7046576032298617,0.8221630103368612,0.8223567248025226,0.0001937144656614,ok,,False,PAN,625,0.2455662995512284,0.3400060950907573,0.4194126275807021,0.611079839989543,0.8226813773168673,0.8229942035783719,0.0003128262615046,ok,,False,PAN,625,4096,2048,-0.04795067823715732,-0.3139898722515682,0.3176301424927419,True,79,T5_A1_L1,203,2,0.0098522167487684,101.5,2026-06-25 15:18:39+00:00,-64.638792242,18.314766978,5,1,1,phisat_PHISAT-2_L1_000005970_20260625151839_20260625151843_BBF4DE42.zip
5970,1,MS1,490,-1.836389643048733,-0.0037169801930758,1.8363934047579265,0.4977681348100304,0.9775635415671672,0.977261423167053,-0.0003021184001141,ok,,False,MS1,490,-0.9641857687720404,0.8895201786540383,1.3118309132412007,0.9341669333225582,0.9779670650615908,0.978041736288728,7.467122713744612e-05,ok,,False,MS1,490,4096,2048,-0.8722038742766925,-0.8932371588471141,1.2484439195448618,True,79,T5_A1_L1,203,2,0.0098522167487684,101.5,2026-06-25 15:18:39+00:00,-64.638792242,18.314766978,5,1,1,phisat_PHISAT-2_L1_000005970_20260625151839_20260625151843_BBF4DE42.zip
5970,2,MS2,560,-1.7973033744160605,0.1933481511409809,1.8076733463867285,0.7549169901758432,0.9968818374803804,0.997018332364382,0.0001364948840014,ok,,False,MS2,560,-1.270956660624961,0.3397145556521082,1.31557470806825,0.966033542295918,0.9972814601674148,0.997551466590137,0.0002700064227221,ok,,False,MS2,560,4096,2048,-0.5263467137910995,-0.14636640451112728,0.5463185769202843,True,79,T5_A1_L1,203,2,0.0098522167487684,101.5,2026-06-25 15:18:39+00:00,-64.638792242,18.314766978,5,1,1,phisat_PHISAT-2_L1_000005970_20260625151839_20260625151843_BBF4DE42.zip
5970,4,MS4,705,-1.0622803922524326,-0.8423774277830489,1.355743103468488,0.6607710742391646,0.9846629661714376,0.9849500427352108,0.0002870765637732,ok,,False,MS4,705,-1.3288792385574195,-0.7149186079200263,1.5089826528556436,0.9487124751103692,0.9852954799501532,0.9856624172815056,0.0003669373313525,ok,,False,MS4,705,4096,2048,0.26659884630498687,-0.12745881986302265,0.29550075399569536,True,79,T5_A1_L1,203,2,0.0098522167487684,101.5,2026-06-25 15:18:39+00:00,-64.638792242,18.314766978,5,1,1,phisat_PHISAT-2_L1_000005970_20260625151839_20260625151843_BBF4DE42.zip
5970,5,MS5,740,-1.1296289736678773,-1.224023586637486,1.665621613330842,0.5671764612197876,0.9102630475047564,0.9102392703339476,-2.3777170808592096e-05,ok,,False,MS5,740,-1.389785331165058,-1.196466532643626,1.8338580726048104,0.8018379795830697,0.9108630624103408,0.9106934921334136,-0.0001695702769272,ok,,False,MS5,740,4096,2048,0.2601563574971808,-0.027557053993860103,0.2616117764379529,True,79,T5_A1_L1,203,2,0.0098522167487684,101.5,2026-06-25 15:18:39+00:00,-64.638792242,18.314766978,5,1,1,phisat_PHISAT-2_L1_000005970_20260625151839_20260625151843_BBF4DE42.zip
5970,6,MS6,783,0.8109755154189315,-4.113748648907858,4.192923709418075,0.4755845186300576,0.8657235191677821,0.8656055507224725,-0.0001179684453096,ok,,False,MS6,783,0.1896861865973278,-3.801744635970863,3.8064738441921633,0.753589125466533,0.8663108701100167,0.8662796393374527,-3.123077256406148e-05,ok,,False,MS6,783,4096,2048,0.6212893288216037,-0.3120040129369954,0.6952315687570492,True,79,T5_A1_L1,203,2,0.0098522167487684,101.5,2026-06-25 15:18:39+00:00,-64.638792242,18.314766978,5,1,1,phisat_PHISAT-2_L1_000005970_20260625151839_20260625151843_BBF4DE42.zip
5970,7,MS7,842,0.7980120238755717,-0.9192611116677654,1.2173184388953622,0.4588402456138283,0.8560604248247943,0.8559733425387195,-8.708228607479107e-05,ok,,False,MS7,842,0.1128504063717628,-0.6402040092443713,0.6500741401339073,0.7329170604934916,0.8564840214753295,0.8565011481287782,1.7126653448662488e-05,ok,,False,MS7,842,4096,2048,0.6851616175038089,-0.2790571024233941,0.7398103192801357,True,79,T5_A1_L1,203,2,0.0098522167487684,101.5,2026-06-25 15:18:39+00:00,-64.638792242,18.314766978,5,1,1,phisat_PHISAT-2_L1_000005970_20260625151839_20260625151843_BBF4DE42.zip
6004,0,PAN,625,6.966105904082724,0.9537431859228036,7.03109220047571,0.2764778483979171,0.9298110037844716,0.921117752296718,-0.0086932514877535,ok,,False,PAN,625,-6.75608230765738,1.759010658379566,6.981315538215844,0.31244059218443,0.9331316115320512,0.926531757055564,-0.0065998544764872,ok,,False,PAN,625,4096,2048,13.722188211740104,-0.8052674724567623,13.745795903497767,True,80,T5_A1_L3,142,2,0.0140845070422535,71.0,2026-06-28 01:30:03+00:00,137.092421782,-17.784136703,5,1,3,phisat_PHISAT-2_L1_000006004_20260628013003_20260628013006_72F98DC9.zip
6004,1,MS1,490,0.9345976304271062,-0.0245948765086723,0.9349211938716752,0.1609546488616615,0.855464318045187,0.8579888690460457,0.0025245510008586,ok,,False,MS1,490,0.3291641312800948,0.5091137409879138,0.6062555786003854,0.27431851264555,0.8578855530699903,0.859060268298094,0.0011747152281037,ok,,False,MS1,490,4096,2048,0.6054334991470114,-0.5337086174965862,0.8070902119834632,True,80,T5_A1_L3,142,2,0.0140845070422535,71.0,2026-06-28 01:30:03+00:00,137.092421782,-17.784136703,5,1,3,phisat_PHISAT-2_L1_000006004_20260628013003_20260628013006_72F98DC9.zip
6004,2,MS2,560,1.587714227483275,0.1299806570907549,1.5930258752985014,0.2177100708940997,0.9105006491465596,0.9156259767764804,0.0051253276299209,ok,,False,MS2,560,0.5544606432895307,0.1516261641470464,0.5748191877547124,0.3053179283597274,0.9133803102598484,0.9157317880683532,0.0023514778085048,ok,,False,MS2,560,4096,2048,1.0332535841937442,-0.021645507056291508,1.0334802839072175,True,80,T5_A1_L3,142,2,0.0140845070422535,71.0,2026-06-28 01:30:03+00:00,137.092421782,-17.784136703,5,1,3,phisat_PHISAT-2_L1_000006004_20260628013003_20260628013006_72F98DC9.zip
6004,4,MS4,705,42.06371456214197,-2.653270893296394,42.14731224169067,0.1588555359412566,0.8821267667565998,0.8545159364321031,-0.0276108303244967,ok,,False,MS4,705,41.426452779378224,-2.3694469578545068,41.49415945368865,0.1976504224294331,0.8862083813063667,0.8616723341051475,-0.0245360472012191,ok,,False,MS4,705,4096,2048,0.6372617827637441,-0.28382393544188744,0.6976092072937011,True,80,T5_A1_L3,142,2,0.0140845070422535,71.0,2026-06-28 01:30:03+00:00,137.092421782,-17.784136703,5,1,3,phisat_PHISAT-2_L1_000006004_20260628013003_20260628013006_72F98DC9.zip
6004,5,MS5,740,1.969566554847688,-1.726111619801486,2.618903155519177,0.1709878515684977,0.8477455968356129,0.8548999930972552,0.0071543962616422,ok,,False,MS5,740,2.1556212214491097,-1.5289761654207723,2.6428149698354897,0.269341403094586,0.8518836075563043,0.8595149717379316,0.0076313641816272,ok,,False,MS5,740,4096,2048,-0.18605466660142178,-0.19713545438071378,0.2710695968530161,True,80,T5_A1_L3,142,2,0.0140845070422535,71.0,2026-06-28 01:30:03+00:00,137.092421782,-17.784136703,5,1,3,phisat_PHISAT-2_L1_000006004_20260628013003_20260628013006_72F98DC9.zip
6004,6,MS6,783,2.8874803150026764,-1.5180468552875936,3.2622091938403504,0.4091957707423717,0.8599394058328721,0.8625684233911848,0.0026290175583126,ok,,False,MS6,783,1.976549196214592,-1.4688621260115724,2.462580490113528,0.6182140228047501,0.8639918397089148,0.8668488055800029,0.002856965871088,ok,,False,MS6,783,4096,2048,0.9109311187880844,-0.049184729276021244,0.9122579902475323,True,80,T5_A1_L3,142,2,0.0140845070422535,71.0,2026-06-28 01:30:03+00:00,137.092421782,-17.784136703,5,1,3,phisat_PHISAT-2_L1_000006004_20260628013003_20260628013006_72F98DC9.zip
6004,7,MS7,842,37.48604031158652,-1.958985110498816,37.53719276804068,0.0813702141604153,0.7949635041999769,0.7793154900726911,-0.0156480141272857,ok,,False,MS7,842,36.21266940097803,-1.833556875077193,36.25905895026336,0.0863031779372249,0.7991719131880148,0.7872149865826509,-0.0119569266053639,ok,,False,MS7,842,4096,2048,1.2733709106084916,-0.12542823542162318,1.2795333986359563,True,80,T5_A1_L3,142,2,0.0140845070422535,71.0,2026-06-28 01:30:03+00:00,137.092421782,-17.784136703,5,1,3,phisat_PHISAT-2_L1_000006004_20260628013003_20260628013006_72F98DC9.zip
6102,0,PAN,625,-1.6811556951897728,-0.0500697764005053,1.6819011427482309,0.4003699240638525,0.8466302677156271,0.8465095593043193,-0.0001207084113078,ok,,False,PAN,625,-0.5888354028274989,0.0711107126955994,0.5931137033344441,0.5626677526161075,0.8474074249016301,0.8485917268592559,0.0011843019576257,ok,,False,PAN,625,4096,2048,-1.092320292362274,-0.12118048909610471,1.0990215339309666,True,81,T5_A2_L3,203,2,0.0098522167487684,101.5,2026-07-05 04:09:52+00:00,106.859887628,47.880027146,5,2,3,phisat_PHISAT-2_L1_000006102_20260705040952_20260705040955_5820AEEE.zip
6102,1,MS1,490,-9.040170602135277,0.7158749072564206,9.068470730975,0.2341874652775004,0.9600449148913972,0.95723746392567,-0.002807450965727,ok,,False,MS1,490,-9.374461640473784,1.932834503028744,9.571644595617451,0.332400489016436,0.960573260330586,0.957074791943892,-0.003498468386694,ok,,False,MS1,490,4096,2048,0.3342910383385078,-1.2169595957723234,1.2620384923035328,True,81,T5_A2_L3,203,2,0.0098522167487684,101.5,2026-07-05 04:09:52+00:00,106.859887628,47.880027146,5,2,3,phisat_PHISAT-2_L1_000006102_20260705040952_20260705040955_5820AEEE.zip
6102,2,MS2,560,-7.032842987686308,0.439514030068949,7.0465632099681,0.3787907675432507,0.981179412883658,0.979433634539398,-0.0017457783442598,ok,,False,MS2,560,-6.863892313238921,0.6085179537521981,6.890813579525941,0.431562118785223,0.9816042992374424,0.980264380523114,-0.0013399187143283,ok,,False,MS2,560,4096,2048,-0.16895067444738743,-0.16900392368324907,0.2389699910377045,True,81,T5_A2_L3,203,2,0.0098522167487684,101.5,2026-07-05 04:09:52+00:00,106.859887628,47.880027146,5,2,3,phisat_PHISAT-2_L1_000006102_20260705040952_20260705040955_5820AEEE.zip
6102,4,MS4,705,-11.85443647951115,1.3466324987700773,11.930678242812036,0.2376229889050591,0.9583535485390524,0.9574358860813492,-0.0009176624577031,ok,,False,MS4,705,-11.010346016881613,2.2419785162080643,11.236288848129496,0.3440758481156081,0.9589761518677936,0.9595822940274475,0.000606142159654,ok,,False,MS4,705,4096,2048,-0.8440904626295378,-0.895346017437987,1.2305011987170964,True,81,T5_A2_L3,203,2,0.0098522167487684,101.5,2026-07-05 04:09:52+00:00,106.859887628,47.880027146,5,2,3,phisat_PHISAT-2_L1_000006102_20260705040952_20260705040955_5820AEEE.zip
6102,5,MS5,740,-5.906862375403762,1.1470203580634006,6.01719858603424,0.225662998665939,0.9282495816971884,0.9277439370845972,-0.0005056446125913,ok,,False,MS5,740,-5.143140342186143,2.501850143297588,5.719365936792361,0.3975533933844417,0.9289821101952032,0.9299559015359022,0.000973791340699,ok,,False,MS5,740,4096,2048,-0.7637220332176184,-1.3548297852341875,1.5552604576018023,True,81,T5_A2_L3,203,2,0.0098522167487684,101.5,2026-07-05 04:09:52+00:00,106.859887628,47.880027146,5,2,3,phisat_PHISAT-2_L1_000006102_20260705040952_20260705040955_5820AEEE.zip
6102,6,MS6,783,0.5616677244317998,1.9908715405701969,2.068584086693298,0.4008364472538233,0.9094339012163588,0.9121925320339206,0.0027586308175617,ok,,False,MS6,783,-0.0062027879457673,2.763551974237089,2.7635589353020884,0.5352415777160786,0.9102114818525896,0.9133655378358536,0.0031540559832641,ok,,False,MS6,783,4096,2048,0.5678705123775671,-0.772680433666892,0.9589118684215026,True,81,T5_A2_L3,203,2,0.0098522167487684,101.5,2026-07-05 04:09:52+00:00,106.859887628,47.880027146,5,2,3,phisat_PHISAT-2_L1_000006102_20260705040952_20260705040955_5820AEEE.zip
6102,7,MS7,842,-8.931488950038784,1.848232224441972,9.12071582827415,0.2067958971019834,0.9041558387935767,0.9012542065691024,-0.0029016322244743,ok,,False,MS7,842,-8.555404084871952,2.1133638314074688,8.812561814781496,0.2908325734024402,0.9050681671370086,0.9030620222231672,-0.0020061449138414,ok,,False,MS7,842,4096,2048,-0.37608486516683115,-0.26513160696549676,0.4601462754599457,True,81,T5_A2_L3,203,2,0.0098522167487684,101.5,2026-07-05 04:09:52+00:00,106.859887628,47.880027146,5,2,3,phisat_PHISAT-2_L1_000006102_20260705040952_20260705040955_5820AEEE.zip
6233,0,PAN,625,-0.4723286740836556,0.1734380735649665,0.503165123715417,0.8044237963622436,0.9374627535906028,0.9375957215056792,0.0001329679150763,ok,,False,PAN,625,-0.1425212692647619,0.3475037693576723,0.3755944380720102,0.8724904019618407,0.9406338488629488,0.9405709314320392,-6.291743090958146e-05,ok,,False,PAN,625,4096,2048,-0.3298074048188937,-0.1740656957927058,0.3729233040789653,True,82,T5_A2_L2,392,7,0.0178571428571428,56.0,2026-07-12 10:16:58+00:00,15.054005861,37.802719124,5,2,2,phisat_PHISAT-2_L1_000006233_20260712101658_20260712101700_234C0B47.zip
6233,1,MS1,490,-1.7422162978714368,-1.1232012202458463,2.0728961888456,0.3886303559411317,0.9175858538312546,0.9159754066284196,-0.0016104472028349,ok,,False,MS1,490,-1.4205815806271858,-1.0650356135129186,1.775486661529191,0.7212008302449249,0.924078383114375,0.9249855778435656,0.0009071947291905,ok,,False,MS1,490,4096,2048,-0.3216347172442511,-0.0581656067329277,0.3268518458620036,True,82,T5_A2_L2,392,7,0.0178571428571428,56.0,2026-07-12 10:16:58+00:00,15.054005861,37.802719124,5,2,2,phisat_PHISAT-2_L1_000006233_20260712101658_20260712101700_234C0B47.zip
6233,2,MS2,560,-1.5610364042081528,-0.591962160420735,1.6695070693570313,0.5081314526541973,0.9227701535338844,0.9208893985841058,-0.0018807549497784,ok,,False,MS2,560,-0.7297791460500775,-0.7663497819644363,1.0582389098528362,0.8099542683921754,0.9287642494284004,0.9314016763130156,0.0026374268846152,ok,,False,MS2,560,4096,2048,-0.8312572581580753,0.17438762154370124,0.8493525014904885,True,82,T5_A2_L2,392,7,0.0178571428571428,56.0,2026-07-12 10:16:58+00:00,15.054005861,37.802719124,5,2,2,phisat_PHISAT-2_L1_000006233_20260712101658_20260712101700_234C0B47.zip
6233,4,MS4,705,-2.751567282684391,2.886316849934474,3.987724597982517,0.3446175972931087,0.8429172122710619,0.8444021866306617,0.0014849743595998,ok,,False,MS4,705,-2.235148898519128,2.964953301705691,3.7130632474880834,0.4926252714940347,0.8511954209949183,0.8584710344306327,0.0072756134357143,ok,,False,MS4,705,4096,2048,-0.516418384165263,-0.07863645177121725,0.5223711698122592,True,82,T5_A2_L2,392,7,0.0178571428571428,56.0,2026-07-12 10:16:58+00:00,15.054005861,37.802719124,5,2,2,phisat_PHISAT-2_L1_000006233_20260712101658_20260712101700_234C0B47.zip
6233,5,MS5,740,-0.2954009075097019,0.8108153970338208,0.8629503486439228,-0.0068532567238435,-0.0300779636443285,-0.031109659938408,-0.0010316962940795,ok,,False,MS5,740,0.9711195045783824,3.960210919692827,4.077541369578839,-0.1221730796387419,-0.0301014168184143,-0.0323900677531058,-0.0022886509346914,ok,,False,MS5,740,4096,2048,-1.2665204120880842,-3.149395522659006,3.394520012075399,True,82,T5_A2_L2,392,7,0.0178571428571428,56.0,2026-07-12 10:16:58+00:00,15.054005861,37.802719124,5,2,2,phisat_PHISAT-2_L1_000006233_20260712101658_20260712101700_234C0B47.zip
6233,6,MS6,783,-1.2280761844858716,10.090809279591667,10.165264533301368,-0.0404747641987341,-0.1522899164361273,-0.1620546723683105,-0.0097647559321831,ok,,False,MS6,783,-1.4721580500722666,9.565491761647536,9.678113554125073,-0.1012919316563056,-0.1535414271857418,-0.1647822681537428,-0.0112408409680009,ok,,False,MS6,783,4096,2048,0.244081865586395,0.5253175179441314,0.5792533571479045,True,82,T5_A2_L2,392,7,0.0178571428571428,56.0,2026-07-12 10:16:58+00:00,15.054005861,37.802719124,5,2,2,phisat_PHISAT-2_L1_000006233_20260712101658_20260712101700_234C0B47.zip
6233,7,MS7,842,333.27027565027856,-220.8028259522148,399.7786444777869,0.000940361074754,-0.1524136658151138,0.019586805234557,0.1720004710496709,ok,,True,MS7,842,-366.6405100077095,186.41590841775064,411.3102897933974,0.0029418540289043,-0.1533902127491965,0.1144422696975806,0.2678324824467771,ok,,True,MS7,842,4096,2048,699.9107856579881,-407.21873436996543,809.7544106099446,True,82,T5_A2_L2,392,7,0.0178571428571428,56.0,2026-07-12 10:16:58+00:00,15.054005861,37.802719124,5,2,2,phisat_PHISAT-2_L1_000006233_20260712101658_20260712101700_234C0B47.zip
6539,0,PAN,625,0.0968085181559672,10.84961382351139,10.850045714581896,0.3176143206655979,0.298973860717635,0.3054689959960506,0.0064951352784156,ok,,False,PAN,625,0.328444377936421,11.446420368235067,11.451131601538105,0.2998598004924133,0.3022555666487222,0.3087980282507561,0.0065424616020338,ok,,False,PAN,625,4096,2048,-0.2316358597804538,-0.5968065447236768,0.6401821798216849,True,83,T5_A2_L0,248,3,0.0120967741935483,82.66666666666667,2026-07-27 20:09:49+00:00,-92.871296554,80.06424602,5,2,0,phisat_PHISAT-2_L1_000006539_20260727200949_20260727200957_84F44E41.zip
6539,1,MS1,490,-2.7949264618150664,4.087261301364379,4.9514966295641285,0.3675293927080929,0.8277877017899254,0.8283858503716333,0.0005981485817078,ok,,False,MS1,490,-2.1886528920767887,4.13531958975409,4.678789329666386,0.7303853225894272,0.8281456730159714,0.8285464255617816,0.0004007525458101,ok,,False,MS1,490,4096,2048,-0.6062735697382777,-0.04805828838971138,0.6081753369268956,True,83,T5_A2_L0,248,3,0.0120967741935483,82.66666666666667,2026-07-27 20:09:49+00:00,-92.871296554,80.06424602,5,2,0,phisat_PHISAT-2_L1_000006539_20260727200949_20260727200957_84F44E41.zip
6539,2,MS2,560,-1.953156188898447,1.9320308365236087,2.7472827032379503,0.5790551081299782,0.9864395120446622,0.9865537427186268,0.0001142306739646,ok,,False,MS2,560,-1.8721320340682723,1.5511196037084574,2.431224049320278,0.9815154467069078,0.9865395238421744,0.9866566872453276,0.000117163403153,ok,,False,MS2,560,4096,2048,-0.08102415483017467,0.3809112328151514,0.38943328177070663,True,83,T5_A2_L0,248,3,0.0120967741935483,82.66666666666667,2026-07-27 20:09:49+00:00,-92.871296554,80.06424602,5,2,0,phisat_PHISAT-2_L1_000006539_20260727200949_20260727200957_84F44E41.zip
6539,4,MS4,705,-1.0718528502143272,1.9130377252195103,2.1928478904442086,0.3308336017653346,0.984058579201691,0.984217246680688,0.0001586674789968,ok,,False,MS4,705,-1.4075650402428437,1.435377167067827,2.0103599066469413,0.7614114007446915,0.9842031718890508,0.9843519427296727,0.0001487708406221,ok,,False,MS4,705,4096,2048,0.3357121900285165,0.4776605581516833,0.5838341231441687,True,83,T5_A2_L0,248,3,0.0120967741935483,82.66666666666667,2026-07-27 20:09:49+00:00,-92.871296554,80.06424602,5,2,0,phisat_PHISAT-2_L1_000006539_20260727200949_20260727200957_84F44E41.zip
6539,5,MS5,740,-1.8744940792503253,3.028650532324264,3.561804612846214,0.3146557072177529,0.982388151054377,0.9827128465929942,0.0003246955386171,ok,,False,MS5,740,-1.663754186384267,3.3926073577467832,3.7786059170742834,0.6403749692253768,0.9825495888903923,0.9828822924297652,0.0003327035393727,ok,,False,MS5,740,4096,2048,-0.2107398928660582,-0.36395682542251917,0.42056613417729655,True,83,T5_A2_L0,248,3,0.0120967741935483,82.66666666666667,2026-07-27 20:09:49+00:00,-92.871296554,80.06424602,5,2,0,phisat_PHISAT-2_L1_000006539_20260727200949_20260727200957_84F44E41.zip
6539,6,MS6,783,-1.9997871182908968,3.041650202667597,3.640162698818562,0.3237247429788112,0.9796514463578458,0.979958120368994,0.0003066740111481,ok,,False,MS6,783,-2.072341385708569,3.4691247341525013,4.040968354247429,0.6518904245458543,0.9798165412397614,0.9801402701897668,0.0003237289500053,ok,,False,MS6,783,4096,2048,0.07255426741767201,-0.4274745314849042,0.4335880496378486,True,83,T5_A2_L0,248,3,0.0120967741935483,82.66666666666667,2026-07-27 20:09:49+00:00,-92.871296554,80.06424602,5,2,0,phisat_PHISAT-2_L1_000006539_20260727200949_20260727200957_84F44E41.zip
6539,7,MS7,842,-1.2115251190807612,1.2319886642058009,1.7278857551630105,0.4544052700512111,0.974474278481871,0.9747568729700732,0.0002825944882021,ok,,False,MS7,842,-1.575981812343798,2.3211099256138823,2.805578364548337,0.9018627717159688,0.9745941681670012,0.974960016428263,0.0003658482612618,ok,,False,MS7,842,4096,2048,0.36445669326303687,-1.0891212614080814,1.1484832620962997,True,83,T5_A2_L0,248,3,0.0120967741935483,82.66666666666667,2026-07-27 20:09:49+00:00,-92.871296554,80.06424602,5,2,0,phisat_PHISAT-2_L1_000006539_20260727200949_20260727200957_84F44E41.zip
6768,0,PAN,625,-0.921287976723761,0.1557068957256433,0.9343533450639953,0.7617603745311499,0.9079832783740946,0.9089192719118776,0.0009359935377828,ok,,False,PAN,625,-0.9528739799397954,0.2455895729840449,0.9840137499063676,0.8590030970517546,0.9091925454096292,0.9101348958354896,0.0009423504258601,ok,,False,PAN,625,4096,2048,0.03158600321603444,-0.0898826772584016,0.09527104108962661,True,84,T5_A2_L3,203,2,0.0098522167487684,101.5,2026-08-11 05:17:26+00:00,90.623185894,40.137559404,5,2,3,phisat_PHISAT-2_L1_000006768_20260811051726_20260811051729_E28C8897.zip
6768,1,MS1,490,0.0242178110484019,-0.8227054966932883,0.8230618668492219,0.496795249171555,0.9686178200188338,0.9685342394815852,-8.358053724843995e-05,ok,,False,MS1,490,0.0872975396837318,0.1759976936202747,0.1964587707242637,0.855338318971917,0.9693779331216132,0.9693919356843744,1.400256276140599e-05,ok,,False,MS1,490,4096,2048,-0.0630797286353299,-0.998703190313563,1.0006933169094294,True,84,T5_A2_L3,203,2,0.0098522167487684,101.5,2026-08-11 05:17:26+00:00,90.623185894,40.137559404,5,2,3,phisat_PHISAT-2_L1_000006768_20260811051726_20260811051729_E28C8897.zip
6768,2,MS2,560,0.8925324606118465,-0.0072154462773141,0.8925616258336554,0.8110981024801731,0.992131170023041,0.9923146948780786,0.0001835248550375,ok,,False,MS2,560,0.6188970566211083,0.0565726056661333,0.6214772935563512,0.9976506663952024,0.9929223997053012,0.9930629271222268,0.0001405274169257,ok,,False,MS2,560,4096,2048,0.27363540399073827,-0.0637880519434474,0.28097197349186714,True,84,T5_A2_L3,203,2,0.0098522167487684,101.5,2026-08-11 05:17:26+00:00,90.623185894,40.137559404,5,2,3,phisat_PHISAT-2_L1_000006768_20260811051726_20260811051729_E28C8897.zip
6768,4,MS4,705,0.724591902883958,0.863491762770991,1.127231764145399,0.6981395171023905,0.9940468523436332,0.9950485359524543,0.0010016836088212,ok,,False,MS4,705,0.2564976900907822,0.7473921363775844,0.7901810365612153,0.971350648906082,0.995260990263728,0.9959426371120448,0.0006816468483167,ok,,False,MS4,705,4096,2048,0.4680942127931758,0.11609962639340665,0.4822772183082584,True,84,T5_A2_L3,203,2,0.0098522167487684,101.5,2026-08-11 05:17:26+00:00,90.623185894,40.137559404,5,2,3,phisat_PHISAT-2_L1_000006768_20260811051726_20260811051729_E28C8897.zip
6768,5,MS5,740,-0.8260589527808406,0.1269596489235027,0.8357584255777253,0.722549038939178,0.9918326991737128,0.992556721097344,0.0007240219236311,ok,,False,MS5,740,-0.570083391022763,0.3729212400965025,0.6812234024423454,0.9726930869510396,0.993204875959385,0.9938871132819642,0.0006822373225792,ok,,False,MS5,740,4096,2048,-0.2559755617580777,-0.24596159117299982,0.3549937922692696,True,84,T5_A2_L3,203,2,0.0098522167487684,101.5,2026-08-11 05:17:26+00:00,90.623185894,40.137559404,5,2,3,phisat_PHISAT-2_L1_000006768_20260811051726_20260811051729_E28C8897.zip
6768,6,MS6,783,-0.2229454926741709,-0.0252731062096245,0.2243733999412848,0.7194774756208062,0.991815168784398,0.9923083215004102,0.000493152716012,ok,,False,MS6,783,-0.4735475082543416,0.0368575674078783,0.4749797078287893,0.964847310911864,0.9932045722406048,0.9935242722398838,0.0003196999992791,ok,,False,MS6,783,4096,2048,0.2506020155801707,-0.062130673617502796,0.2581890602194616,True,84,T5_A2_L3,203,2,0.0098522167487684,101.5,2026-08-11 05:17:26+00:00,90.623185894,40.137559404,5,2,3,phisat_PHISAT-2_L1_000006768_20260811051726_20260811051729_E28C8897.zip
6768,7,MS7,842,-0.1367669872479382,0.4655079109684266,0.485183289051742,0.7422486873110756,0.9943665379558264,0.9952282405158364,0.0008617025600099,ok,,False,MS7,842,-0.3134423923133909,0.5729703149386296,0.6531011522727656,0.9338200138881804,0.9955275224922066,0.99611533148526,0.0005878089930535,ok,,False,MS7,842,4096,2048,0.17667540506545268,-0.10746240397020301,0.20679063572148737,True,84,T5_A2_L3,203,2,0.0098522167487684,101.5,2026-08-11 05:17:26+00:00,90.623185894,40.137559404,5,2,3,phisat_PHISAT-2_L1_000006768_20260811051726_20260811051729_E28C8897.zip
6826,0,PAN,625,-0.7344292295829291,0.8146891849926305,1.0968613227795625,0.951784986187704,0.9812303683588992,0.9834986167543814,0.0022682483954822,ok,,False,PAN,625,-0.6959984859668111,1.0099952402283634,1.226582356693607,0.8788110360037535,0.9829468874087556,0.9837780158024824,0.0008311283937266,ok,,False,PAN,625,4096,2048,-0.03843074361611798,-0.19530605523573286,0.1990511925777661,True,85,T5_A1_L2,126,1,0.0079365079365079,126.0,2026-08-14 05:31:52+00:00,80.259564102,13.055916615,5,1,2,phisat_PHISAT-2_L1_000006826_20260814053152_20260814053155_37638EDC.zip
6826,1,MS1,490,-0.4814540022243818,-3.313798600352584,3.3485906169546342,0.5471118521236349,0.932784831721118,0.9278607780662332,-0.0049240536548847,ok,,False,MS1,490,-2.130757046259077,-0.944713780323582,2.330795940642591,0.7702833190560341,0.9352258899940324,0.9351929655276836,-3.292446634861612e-05,ok,,False,MS1,490,4096,2048,1.6493030440346952,-2.369084820029002,2.8866526316053274,True,85,T5_A1_L2,126,1,0.0079365079365079,126.0,2026-08-14 05:31:52+00:00,80.259564102,13.055916615,5,1,2,phisat_PHISAT-2_L1_000006826_20260814053152_20260814053155_37638EDC.zip
6826,2,MS2,560,-0.0008845288716656,-1.155746200476642,1.1557465389554578,1.0294005684554577,0.9832600384920674,0.9830183549641288,-0.0002416835279385,ok,,False,MS2,560,-0.2574595636237973,-0.8535346218354789,0.8915193646652831,0.8470813147723675,0.9849837572106156,0.9849411818285256,-4.25753820898489e-05,ok,,False,MS2,560,4096,2048,0.25657503475213167,-0.302211578641163,0.3964373679698237,True,85,T5_A1_L2,126,1,0.0079365079365079,126.0,2026-08-14 05:31:52+00:00,80.259564102,13.055916615,5,1,2,phisat_PHISAT-2_L1_000006826_20260814053152_20260814053155_37638EDC.zip
6826,4,MS4,705,0.0996096251460585,2.5019099329986147,2.5038920484435567,0.8892262324225157,0.9708806891365922,0.9725973387015034,0.0017166495649112,ok,,False,MS4,705,-0.1428312191301302,2.1060314145188386,2.110869270252997,0.8528741595509928,0.973455312187637,0.975825777153552,0.002370464965915,ok,,False,MS4,705,4096,2048,0.2424408442761887,0.3958785184797762,0.46421693675165887,True,85,T5_A1_L2,126,1,0.0079365079365079,126.0,2026-08-14 05:31:52+00:00,80.259564102,13.055916615,5,1,2,phisat_PHISAT-2_L1_000006826_20260814053152_20260814053155_37638EDC.zip
6826,5,MS5,740,0.8198688127110927,3.6998717706287607,3.789622143321402,0.48702633602079,0.8690596158166732,0.8714085108153629,0.0023488949986896,ok,,False,MS5,740,0.987273087373751,3.456424394467831,3.5946596144454084,0.3458915664523374,0.8716713337966231,0.8738085079948356,0.0021371741982124,ok,,False,MS5,740,4096,2048,-0.16740427466265828,0.2434473761609297,0.29545019230823316,True,85,T5_A1_L2,126,1,0.0079365079365079,126.0,2026-08-14 05:31:52+00:00,80.259564102,13.055916615,5,1,2,phisat_PHISAT-2_L1_000006826_20260814053152_20260814053155_37638EDC.zip
6826,6,MS6,783,0.4750767112841458,4.027009842120833,4.054936022940758,0.3092845785431564,0.8321169433851406,0.8330510075915861,0.0009340642064454,ok,,False,MS6,783,0.1478437833218322,3.458221888504568,3.461380709254475,0.1925858418981079,0.8347153302104472,0.8361647977542473,0.0014494675438001,ok,,False,MS6,783,4096,2048,0.3272329279623136,0.568787953616265,0.6562020461121462,True,85,T5_A1_L2,126,1,0.0079365079365079,126.0,2026-08-14 05:31:52+00:00,80.259564102,13.055916615,5,1,2,phisat_PHISAT-2_L1_000006826_20260814053152_20260814053155_37638EDC.zip
6826,7,MS7,842,-1.4030039446051887,1.3124223740626348,1.921164375194877,0.2809246033466479,0.838407319920902,0.8409767985515134,0.0025694786306114,ok,,False,MS7,842,-1.2331262430989227,1.6867803828833985,2.089456482317717,0.1622804646030999,0.8410687155189716,0.8429254605604879,0.0018567450415163,ok,,False,MS7,842,4096,2048,-0.16987770150626602,-0.37435800882076364,0.41109895674557356,True,85,T5_A1_L2,126,1,0.0079365079365079,126.0,2026-08-14 05:31:52+00:00,80.259564102,13.055916615,5,1,2,phisat_PHISAT-2_L1_000006826_20260814053152_20260814053155_37638EDC.zip
6902,0,PAN,625,-0.0112783799768294,0.0119565199734097,0.0164365514867411,0.976929810567526,0.9469321733332916,0.9469622283207186,3.005498742714164e-05,ok,,False,PAN,625,-0.178828348384286,0.171934514237364,0.2480746971617418,0.9100732330989558,0.9486035519279068,0.9481983909300256,-0.000405160997881,ok,,False,PAN,625,4096,2048,0.1675499684074566,-0.1599779942639543,0.2316591257905837,True,86,T5_A2_L0,248,3,0.0120967741935483,82.66666666666667,2026-08-17 19:36:09+00:00,-122.474091265,48.699139134,5,2,0,phisat_PHISAT-2_L1_000006902_20260817193609_20260817193612_5BA46056.zip
6902,1,MS1,490,0.2711962182706884,-2.1415406862129203,2.1586439955466554,0.6844279579818249,0.9068006554391134,0.9087838098595872,0.0019831544204738,ok,,False,MS1,490,0.2486885467112642,-0.0171162998735781,0.249276876157262,0.9437522226944566,0.9104293665201802,0.9110994667584672,0.0006701002382869,ok,,False,MS1,490,4096,2048,0.02250767155942421,-2.124424386339342,2.1245436141798355,True,86,T5_A2_L0,248,3,0.0120967741935483,82.66666666666667,2026-08-17 19:36:09+00:00,-122.474091265,48.699139134,5,2,0,phisat_PHISAT-2_L1_000006902_20260817193609_20260817193612_5BA46056.zip
6902,2,MS2,560,0.9074807585561756,-0.6567270863733938,1.1201838211321298,1.0002212305553255,0.9603083501190564,0.9634623053180196,0.0031539551989633,ok,,False,MS2,560,0.1389329558446661,-0.2857585942647347,0.3177425694109828,0.9155031919945033,0.9633493901058462,0.9645811710518272,0.0012317809459808,ok,,False,MS2,560,4096,2048,0.7685478027115095,-0.3709684921086591,0.8533951881690344,True,86,T5_A2_L0,248,3,0.0120967741935483,82.66666666666667,2026-08-17 19:36:09+00:00,-122.474091265,48.699139134,5,2,0,phisat_PHISAT-2_L1_000006902_20260817193609_20260817193612_5BA46056.zip
6902,4,MS4,705,0.9917862402216996,-0.0358559514461376,0.9924341769342704,0.9353676048340276,0.8706347741477098,0.8769046670355798,0.0062698928878699,ok,,False,MS4,705,0.780638093601965,-0.1706231851903794,0.7990670212860876,0.8896062417770736,0.8740582369053095,0.8786756516574624,0.0046174147521529,ok,,False,MS4,705,4096,2048,0.21114814661973458,0.1347672337442418,0.25049101203840435,True,86,T5_A2_L0,248,3,0.0120967741935483,82.66666666666667,2026-08-17 19:36:09+00:00,-122.474091265,48.699139134,5,2,0,phisat_PHISAT-2_L1_000006902_20260817193609_20260817193612_5BA46056.zip
6902,5,MS5,740,-0.1018769443353448,0.4333333387946823,0.4451479465279536,0.4504767598118633,0.3412251222400471,0.3428760590417373,0.0016509368016901,ok,,False,MS5,740,-0.2278867451209407,0.7853046172954237,0.8177014800936393,0.4128163483401295,0.3421895642124917,0.343593765468186,0.0014042012556942,ok,,False,MS5,740,4096,2048,0.1260098007855959,-0.3519712785007414,0.3738478979257099,True,86,T5_A2_L0,248,3,0.0120967741935483,82.66666666666667,2026-08-17 19:36:09+00:00,-122.474091265,48.699139134,5,2,0,phisat_PHISAT-2_L1_000006902_20260817193609_20260817193612_5BA46056.zip
6902,6,MS6,783,-0.2096106409308049,0.9974389427588904,1.0192257185351024,0.3324342721607536,0.2324464709184604,0.2362810454732042,0.0038345745547438,ok,,False,MS6,783,-0.8608505881811652,1.2862105275266913,1.5477083886483098,0.2809170433902181,0.2332454586091178,0.2368078387720546,0.0035623801629368,ok,,False,MS6,783,4096,2048,0.6512399472503603,-0.28877158476780085,0.7123920950319137,True,86,T5_A2_L0,248,3,0.0120967741935483,82.66666666666667,2026-08-17 19:36:09+00:00,-122.474091265,48.699139134,5,2,0,phisat_PHISAT-2_L1_000006902_20260817193609_20260817193612_5BA46056.zip
6902,7,MS7,842,0.0483962787882319,0.3089160386052754,0.3126840557305796,0.3189983719785232,0.240419228722757,0.2411265209164976,0.0007072921937406,ok,,False,MS7,842,-0.2822978145190973,0.6930217596379862,0.7483122445971263,0.2748977738956455,0.2409530687271246,0.2419437639581723,0.0009906952310477,ok,,False,MS7,842,4096,2048,0.3306940933073292,-0.3841057210327108,0.5068488811060109,True,86,T5_A2_L0,248,3,0.0120967741935483,82.66666666666667,2026-08-17 19:36:09+00:00,-122.474091265,48.699139134,5,2,0,phisat_PHISAT-2_L1_000006902_20260817193609_20260817193612_5BA46056.zip
6939,0,PAN,625,74.86118687774865,-85.968168437842,113.994400236601,0.3214349658228457,0.335058748561209,0.437170770510109,0.1021120219489,ok,,True,PAN,625,75.15767553262958,-85.69068808477141,113.98056946650868,0.325466267138836,0.3359567718419342,0.4387299144141251,0.1027731425721908,ok,,True,PAN,625,4096,2048,-0.2964886548809318,-0.2774803530705867,0.406079879842971,True,87,T5_A2_L1,337,5,0.0148367952522255,67.39999999999999,2026-08-19 15:31:08+00:00,-63.692930344,44.651833686,5,2,1,phisat_PHISAT-2_L1_000006939_20260819153108_20260819153112_166CB0F6.zip
6939,1,MS1,490,3.0222324694425424,-0.9975815517254888,3.182618112764364,0.4668842833489179,0.8721165021237514,0.8725315077828736,0.0004150056591222,ok,,False,MS1,490,3.099473226082864,0.1438986974692397,3.1028118077540348,0.6763101555407047,0.8724952135538708,0.8733858492532559,0.000890635699385,ok,,False,MS1,490,4096,2048,-0.0772407566403217,-1.1414802491947285,1.1440905968445108,True,87,T5_A2_L1,337,5,0.0148367952522255,67.39999999999999,2026-08-19 15:31:08+00:00,-63.692930344,44.651833686,5,2,1,phisat_PHISAT-2_L1_000006939_20260819153108_20260819153112_166CB0F6.zip
6939,2,MS2,560,1.83115259380088,-0.1861641978762236,1.8405914620997752,0.7950821798294783,0.9970264804336826,0.9972922000115588,0.0002657195778762,ok,,False,MS2,560,1.468946512639377,-0.2944507996362517,1.4981672571518228,1.0554102582391351,0.99722195994011,0.997486190520631,0.0002642305805209,ok,,False,MS2,560,4096,2048,0.3622060811615029,0.1082866017600281,0.3780466020890918,True,87,T5_A2_L1,337,5,0.0148367952522255,67.39999999999999,2026-08-19 15:31:08+00:00,-63.692930344,44.651833686,5,2,1,phisat_PHISAT-2_L1_000006939_20260819153108_20260819153112_166CB0F6.zip
6939,4,MS4,705,0.8859658981718894,-0.0151820933360795,0.8860959703562522,0.6473507229238749,0.9945548444254688,0.9947893349977264,0.0002344905722574,ok,,False,MS4,705,0.4427188872991792,-0.2234346066948092,0.4959062780811384,0.9842798747413326,0.9948423593798164,0.9950316248002437,0.000189265420427,ok,,False,MS4,705,4096,2048,0.44324701087271023,0.20825251335872969,0.48973158155036356,True,87,T5_A2_L1,337,5,0.0148367952522255,67.39999999999999,2026-08-19 15:31:08+00:00,-63.692930344,44.651833686,5,2,1,phisat_PHISAT-2_L1_000006939_20260819153108_20260819153112_166CB0F6.zip
6939,5,MS5,740,-1.0176350316687603,0.0779001238574892,1.020612309829982,0.5556247299537063,0.9841136006885696,0.9841020743926416,-1.1526295928154797e-05,ok,,False,MS5,740,-1.235770172055254,0.0230443221078076,1.2359850156546723,0.8800342953181826,0.984472907224834,0.9844593660395586,-1.3541185275411928e-05,ok,,False,MS5,740,4096,2048,0.21813514038649373,0.054855801749681604,0.22492687357680427,True,87,T5_A2_L1,337,5,0.0148367952522255,67.39999999999999,2026-08-19 15:31:08+00:00,-63.692930344,44.651833686,5,2,1,phisat_PHISAT-2_L1_000006939_20260819153108_20260819153112_166CB0F6.zip
6939,6,MS6,783,-1.99778780406632,1.1111368003059852,2.2859967408267123,0.4586104834452271,0.9741705895816264,0.9741858230722782,1.5233490651911374e-05,ok,,False,MS6,783,-1.9405881355046404,1.1614728062027098,2.2616147751572933,0.7843339021637803,0.9745695676751388,0.974660254945262,9.068727012306876e-05,ok,,False,MS6,783,4096,2048,-0.05719966856167957,-0.0503360058967246,0.0761939339659076,True,87,T5_A2_L1,337,5,0.0148367952522255,67.39999999999999,2026-08-19 15:31:08+00:00,-63.692930344,44.651833686,5,2,1,phisat_PHISAT-2_L1_000006939_20260819153108_20260819153112_166CB0F6.zip
6939,7,MS7,842,0.9691567907962052,0.0881929641757324,0.9731612836917124,0.6280388841405511,0.970175407351696,0.9705174702733228,0.0003420629216269,ok,,False,MS7,842,0.7615961927619992,0.0611703109921109,0.764048799342322,0.8512617993401363,0.9705010335285396,0.9708590408520436,0.0003580073235038,ok,,False,MS7,842,4096,2048,0.207560598034206,0.0270226531836215,0.20931226825343882,True,87,T5_A2_L1,337,5,0.0148367952522255,67.39999999999999,2026-08-19 15:31:08+00:00,-63.692930344,44.651833686,5,2,1,phisat_PHISAT-2_L1_000006939_20260819153108_20260819153112_166CB0F6.zip
6971,0,PAN,625,2.9775429264948343,-0.985641070660222,3.1364390954220123,0.3749179118312895,0.8752771952201299,0.8532008135986855,-0.0220763816214444,ok,,False,PAN,625,-0.9550461560133954,-0.5440721811405638,1.099148624348415,0.6127196450252086,0.8824302938296735,0.8869497258407056,0.0045194320110321,ok,,False,PAN,625,4096,2048,3.9325890825082297,-0.4415688895196582,3.957302108261959,True,88,T5_A1_L3,142,2,0.0140845070422535,71.0,2026-08-21 00:39:23+00:00,152.169708866,-4.474587016,5,1,3,phisat_PHISAT-2_L1_000006971_20260821003923_20260821003925_4019CC92.zip
6971,1,MS1,490,16.83104419093638,-1.6094316044973311,16.907818269865814,0.1697927842033095,0.8110526390899776,0.7548305573972311,-0.0562220816927464,ok,,False,MS1,490,15.254365403623751,0.2324781563081615,15.256136796726544,0.3455985844193492,0.8177187332945658,0.7839001266795944,-0.0338186066149713,ok,,False,MS1,490,4096,2048,1.5766787873126304,-1.8419097608054926,2.4245716251148726,True,88,T5_A1_L3,142,2,0.0140845070422535,71.0,2026-08-21 00:39:23+00:00,152.169708866,-4.474587016,5,1,3,phisat_PHISAT-2_L1_000006971_20260821003923_20260821003925_4019CC92.zip
6971,2,MS2,560,4.070092845236786,-0.1008205555694985,4.071341370270125,0.2654419167884043,0.8452998166052549,0.8234409362030638,-0.021858880402191,ok,,False,MS2,560,4.208423837866803,-0.0046499160193889,4.208426406727881,0.4325818876095582,0.8540770084303727,0.8306675151803823,-0.0234094932499904,ok,,False,MS2,560,4096,2048,-0.13833099263001714,-0.0961706395501096,0.16847627558051892,True,88,T5_A1_L3,142,2,0.0140845070422535,71.0,2026-08-21 00:39:23+00:00,152.169708866,-4.474587016,5,1,3,phisat_PHISAT-2_L1_000006971_20260821003923_20260821003925_4019CC92.zip
6971,4,MS4,705,14.834865903111677,0.2346015576063109,14.83672080529039,0.1997006906749447,0.7353889225327128,0.6885180246630497,-0.0468708978696631,ok,,False,MS4,705,13.547767293362996,-0.0748710297725665,13.547974177205068,0.2970933162723668,0.7467898363165949,0.7146929315118304,-0.0320969048047644,ok,,False,MS4,705,4096,2048,1.2870986097486803,0.3094725873788774,1.3237809915374834,True,88,T5_A1_L3,142,2,0.0140845070422535,71.0,2026-08-21 00:39:23+00:00,152.169708866,-4.474587016,5,1,3,phisat_PHISAT-2_L1_000006971_20260821003923_20260821003925_4019CC92.zip
6971,5,MS5,740,13.612594546968694,20.882790492349383,24.92776903470344,-0.0012096465361537,0.0942868127190819,0.1187573683628927,0.0244705556438108,ok,,False,MS5,740,-3.046148303224527,3.147528998265898,4.380177882251175,-0.0405617048745625,0.0966353891408112,0.1026699440758825,0.0060345549350712,ok,,False,MS5,740,4096,2048,16.65874285019322,17.735261494083485,24.3321436296185,True,88,T5_A1_L3,142,2,0.0140845070422535,71.0,2026-08-21 00:39:23+00:00,152.169708866,-4.474587016,5,1,3,phisat_PHISAT-2_L1_000006971_20260821003923_20260821003925_4019CC92.zip
6971,6,MS6,783,-1.8991356858073232,0.0325423637684707,1.8994144778184912,-0.0634902153615257,-0.0817381764972359,-0.0792645809791172,0.0024735955181186,ok,,False,MS6,783,-833.2052704011148,-391.7085419695027,920.6881146599366,-0.0034157477202825,-0.0821627066363916,0.0462233253587775,0.1283860319951692,ok,,True,MS6,783,4096,2048,831.3061347153075,391.74108433327115,918.9836596860208,True,88,T5_A1_L3,142,2,0.0140845070422535,71.0,2026-08-21 00:39:23+00:00,152.169708866,-4.474587016,5,1,3,phisat_PHISAT-2_L1_000006971_20260821003923_20260821003925_4019CC92.zip
6971,7,MS7,842,-67.18088336623487,-6.605873015367251,67.50487869897115,-0.0467753722987254,0.0240047350529315,-0.0454314397433068,-0.0694361747962383,ok,,False,MS7,842,-370.86348869783615,199.3090077344345,421.0270867927798,0.0051428638034849,0.0246902568838783,0.0034728554784489,-0.0212174014054293,ok,,True,MS7,842,4096,2048,303.6826053316013,-205.91488074980174,366.91151916394523,True,88,T5_A1_L3,142,2,0.0140845070422535,71.0,2026-08-21 00:39:23+00:00,152.169708866,-4.474587016,5,1,3,phisat_PHISAT-2_L1_000006971_20260821003923_20260821003925_4019CC92.zip
7064,0,PAN,625,-0.1466731995587906,0.0448382502659114,0.1533737140311903,0.9430897770216689,0.9301650231303248,0.930522397135649,0.0003573740053243,ok,,False,PAN,625,-0.235408099815686,0.3012639804126138,0.3823309552637397,0.8690930616576225,0.931040997975173,0.931757770865011,0.0007167728898379,ok,,False,PAN,625,4096,2048,0.0887349002568954,-0.25642573014670245,0.2713448683960517,True,89,T5_A2_L2,392,7,0.0178571428571428,56.0,2026-08-25 09:27:09+00:00,30.880303436,50.282519899,5,2,2,phisat_PHISAT-2_L1_000007064_20260825092709_20260825092711_FB83741A.zip
7064,1,MS1,490,-0.8268390017769889,-1.2392447772576816,1.4897618443294915,0.6508365404242795,0.9368717037569644,0.9370120330360712,0.0001403292791068,ok,,False,MS1,490,-0.9576747350420192,0.4099493151334172,1.041729014243224,0.9208282586187124,0.9384529246188572,0.9376732309316912,-0.0007796936871661,ok,,False,MS1,490,4096,2048,0.13083573326503029,-1.6491940923910988,1.654375756434039,True,89,T5_A2_L2,392,7,0.0178571428571428,56.0,2026-08-25 09:27:09+00:00,30.880303436,50.282519899,5,2,2,phisat_PHISAT-2_L1_000007064_20260825092709_20260825092711_FB83741A.zip
7064,2,MS2,560,0.4124919873167982,0.4507851406306145,0.6110293631356226,0.8128523915074766,0.9618491301754248,0.9618065276208372,-4.260255458754525e-05,ok,,False,MS2,560,-0.3342478120825944,0.3539808026719129,0.4868511153753816,0.8084473047638312,0.9631074123995907,0.9627538586162208,-0.00035355378337,ok,,False,MS2,560,4096,2048,0.7467397993993926,0.09680433795870158,0.7529883185379888,True,89,T5_A2_L2,392,7,0.0178571428571428,56.0,2026-08-25 09:27:09+00:00,30.880303436,50.282519899,5,2,2,phisat_PHISAT-2_L1_000007064_20260825092709_20260825092711_FB83741A.zip
7064,4,MS4,705,-0.1228084919530374,0.0660930757805999,0.139464046843333,0.8577052502078004,0.9675248317419216,0.9683490888179213,0.0008242570759996,ok,,False,MS4,705,-0.3462475986484605,0.3277900679577215,0.4767952686652344,0.8424258349114098,0.9697003127342464,0.971321841907194,0.0016215291729476,ok,,False,MS4,705,4096,2048,0.2234391066954231,-0.26169699217712156,0.3441080500589911,True,89,T5_A2_L2,392,7,0.0178571428571428,56.0,2026-08-25 09:27:09+00:00,30.880303436,50.282519899,5,2,2,phisat_PHISAT-2_L1_000007064_20260825092709_20260825092711_FB83741A.zip
7064,5,MS5,740,-0.5165931574360911,0.7168134392152297,0.8835666341308706,0.2244218036939855,0.6277288759874963,0.6347927138101062,0.0070638378226098,ok,,False,MS5,740,-0.8701130284498504,2.053314950286449,2.2300670320302065,0.212447362835519,0.6318578677151522,0.6415998399203393,0.0097419722051871,ok,,False,MS5,740,4096,2048,0.35351987101375926,-1.3365015110712193,1.38246612555145,True,89,T5_A2_L2,392,7,0.0178571428571428,56.0,2026-08-25 09:27:09+00:00,30.880303436,50.282519899,5,2,2,phisat_PHISAT-2_L1_000007064_20260825092709_20260825092711_FB83741A.zip
7064,6,MS6,783,-1.395695404685739,2.2808449307065075,2.6739893905156884,0.0604717810929287,0.4347841798435565,0.4452469083097467,0.0104627284661901,ok,,False,MS6,783,-3.521031821554516,5.110595837172468,6.206114315682887,0.0571014787055901,0.4385417818100828,0.4489008560295112,0.0103590742194284,ok,,False,MS6,783,4096,2048,2.125336416868777,-2.8297509064659607,3.539003401738057,True,89,T5_A2_L2,392,7,0.0178571428571428,56.0,2026-08-25 09:27:09+00:00,30.880303436,50.282519899,5,2,2,phisat_PHISAT-2_L1_000007064_20260825092709_20260825092711_FB83741A.zip
7064,7,MS7,842,-1.660086243721253,1.2729773751680111,2.09197460172971,0.10024684885866,0.4548209812158021,0.4625462352449363,0.0077252540291342,ok,,False,MS7,842,-3.806756609451895,3.311308804291457,5.04540998145679,0.0813423557992791,0.4590239532129213,0.4621330980888593,0.0031091448759379,ok,,False,MS7,842,4096,2048,2.1466703657306425,-2.0383314291234456,2.960234564026736,True,89,T5_A2_L2,392,7,0.0178571428571428,56.0,2026-08-25 09:27:09+00:00,30.880303436,50.282519899,5,2,2,phisat_PHISAT-2_L1_000007064_20260825092709_20260825092711_FB83741A.zip
7085,0,PAN,625,1.0332816679033383,1.0247755160469296,1.4552786205790136,0.6500681255711243,0.8857853260124284,0.8898487730732451,0.0040634470608166,ok,,False,PAN,625,0.9432653491899146,1.3519488498848204,1.6484887660179126,0.7078423808561638,0.8874419467155843,0.8918181874928219,0.0043762407772376,ok,,False,PAN,625,4096,2048,0.09001631871342375,-0.3271733338378908,0.33933070596295384,True,90,T5_A2_L2,392,7,0.0178571428571428,56.0,2026-08-26 07:30:50+00:00,54.41578651,24.365498221,5,2,2,phisat_PHISAT-2_L1_000007085_20260826073050_20260826073053_9BAEA96F.zip
7085,1,MS1,490,0.975717984153107,-1.8715830911241933,2.110651286115685,0.6587328831665218,0.9486369854567096,0.9456869642983812,-0.0029500211583283,ok,,False,MS1,490,-0.6632412886847305,-1.4006031429435095,1.5497026072893534,0.8164447667077184,0.9500410916489628,0.9499595110550484,-8.158059391438766e-05,ok,,False,MS1,490,4096,2048,1.6389592728378375,-0.4709799481806838,1.705288717375862,True,90,T5_A2_L2,392,7,0.0178571428571428,56.0,2026-08-26 07:30:50+00:00,54.41578651,24.365498221,5,2,2,phisat_PHISAT-2_L1_000007085_20260826073050_20260826073053_9BAEA96F.zip
7085,2,MS2,560,0.0830163502985215,-0.4987935580265912,0.5056547517286011,0.9856312901247292,0.9684521171584944,0.9691408777285796,0.0006887605700852,ok,,False,MS2,560,-0.6779983314581841,-0.490026248038248,0.8365449546955168,0.9027465105755256,0.9692979116444038,0.9695826559278872,0.0002847442834832,ok,,False,MS2,560,4096,2048,0.7610146817567056,-0.008767309988343186,0.7610651822108877,True,90,T5_A2_L2,392,7,0.0178571428571428,56.0,2026-08-26 07:30:50+00:00,54.41578651,24.365498221,5,2,2,phisat_PHISAT-2_L1_000007085_20260826073050_20260826073053_9BAEA96F.zip
7085,4,MS4,705,1.043718568145323,1.674608978081551,1.9732368532344664,0.937170504097594,0.978181617870446,0.9853528295702342,0.007171211699788,ok,,False,MS4,705,1.0962811774907095,1.6329561036691302,1.9668192740134216,0.9322873034980148,0.9799275186484726,0.9864477607412248,0.0065202420927521,ok,,False,MS4,705,4096,2048,-0.05256260934538659,0.041652874412420715,0.06706556380149661,True,90,T5_A2_L2,392,7,0.0178571428571428,56.0,2026-08-26 07:30:50+00:00,54.41578651,24.365498221,5,2,2,phisat_PHISAT-2_L1_000007085_20260826073050_20260826073053_9BAEA96F.zip
7085,5,MS5,740,0.906593883296182,2.8350988826234698,2.9765245074554483,0.7152517477516085,0.9290881578900436,0.9410762204822248,0.0119880625921812,ok,,False,MS5,740,1.0033046385801754,2.728835445824643,2.907432387551854,0.75448026281083,0.9311841317758888,0.9429038128913264,0.0117196811154374,ok,,False,MS5,740,4096,2048,-0.09671075528399342,0.10626343679882666,0.1436832912620625,True,90,T5_A2_L2,392,7,0.0178571428571428,56.0,2026-08-26 07:30:50+00:00,54.41578651,24.365498221,5,2,2,phisat_PHISAT-2_L1_000007085_20260826073050_20260826073053_9BAEA96F.zip
7085,6,MS6,783,2.844473282487116,5.658348899380826,6.333083018712705,0.5151892682770267,0.8998594573181451,0.9263913489691326,0.0265318916509874,ok,,False,MS6,783,2.6105269576653427,4.480049738242087,5.185141912601859,0.6990661803865805,0.9024098521791418,0.9288719899369172,0.0264621377577752,ok,,False,MS6,783,4096,2048,0.23394632482177347,1.1782991611387388,1.2012992117028423,True,90,T5_A2_L2,392,7,0.0178571428571428,56.0,2026-08-26 07:30:50+00:00,54.41578651,24.365498221,5,2,2,phisat_PHISAT-2_L1_000007085_20260826073050_20260826073053_9BAEA96F.zip
7085,7,MS7,842,0.393324512785739,0.8656799505195067,0.9508448606842204,0.708205934286525,0.9310325122870278,0.933228596502654,0.0021960842156262,ok,,False,MS7,842,0.4536121043199728,0.6741556999943441,0.8125575973556939,0.687923234741902,0.9323286048828348,0.9342174347300366,0.0018888298472017,ok,,False,MS7,842,4096,2048,-0.0602875915342338,0.19152425052516264,0.20078877516490776,True,90,T5_A2_L2,392,7,0.0178571428571428,56.0,2026-08-26 07:30:50+00:00,54.41578651,24.365498221,5,2,2,phisat_PHISAT-2_L1_000007085_20260826073050_20260826073053_9BAEA96F.zip
7202,0,PAN,625,9.269733063797505,-22.77772163761165,24.59171718434039,0.1481059516954701,0.6991618646550933,0.7739124182622095,0.0747505536071161,ok,,False,PAN,625,10.555604650312944,-22.50361301834255,24.8562545129596,0.2139586555131245,0.7000982708716377,0.7789140259399813,0.0788157550683436,ok,,False,PAN,625,4096,2048,-1.285871586515439,-0.2741086192691,1.3147628197379726,True,91,T5_A0_L1,54,1,0.0185185185185185,54.0,2026-08-31 14:41:28+00:00,-61.204820556,-20.67779378,5,0,1,phisat_PHISAT-2_L1_000007202_20260831144128_20260831144131_B699680E.zip
7202,1,MS1,490,-33.062545724063966,1.1965992363002442,33.08419229009732,0.1222999741148669,0.9002725607469552,0.8786995737677717,-0.0215729869791834,ok,,False,MS1,490,-32.74271123024528,2.2931766357226024,32.82291574174748,0.2182025878573767,0.9008782483846844,0.8810809027592393,-0.0197973456254449,ok,,False,MS1,490,4096,2048,-0.3198344938186892,-1.0965773994223582,1.142267961714833,True,91,T5_A0_L1,54,1,0.0185185185185185,54.0,2026-08-31 14:41:28+00:00,-61.204820556,-20.67779378,5,0,1,phisat_PHISAT-2_L1_000007202_20260831144128_20260831144131_B699680E.zip
7202,2,MS2,560,-28.70843391115659,2.0642834900388607,28.782554507174872,0.1862677745521068,0.93931530174002,0.9336805923111924,-0.0056347094288273,ok,,False,MS2,560,-27.728778201600107,2.3542480745622925,27.82853974879231,0.2491782054130453,0.939887689307592,0.9378333132189436,-0.0020543760886486,ok,,False,MS2,560,4096,2048,-0.9796557095564822,-0.28996458452343177,1.0216676414296681,True,91,T5_A0_L1,54,1,0.0185185185185185,54.0,2026-08-31 14:41:28+00:00,-61.204820556,-20.67779378,5,0,1,phisat_PHISAT-2_L1_000007202_20260831144128_20260831144131_B699680E.zip
7202,4,MS4,705,-42.02115246425865,3.1167651102289256,42.136581246902445,0.1559621109627187,0.9086936037571566,0.900798262112544,-0.0078953416446125,ok,,False,MS4,705,1.5981752787822645,1.5631381776127,2.235523469798768,0.2108162221848033,0.9094634056355174,0.9058532108798122,-0.0036101947557052,ok,,False,MS4,705,4096,2048,-43.61932774304091,1.5536269326162255,43.64698740349177,True,91,T5_A0_L1,54,1,0.0185185185185185,54.0,2026-08-31 14:41:28+00:00,-61.204820556,-20.67779378,5,0,1,phisat_PHISAT-2_L1_000007202_20260831144128_20260831144131_B699680E.zip
7202,5,MS5,740,-24.79191127095146,1.8360404784373257,24.85980508984715,0.1834966349415481,0.9348239808578628,0.9346779378168468,-0.0001460430410159,ok,,False,MS5,740,-23.56318166135543,1.828095740093204,23.633989592131577,0.2881129323068307,0.9356602412723156,0.9397600754464606,0.0040998341741448,ok,,False,MS5,740,4096,2048,-1.22872960959603,0.007944738344121571,1.2287552939317776,True,91,T5_A0_L1,54,1,0.0185185185185185,54.0,2026-08-31 14:41:28+00:00,-61.204820556,-20.67779378,5,0,1,phisat_PHISAT-2_L1_000007202_20260831144128_20260831144131_B699680E.zip
7202,6,MS6,783,2.9210155663029127,-0.842943977916093,3.0402115861381973,0.554933781735599,0.9722966570465932,0.975020773610388,0.0027241165637947,ok,,False,MS6,783,2.6419496400292246,-0.5953722639064836,2.708203469660225,0.8935812780400738,0.9730007090837622,0.9762618928621836,0.0032611837784212,ok,,False,MS6,783,4096,2048,0.2790659262736881,-0.24757171400960942,0.3730543456182321,True,91,T5_A0_L1,54,1,0.0185185185185185,54.0,2026-08-31 14:41:28+00:00,-61.204820556,-20.67779378,5,0,1,phisat_PHISAT-2_L1_000007202_20260831144128_20260831144131_B699680E.zip
7202,7,MS7,842,-33.78675482707331,2.323300190984128,33.866539910687486,0.162578203540761,0.9143928108970628,0.8905658313117213,-0.0238269795853415,ok,,False,MS7,842,-32.813026152882685,2.3423349281417813,32.896522889590564,0.1955584845272824,0.9152065661846676,0.8953237281447683,-0.0198828380398992,ok,,False,MS7,842,4096,2048,-0.9737286741906246,-0.019034737157653137,0.9739147047661271,True,91,T5_A0_L1,54,1,0.0185185185185185,54.0,2026-08-31 14:41:28+00:00,-61.204820556,-20.67779378,5,0,1,phisat_PHISAT-2_L1_000007202_20260831144128_20260831144131_B699680E.zip
7214,0,PAN,625,-0.0772477439018075,0.0466117752837362,0.090221236596606,1.0061838859692216,0.9872938692765542,0.9874244249776464,0.0001305557010923,ok,,False,PAN,625,-0.2055125939596109,0.2512038208549256,0.3245593718999984,0.9051065808162092,0.9885536249304986,0.9885196071094582,-3.401782104039963e-05,ok,,False,PAN,625,4096,2048,0.12826485005780341,-0.2045920455711894,0.24147417433621018,True,92,T5_A2_L2,392,7,0.0178571428571428,56.0,2026-09-01 09:12:22+00:00,33.952515852,46.60186456,5,2,2,phisat_PHISAT-2_L1_000007214_20260901091222_20260901091225_094FDBD9.zip
7214,1,MS1,490,0.8881546204163442,-0.9909614075618264,1.3307227889548658,0.5532234186539426,0.9461389120953396,0.9458192745290211,-0.0003196375663183,ok,,False,MS1,490,-0.5131357485520311,-0.797390234768045,0.9482296572800764,1.0076314635225572,0.948958975383178,0.9511869316210853,0.0022279562379071,ok,,False,MS1,490,4096,2048,1.4012903689683753,-0.19357117279378133,1.4145969380358085,True,92,T5_A2_L2,392,7,0.0178571428571428,56.0,2026-09-01 09:12:22+00:00,33.952515852,46.60186456,5,2,2,phisat_PHISAT-2_L1_000007214_20260901091222_20260901091225_094FDBD9.zip
7214,2,MS2,560,0.0707134202443739,-0.6806259471745761,0.6842894619749352,0.8681969428434968,0.9740341902818148,0.975687428767683,0.0016532384858681,ok,,False,MS2,560,-0.1212229675561502,-0.5909116856778382,0.603217728630172,0.9342163441178856,0.9763874132141804,0.9773237970001702,0.0009363837859899,ok,,False,MS2,560,4096,2048,0.19193638780052408,-0.08971426149673789,0.21186841595154818,True,92,T5_A2_L2,392,7,0.0178571428571428,56.0,2026-09-01 09:12:22+00:00,33.952515852,46.60186456,5,2,2,phisat_PHISAT-2_L1_000007214_20260901091222_20260901091225_094FDBD9.zip
7214,4,MS4,705,-0.0039663786897108,1.8792387341304675,1.8792429199058307,0.7701513664796948,0.963707666668014,0.9716297625282768,0.0079220958602626,ok,,False,MS4,705,-0.0568681825961903,2.182242334685043,2.1829831876318746,0.9077436371007934,0.9669361619569704,0.9742618246448768,0.0073256626879062,ok,,False,MS4,705,4096,2048,0.0529018039064795,-0.3030036005545753,0.3075870328957257,True,92,T5_A2_L2,392,7,0.0178571428571428,56.0,2026-09-01 09:12:22+00:00,33.952515852,46.60186456,5,2,2,phisat_PHISAT-2_L1_000007214_20260901091222_20260901091225_094FDBD9.zip
7214,5,MS5,740,-0.1401868688167269,1.981174384961605,1.9861279671301728,0.5955942021682858,0.8406112001009424,0.8470925421891218,0.0064813420881794,ok,,False,MS5,740,-0.1194991116567507,2.379361048021565,2.382359971651856,0.7019097680458799,0.8435739937084433,0.8498711215680584,0.0062971278596151,ok,,False,MS5,740,4096,2048,-0.0206877571599762,-0.39818666305995976,0.39872371629379666,True,92,T5_A2_L2,392,7,0.0178571428571428,56.0,2026-09-01 09:12:22+00:00,33.952515852,46.60186456,5,2,2,phisat_PHISAT-2_L1_000007214_20260901091222_20260901091225_094FDBD9.zip
7214,6,MS6,783,-0.713115103232667,1.9758098327645257,2.1005612692105697,0.4989656190664391,0.7968938471247842,0.8027583921542508,0.0058645450294666,ok,,False,MS6,783,-0.4905916034158508,2.329047324752992,2.380155785296669,0.6453233052743599,0.7997497697307345,0.8056331757593517,0.0058834060286171,ok,,False,MS6,783,4096,2048,-0.22252349981681624,-0.35323749198846643,0.41748465087596515,True,92,T5_A2_L2,392,7,0.0178571428571428,56.0,2026-09-01 09:12:22+00:00,33.952515852,46.60186456,5,2,2,phisat_PHISAT-2_L1_000007214_20260901091222_20260901091225_094FDBD9.zip
7214,7,MS7,842,-1.7776270316762748,0.9762093222029762,2.028039078642766,0.6353644516784698,0.8065608082010272,0.8134982992855884,0.0069374910845612,ok,,False,MS7,842,-1.5552264159337028,0.8963733974273964,1.7950527770607536,0.6629582468885928,0.8092217566922859,0.8156366695696753,0.0064149128773893,ok,,False,MS7,842,4096,2048,-0.22240061574257197,0.07983592477557977,0.23629601936437097,True,92,T5_A2_L2,392,7,0.0178571428571428,56.0,2026-09-01 09:12:22+00:00,33.952515852,46.60186456,5,2,2,phisat_PHISAT-2_L1_000007214_20260901091222_20260901091225_094FDBD9.zip
7218,0,PAN,625,0.1109108959574314,1.8612338468626604,1.8645355077201555,0.7388176126405597,0.976215196858308,0.9777503854919548,0.0015351886336467,ok,,False,PAN,625,0.2465624739588747,1.7375877432034486,1.754994079447442,0.8550064254668541,0.9765934014285818,0.9780366172192918,0.00144321579071,ok,,False,PAN,625,4096,2048,-0.1356515780014433,0.1236461036592118,0.1835475675795956,True,93,T5_A2_L2,392,7,0.0178571428571428,56.0,2026-09-01 12:11:50+00:00,14.055173864,77.845685658,5,2,2,phisat_PHISAT-2_L1_000007218_20260901121150_20260901121153_0ABCCE9C.zip
7218,1,MS1,490,-0.9071305164784462,0.275983241738686,0.9481838026706882,0.6775810141116381,0.9927025807155124,0.9933669719682569,0.0006643912527442,ok,,False,MS1,490,-0.7480026692242063,1.4674325323157973,1.6470780886361431,1.122375796083361,0.9931116054338333,0.9946002285491292,0.001488623115296,ok,,False,MS1,490,4096,2048,-0.1591278472542399,-1.1914492905771112,1.2020287366733253,True,93,T5_A2_L2,392,7,0.0178571428571428,56.0,2026-09-01 12:11:50+00:00,14.055173864,77.845685658,5,2,2,phisat_PHISAT-2_L1_000007218_20260901121150_20260901121153_0ABCCE9C.zip
7218,2,MS2,560,0.7615401061066223,0.994250927666826,1.2523890131964708,0.8211381919682026,0.9972001128159692,0.9978858293285112,0.0006857165125421,ok,,False,MS2,560,0.3627673636415238,1.2642421891580398,1.3152598499804269,1.136252178432187,0.9976745658982455,0.9983947502570164,0.0007201843587708,ok,,False,MS2,560,4096,2048,0.3987727424650985,-0.2699912614912138,0.48157551994962605,True,93,T5_A2_L2,392,7,0.0178571428571428,56.0,2026-09-01 12:11:50+00:00,14.055173864,77.845685658,5,2,2,phisat_PHISAT-2_L1_000007218_20260901121150_20260901121153_0ABCCE9C.zip
7218,4,MS4,705,0.0767069882226678,0.789022963549769,0.7927428328600975,0.7575848149135709,0.9967686502822088,0.997144301069144,0.0003756507869352,ok,,False,MS4,705,0.0915497696198599,0.4985414387317632,0.5068776247282828,1.1238720216206275,0.9974475862046396,0.9976723145475436,0.0002247283429042,ok,,False,MS4,705,4096,2048,-0.014842781397192098,0.29048152481800577,0.29086048961692706,True,93,T5_A2_L2,392,7,0.0178571428571428,56.0,2026-09-01 12:11:50+00:00,14.055173864,77.845685658,5,2,2,phisat_PHISAT-2_L1_000007218_20260901121150_20260901121153_0ABCCE9C.zip
7218,5,MS5,740,-0.8180215291190507,0.1148799764760042,0.8260488067283901,0.7137915473431349,0.9947575944367828,0.99515544520985,0.000397850773067,ok,,False,MS5,740,-0.506868175505133,0.2733267954081384,0.5758670718386185,1.1099596086423844,0.9955061713873626,0.9957749482857452,0.0002687768983825,ok,,False,MS5,740,4096,2048,-0.3111533536139177,-0.15844681893213422,0.3491730285902682,True,93,T5_A2_L2,392,7,0.0178571428571428,56.0,2026-09-01 12:11:50+00:00,14.055173864,77.845685658,5,2,2,phisat_PHISAT-2_L1_000007218_20260901121150_20260901121153_0ABCCE9C.zip
7218,6,MS6,783,-0.1191936955742676,0.9955904142088912,1.002700059803171,0.6971150189638138,0.9914125817038648,0.9918590929549108,0.000446511251046,ok,,False,MS6,783,-0.3989154639507433,0.8749378843692739,0.961587150955969,1.0598027770174667,0.9921882944530636,0.992718431694916,0.0005301372418522,ok,,False,MS6,783,4096,2048,0.27972176837647567,0.12065252983961727,0.30463305904048305,True,93,T5_A2_L2,392,7,0.0178571428571428,56.0,2026-09-01 12:11:50+00:00,14.055173864,77.845685658,5,2,2,phisat_PHISAT-2_L1_000007218_20260901121150_20260901121153_0ABCCE9C.zip
7218,7,MS7,842,-0.9064815940109838,2.058843290896448,2.249565419531072,0.8596732299774885,0.9921781876352648,0.993780822201193,0.0016026345659283,ok,,False,MS7,842,-0.9202756542099452,2.113997674089888,2.305622138553713,1.1053748656995597,0.9928006034601397,0.9943173051512336,0.001516701691094,ok,,False,MS7,842,4096,2048,0.013794060198961344,-0.055154383193440015,0.05685316246455766,True,93,T5_A2_L2,392,7,0.0178571428571428,56.0,2026-09-01 12:11:50+00:00,14.055173864,77.845685658,5,2,2,phisat_PHISAT-2_L1_000007218_20260901121150_20260901121153_0ABCCE9C.zip
7244,0,PAN,625,-10.865821626795425,0.1318878012114055,10.866622015025806,0.2562382573087234,0.6545308785859509,0.6598151241568505,0.0052842455708995,ok,,False,PAN,625,-10.285635452804854,0.3357610075138382,10.291114231324167,0.250979563803412,0.6562635827171776,0.6638512727405003,0.0075876900233227,ok,,False,PAN,625,4096,2048,-0.5801861739905707,-0.2038732063024327,0.6149636418015711,True,94,T5_A1_L1,203,2,0.0098522167487684,101.5,2026-09-02 12:00:11+00:00,-16.728540615,13.378244346,5,1,1,phisat_PHISAT-2_L1_000007244_20260902120011_20260902120014_2A687717.zip
7244,1,MS1,490,17.174771438170637,1.83398108059464,17.272413281223354,0.125866020884132,0.9263700436002756,0.917436577505406,-0.0089334660948698,ok,,False,MS1,490,18.10457518380349,2.5166366337286945,18.278651551255592,0.2583798755076714,0.9270044732042044,0.9160214934547144,-0.0109829797494901,ok,,False,MS1,490,4096,2048,-0.929803745632853,-0.6826555531340546,1.153496254704646,True,94,T5_A1_L1,203,2,0.0098522167487684,101.5,2026-09-02 12:00:11+00:00,-16.728540615,13.378244346,5,1,1,phisat_PHISAT-2_L1_000007244_20260902120011_20260902120014_2A687717.zip
7244,2,MS2,560,17.775933555587244,0.9536901828118972,17.801498216089687,0.2403742596507072,0.9603764659465744,0.9596242146185612,-0.0007522513280131,ok,,False,MS2,560,16.738921737669898,0.90539517153843,16.763389912439635,0.3016017104600905,0.9608900107545896,0.962047624304906,0.0011576135503164,ok,,False,MS2,560,4096,2048,1.037011817917346,0.04829501127346725,1.0381357900651258,True,94,T5_A1_L1,203,2,0.0098522167487684,101.5,2026-09-02 12:00:11+00:00,-16.728540615,13.378244346,5,1,1,phisat_PHISAT-2_L1_000007244_20260902120011_20260902120014_2A687717.zip
7244,4,MS4,705,19.51154759054134,-2.6378524103292875,19.68905164594373,0.1223277557000983,0.9279815452226956,0.9184577305634992,-0.0095238146591962,ok,,False,MS4,705,18.435172721138088,-1.4654137238730982,18.49332394785506,0.2085933640919393,0.9286273230070072,0.9215329347935164,-0.0070943882134907,ok,,False,MS4,705,4096,2048,1.0763748694032529,-1.1724386864561893,1.5916014994281653,True,94,T5_A1_L1,203,2,0.0098522167487684,101.5,2026-09-02 12:00:11+00:00,-16.728540615,13.378244346,5,1,1,phisat_PHISAT-2_L1_000007244_20260902120011_20260902120014_2A687717.zip
7244,5,MS5,740,13.960017966651549,-1.9556730801232327,14.096338490031826,0.0747589153470471,0.8400646839748159,0.8508719491667187,0.0108072651919027,ok,,False,MS5,740,13.44466511302494,-0.8946746076144336,13.474400270694794,0.1590952515252865,0.84090620925634,0.8523432744867033,0.0114370652303633,ok,,False,MS5,740,4096,2048,0.5153528536266094,-1.060998472508799,1.1795364862551283,True,94,T5_A1_L1,203,2,0.0098522167487684,101.5,2026-09-02 12:00:11+00:00,-16.728540615,13.378244346,5,1,1,phisat_PHISAT-2_L1_000007244_20260902120011_20260902120014_2A687717.zip
7244,6,MS6,783,-0.0655999218215583,0.8028857112578862,0.8055611802247403,0.0969221850391477,0.7858572434480018,0.7857463396355969,-0.0001109038124048,ok,,False,MS6,783,-0.1914598926973667,-0.2881407579229744,0.3459508446125162,0.2842487667221576,0.786880425051501,0.787577137033351,0.0006967119818499,ok,,False,MS6,783,4096,2048,0.1258599708758084,1.0910264691808607,1.0982620309935671,True,94,T5_A1_L1,203,2,0.0098522167487684,101.5,2026-09-02 12:00:11+00:00,-16.728540615,13.378244346,5,1,1,phisat_PHISAT-2_L1_000007244_20260902120011_20260902120014_2A687717.zip
7244,7,MS7,842,13.026243461853484,7.507426929601479,15.034775616243364,0.0099430611298885,0.7810188340015746,0.7664691915411134,-0.0145496424604611,ok,,False,MS7,842,10.214644842199732,5.251307253610548,11.485434128673605,0.0574212424980942,0.7821169545665438,0.7744424329140797,-0.0076745216524641,ok,,False,MS7,842,4096,2048,2.8115986196537524,2.2561196759909308,3.604880412778253,True,94,T5_A1_L1,203,2,0.0098522167487684,101.5,2026-09-02 12:00:11+00:00,-16.728540615,13.378244346,5,1,1,phisat_PHISAT-2_L1_000007244_20260902120011_20260902120014_2A687717.zip
7279,0,PAN,625,0.2276674398974592,-0.1209606664911007,0.2578060240324777,0.2026119895017473,0.3093177122418324,0.314045299030227,0.0047275867883946,ok,,False,PAN,625,0.3939791805657933,0.0376474629758831,0.3957738321160388,0.3229202880756929,0.316778794069128,0.319054460563534,0.0022756664944059,ok,,False,PAN,625,4096,2048,-0.1663117406683341,-0.1586081294669838,0.22981760989346903,True,95,T5_A2_L2,392,7,0.0178571428571428,56.0,2026-09-04 07:49:55+00:00,48.597373338,27.77407965,5,2,2,phisat_PHISAT-2_L1_000007279_20260904074955_20260904074958_1A2B7947.zip
7279,1,MS1,490,3.6635994226280673,-0.7808040996360432,3.7458798394354775,0.3870612684404477,0.7518015555906385,0.7569812935302599,0.0051797379396213,ok,,False,MS1,490,2.3817104504282725,0.2164690254996912,2.391527442593965,0.7701781548676081,0.7556000087188377,0.7640684779999222,0.0084684692810844,ok,,False,MS1,490,4096,2048,1.2818889721997948,-0.9972731251357344,1.624128388756702,True,95,T5_A2_L2,392,7,0.0178571428571428,56.0,2026-09-04 07:49:55+00:00,48.597373338,27.77407965,5,2,2,phisat_PHISAT-2_L1_000007279_20260904074955_20260904074958_1A2B7947.zip
7279,2,MS2,560,1.818234377086356,-0.1444217594453221,1.823961045258338,0.7671860354021192,0.9287427570346516,0.939315807511307,0.0105730504766555,ok,,False,MS2,560,1.7388616370683394,-0.0217989484995086,1.738998271138781,0.8925061892950907,0.9331056758920035,0.9422600040337864,0.0091543281417827,ok,,False,MS2,560,4096,2048,0.07937274001801664,-0.1226228109458135,0.14606979709104953,True,95,T5_A2_L2,392,7,0.0178571428571428,56.0,2026-09-04 07:49:55+00:00,48.597373338,27.77407965,5,2,2,phisat_PHISAT-2_L1_000007279_20260904074955_20260904074958_1A2B7947.zip
7279,4,MS4,705,1.154472404907665,-1.202892679380966,1.6672604271083766,0.5310930835548788,0.9480495548328072,0.9593201294847128,0.0112705746519058,ok,,False,MS4,705,3.1258654717271384,-1.3963729145252728,3.4235788677575005,0.8676678366027772,0.9535853277763356,0.968030940110082,0.0144456123337464,ok,,False,MS4,705,4096,2048,-1.9713930668194735,0.1934802351443068,1.9808647670387258,True,95,T5_A2_L2,392,7,0.0178571428571428,56.0,2026-09-04 07:49:55+00:00,48.597373338,27.77407965,5,2,2,phisat_PHISAT-2_L1_000007279_20260904074955_20260904074958_1A2B7947.zip
7279,5,MS5,740,1.1537063937680614,-1.4825316835767808,1.8785469479973904,0.723387052596081,0.949427514241458,0.9597999440218586,0.0103724297804007,ok,,False,MS5,740,1.779090153217339,-1.403326868842214,2.265940880537131,0.9276974280364813,0.9551985676614974,0.9663819871343398,0.0111834194728424,ok,,False,MS5,740,4096,2048,-0.6253837594492777,-0.07920481473456675,0.630379448633955,True,95,T5_A2_L2,392,7,0.0178571428571428,56.0,2026-09-04 07:49:55+00:00,48.597373338,27.77407965,5,2,2,phisat_PHISAT-2_L1_000007279_20260904074955_20260904074958_1A2B7947.zip
7279,6,MS6,783,0.4774821991179578,-1.3364123876503982,1.4191502106330955,0.8761891826288775,0.9624938615074352,0.9650968122412258,0.0026029507337905,ok,,False,MS6,783,0.4610155650050274,-1.6280252775145527,1.6920406778216772,0.8968897112645209,0.9671314328174818,0.9666465664971908,-0.000484866320291,ok,,False,MS6,783,4096,2048,0.016466634112930423,0.29161288986415457,0.29207743420869176,True,95,T5_A2_L2,392,7,0.0178571428571428,56.0,2026-09-04 07:49:55+00:00,48.597373338,27.77407965,5,2,2,phisat_PHISAT-2_L1_000007279_20260904074955_20260904074958_1A2B7947.zip
7279,7,MS7,842,0.2272897505167748,-0.5775424671401197,0.6206576609051676,0.506485462654382,0.9479253383952692,0.9513908332298068,0.0034654948345373,ok,,False,MS7,842,1.54841144131251,-0.6092319552221852,1.663953595161635,0.7278274111449718,0.9526758879809032,0.9613109645485794,0.0086350765676761,ok,,False,MS7,842,4096,2048,-1.3211216907957353,0.03168948808206551,1.3215017009243255,True,95,T5_A2_L2,392,7,0.0178571428571428,56.0,2026-09-04 07:49:55+00:00,48.597373338,27.77407965,5,2,2,phisat_PHISAT-2_L1_000007279_20260904074955_20260904074958_1A2B7947.zip
7339,0,PAN,625,0.1932339957159001,-0.7646811623430949,0.7887183636398478,0.8031368558295071,0.9793114100205512,0.9802376486381637,0.0009262386176122,ok,,False,PAN,625,0.3491811646877067,-0.5541375094785508,0.654977759304661,0.8910716197569855,0.982540922583206,0.9832225768176804,0.0006816542344743,ok,,False,PAN,625,4096,2048,-0.1559471689718066,-0.21054365286454413,0.26200791833810455,True,96,T5_A2_L0,248,3,0.0120967741935483,82.66666666666667,2026-09-06 19:13:59+00:00,-109.828566276,64.966543049,5,2,0,phisat_PHISAT-2_L1_000007339_20260906191359_20260906191407_6FF8D90C.zip
7339,1,MS1,490,0.9059662272995864,-0.7352569547820167,1.1667808682708036,0.5350698872935027,0.9151405182573752,0.9178852588422052,0.0027447405848299,ok,,False,MS1,490,0.6728669852748226,0.2288136730423957,0.7107078702561135,0.9396855304948986,0.9223229528249508,0.9247383991180048,0.0024154462930542,ok,,False,MS1,490,4096,2048,0.23309924202476384,-0.9640706278244124,0.9918505089307946,True,96,T5_A2_L0,248,3,0.0120967741935483,82.66666666666667,2026-09-06 19:13:59+00:00,-109.828566276,64.966543049,5,2,0,phisat_PHISAT-2_L1_000007339_20260906191359_20260906191407_6FF8D90C.zip
7339,2,MS2,560,1.0204797910582784,-0.0571144805062431,1.0220768404781733,0.7347789891064167,0.9533703181087662,0.955473633926633,0.0021033158178668,ok,,False,MS2,560,0.8204523307549607,-0.0037341625488807,0.8204608284441062,0.9393302411772312,0.959664873585246,0.9619565811121747,0.0022917075269288,ok,,False,MS2,560,4096,2048,0.20002746030331764,-0.0533803179573624,0.2070276387843527,True,96,T5_A2_L0,248,3,0.0120967741935483,82.66666666666667,2026-09-06 19:13:59+00:00,-109.828566276,64.966543049,5,2,0,phisat_PHISAT-2_L1_000007339_20260906191359_20260906191407_6FF8D90C.zip
7339,4,MS4,705,-0.941750957991644,-0.2495444109026721,0.9742521644271268,0.5187200945802033,0.95714269632194,0.958787559869296,0.0016448635473559,ok,,False,MS4,705,-1.0789963756606085,-0.4553973844081156,1.171161797709643,0.6789407433534507,0.9616001990218548,0.962913124677074,0.0013129256552191,ok,,False,MS4,705,4096,2048,0.13724541766896448,0.20585297350544352,0.24741008745029242,True,96,T5_A2_L0,248,3,0.0120967741935483,82.66666666666667,2026-09-06 19:13:59+00:00,-109.828566276,64.966543049,5,2,0,phisat_PHISAT-2_L1_000007339_20260906191359_20260906191407_6FF8D90C.zip
7339,5,MS5,740,-2.1111905265388486,-0.0940610023399131,2.1132848628399747,0.278955495916307,0.918997196230841,0.9216296517000604,0.0026324554692193,ok,,False,MS5,740,-2.344347678716531,-0.0480997129934621,2.3448410652096743,0.4456251179799437,0.9232174058951528,0.9255800222709752,0.0023626163758222,ok,,False,MS5,740,4096,2048,0.2331571521776823,-0.045961289346451,0.23764405679502085,True,96,T5_A2_L0,248,3,0.0120967741935483,82.66666666666667,2026-09-06 19:13:59+00:00,-109.828566276,64.966543049,5,2,0,phisat_PHISAT-2_L1_000007339_20260906191359_20260906191407_6FF8D90C.zip
7339,6,MS6,783,-2.218685765152713,-0.0415692219794436,2.2190751507570123,0.2440978302620351,0.9144942268224684,0.9178316493928436,0.003337422570375,ok,,False,MS6,783,-2.554704179545297,-0.0598654958525912,2.5554055103994524,0.4255977612920105,0.9186652582185258,0.9219442215872516,0.0032789633687257,ok,,False,MS6,783,4096,2048,0.33601841439258395,0.018296273873147598,0.33651616372552967,True,96,T5_A2_L0,248,3,0.0120967741935483,82.66666666666667,2026-09-06 19:13:59+00:00,-109.828566276,64.966543049,5,2,0,phisat_PHISAT-2_L1_000007339_20260906191359_20260906191407_6FF8D90C.zip
7339,7,MS7,842,-1.2209228398105552,0.1144621607083991,1.2262765458921188,0.2448825748288072,0.9217549482110128,0.9236376482669468,0.001882700055934,ok,,False,MS7,842,-1.959644234453208,0.2248246846472739,1.9724988376301889,0.4246594833675772,0.9256111298637189,0.9269566618920444,0.0013455320283257,ok,,False,MS7,842,4096,2048,0.7387213946426527,-0.1103625239388748,0.746919798634997,True,96,T5_A2_L0,248,3,0.0120967741935483,82.66666666666667,2026-09-06 19:13:59+00:00,-109.828566276,64.966543049,5,2,0,phisat_PHISAT-2_L1_000007339_20260906191359_20260906191407_6FF8D90C.zip
